date,qsim_mm
1981-01-01,0.6907230615615845
1981-01-02,0.6987341046333313
1981-01-03,0.7432371377944946
1981-01-04,0.831085741519928
1981-01-05,0.9132654070854187
1981-01-06,1.0129414796829224
1981-01-07,1.258386254310608
1981-01-08,1.8198946714401245
1981-01-09,2.700831174850464
1981-01-10,2.936798334121704
1981-01-11,2.983146905899048
1981-01-12,2.720623731613159
1981-01-13,2.443336248397827
1981-01-14,2.238128900527954
1981-01-15,2.0728347301483154
1981-01-16,1.938614010810852
1981-01-17,1.8207149505615234
1981-01-18,1.7160810232162476
1981-01-19,1.6231374740600586
1981-01-20,1.540647268295288
1981-01-21,1.4671094417572021
1981-01-22,1.4208186864852905
1981-01-23,1.4510313272476196
1981-01-24,1.5881503820419312
1981-01-25,1.7677063941955566
1981-01-26,1.707908034324646
1981-01-27,1.5819246768951416
1981-01-28,1.4734472036361694
1981-01-29,1.3858779668807983
1981-01-30,1.3170028924942017
1981-01-31,1.2550965547561646
1981-02-01,1.209039568901062
1981-02-02,1.2036609649658203
1981-02-03,1.2518434524536133
1981-02-04,1.3216732740402222
1981-02-05,1.2808594703674316
1981-02-06,1.2063723802566528
1981-02-07,1.1413655281066895
1981-02-08,1.0879446268081665
1981-02-09,1.044994831085205
1981-02-10,1.0059244632720947
1981-02-11,0.9699718356132507
1981-02-12,0.9368072152137756
1981-02-13,0.9061687588691711
1981-02-14,0.8778500556945801
1981-02-15,0.8516320586204529
1981-02-16,0.827282726764679
1981-02-17,0.8045981526374817
1981-02-18,0.7834014892578125
1981-02-19,0.7635477185249329
1981-02-20,0.7449173927307129
1981-02-21,0.7274073362350464
1981-02-22,0.7113062739372253
1981-02-23,0.6974550485610962
1981-02-24,0.6861606240272522
1981-02-25,0.6763291954994202
1981-02-26,0.66343754529953
1981-02-27,0.6497324109077454
1981-02-28,0.6368999481201172
1981-03-01,0.6250292062759399
1981-03-02,0.6140466332435608
1981-03-03,0.6036102771759033
1981-03-04,0.5936666131019592
1981-03-05,0.5841819643974304
1981-03-06,0.5751256942749023
1981-03-07,0.5664691925048828
1981-03-08,0.5581995844841003
1981-03-09,0.5503241419792175
1981-03-10,0.5428332090377808
1981-03-11,0.5356751680374146
1981-03-12,0.5286816954612732
1981-03-13,0.5219099521636963
1981-03-14,0.5154051184654236
1981-03-15,0.5091578960418701
1981-03-16,0.5031535029411316
1981-03-17,0.4973680377006531
1981-03-18,0.4917892813682556
1981-03-19,0.48640644550323486
1981-03-20,0.4812094569206238
1981-03-21,0.476188987493515
1981-03-22,0.4713362455368042
1981-03-23,0.4666430652141571
1981-03-24,0.4621018171310425
1981-03-25,0.4577053487300873
1981-03-26,0.4534468948841095
1981-03-27,0.4493202269077301
1981-03-28,0.44531935453414917
1981-03-29,0.4414387047290802
1981-03-30,0.43767309188842773
1981-03-31,0.43401750922203064
1981-04-01,0.43046730756759644
1981-04-02,0.42701810598373413
1981-04-03,0.42366573214530945
1981-04-04,0.4204062521457672
1981-04-05,0.41723594069480896
1981-04-06,0.41415128111839294
1981-04-07,0.41114896535873413
1981-04-08,0.40822580456733704
1981-04-09,0.4053787589073181
1981-04-10,0.4026050269603729
1981-04-11,0.3999018669128418
1981-04-12,0.3972667455673218
1981-04-13,0.3946971297264099
1981-04-14,0.3922073245048523
1981-04-15,0.3898340165615082
1981-04-16,0.38758817315101624
1981-04-17,0.3854592740535736
1981-04-18,0.383355975151062
1981-04-19,0.38148388266563416
1981-04-20,0.37989503145217896
1981-04-21,0.3781822919845581
1981-04-22,0.3760278522968292
1981-04-23,0.3737916648387909
1981-04-24,0.37172746658325195
1981-04-25,0.36986351013183594
1981-04-26,0.3681250214576721
1981-04-27,0.36625275015830994
1981-04-28,0.36434364318847656
1981-04-29,0.36255383491516113
1981-04-30,0.3611699044704437
1981-05-01,0.3605322241783142
1981-05-02,0.37947365641593933
1981-05-03,0.46505486965179443
1981-05-04,0.6549476385116577
1981-05-05,0.9317321181297302
1981-05-06,0.9536824822425842
1981-05-07,0.8713096976280212
1981-05-08,0.804408073425293
1981-05-09,0.7621839046478271
1981-05-10,0.7426020503044128
1981-05-11,0.7293505072593689
1981-05-12,0.7313504815101624
1981-05-13,0.7533578872680664
1981-05-14,0.7843911051750183
1981-05-15,0.776313841342926
1981-05-16,0.7645264267921448
1981-05-17,0.7724796533584595
1981-05-18,0.7919467091560364
1981-05-19,0.7784064412117004
1981-05-20,0.7668088674545288
1981-05-21,0.8876124620437622
1981-05-22,1.4641250371932983
1981-05-23,3.1740753650665283
1981-05-24,5.7960429191589355
1981-05-25,5.982280254364014
1981-05-26,5.250983715057373
1981-05-27,4.161293983459473
1981-05-28,3.362260580062866
1981-05-29,2.9698619842529297
1981-05-30,3.166153907775879
1981-05-31,4.162004470825195
1981-06-01,5.388242721557617
1981-06-02,4.5142107009887695
1981-06-03,3.610914468765259
1981-06-04,2.9849438667297363
1981-06-05,2.5913407802581787
1981-06-06,2.4571831226348877
1981-06-07,2.547652244567871
1981-06-08,2.707977056503296
1981-06-09,2.4731390476226807
1981-06-10,2.187734842300415
1981-06-11,1.9607179164886475
1981-06-12,1.783806324005127
1981-06-13,1.6474945545196533
1981-06-14,1.536295771598816
1981-06-15,1.4924566745758057
1981-06-16,2.0662145614624023
1981-06-17,6.035465240478516
1981-06-18,20.237688064575195
1981-06-19,30.97882080078125
1981-06-20,16.01707649230957
1981-06-21,9.31851863861084
1981-06-22,6.572207450866699
1981-06-23,5.648641109466553
1981-06-24,5.7774338722229
1981-06-25,5.873354434967041
1981-06-26,6.5561323165893555
1981-06-27,6.321344375610352
1981-06-28,4.9407219886779785
1981-06-29,3.903660297393799
1981-06-30,3.214405059814453
1981-07-01,2.748339891433716
1981-07-02,2.4190914630889893
1981-07-03,2.164125442504883
1981-07-04,1.9603102207183838
1981-07-05,1.7938477993011475
1981-07-06,1.6555047035217285
1981-07-07,1.5628011226654053
1981-07-08,1.5701009035110474
1981-07-09,1.708414912223816
1981-07-10,1.8965932130813599
1981-07-11,1.8017809391021729
1981-07-12,1.6385436058044434
1981-07-13,1.5030797719955444
1981-07-14,1.3970754146575928
1981-07-15,1.31623375415802
1981-07-16,1.2459813356399536
1981-07-17,1.1839280128479004
1981-07-18,1.1287413835525513
1981-07-19,1.0793571472167969
1981-07-20,1.034910798072815
1981-07-21,0.9946979284286499
1981-07-22,0.9581412076950073
1981-07-23,0.9247626066207886
1981-07-24,0.8941634893417358
1981-07-25,0.8660088777542114
1981-07-26,0.840015709400177
1981-07-27,0.8159516453742981
1981-07-28,0.793631911277771
1981-07-29,0.7728872299194336
1981-07-30,0.7535384297370911
1981-07-31,0.735348641872406
1981-08-01,0.7182560563087463
1981-08-02,0.702197253704071
1981-08-03,0.687084436416626
1981-08-04,0.6728365421295166
1981-08-05,0.6593756079673767
1981-08-06,0.6466375589370728
1981-08-07,0.6345654726028442
1981-08-08,0.6231082677841187
1981-08-09,0.6122227907180786
1981-08-10,0.6018739342689514
1981-08-11,0.5920267701148987
1981-08-12,0.5826403498649597
1981-08-13,0.5736523270606995
1981-08-14,0.5650503635406494
1981-08-15,0.5568214058876038
1981-08-16,0.5489429831504822
1981-08-17,0.5413932800292969
1981-08-18,0.5341501235961914
1981-08-19,0.527195155620575
1981-08-20,0.5205115675926208
1981-08-21,0.5140838623046875
1981-08-22,0.5079647898674011
1981-08-23,0.5023019313812256
1981-08-24,0.4974599778652191
1981-08-25,0.4948655366897583
1981-08-26,0.4960312843322754
1981-08-27,0.5013943910598755
1981-08-28,0.505487322807312
1981-08-29,0.5125758051872253
1981-08-30,0.5606237053871155
1981-08-31,0.6741605997085571
1981-09-01,0.8298385739326477
1981-09-02,0.8364118933677673
1981-09-03,0.7949763536453247
1981-09-04,0.8330944180488586
1981-09-05,1.1703532934188843
1981-09-06,2.408806800842285
1981-09-07,5.254373073577881
1981-09-08,7.8671135902404785
1981-09-09,6.072537899017334
1981-09-10,4.545712947845459
1981-09-11,3.584237575531006
1981-09-12,2.974275827407837
1981-09-13,2.5847535133361816
1981-09-14,2.292008876800537
1981-09-15,2.062167167663574
1981-09-16,1.918588638305664
1981-09-17,1.9516844749450684
1981-09-18,2.220017910003662
1981-09-19,2.5744917392730713
1981-09-20,2.3930840492248535
1981-09-21,2.112074851989746
1981-09-22,1.8876978158950806
1981-09-23,1.7170518636703491
1981-09-24,1.5905650854110718
1981-09-25,1.483957290649414
1981-09-26,1.3922861814498901
1981-09-27,1.312664270401001
1981-09-28,1.2428878545761108
1981-09-29,1.1812528371810913
1981-09-30,1.1264228820800781
1981-10-01,1.0773348808288574
1981-10-02,1.0331330299377441
1981-10-03,0.9931218028068542
1981-10-04,0.9567314386367798
1981-10-05,0.9234911203384399
1981-10-06,0.8930084109306335
1981-10-07,0.8649530410766602
1981-10-08,0.8393616676330566
1981-10-09,0.816764235496521
1981-10-10,0.7972705960273743
1981-10-11,0.7797945737838745
1981-10-12,0.7605040669441223
1981-10-13,0.7412574887275696
1981-10-14,0.7233407497406006
1981-10-15,0.7067511081695557
1981-10-16,0.6913700699806213
1981-10-17,0.6768821477890015
1981-10-18,0.6633741855621338
1981-10-19,0.6512010097503662
1981-10-20,0.6404728293418884
1981-10-21,0.6306750178337097
1981-10-22,0.6197192072868347
1981-10-23,0.6091189384460449
1981-10-24,0.6008740067481995
1981-10-25,0.595507800579071
1981-10-26,0.5916652083396912
1981-10-27,0.5831398367881775
1981-10-28,0.5729342103004456
1981-10-29,0.5634346604347229
1981-10-30,0.5548126101493835
1981-10-31,0.5472524166107178
1981-11-01,0.5413182377815247
1981-11-02,0.5382035970687866
1981-11-03,0.5376619100570679
1981-11-04,0.5356334447860718
1981-11-05,0.5286612510681152
1981-11-06,0.5203885436058044
1981-11-07,0.512907862663269
1981-11-08,0.5063499808311462
1981-11-09,0.5004299879074097
1981-11-10,0.4947436451911926
1981-11-11,0.48925846815109253
1981-11-12,0.4839641749858856
1981-11-13,0.47885119915008545
1981-11-14,0.47391045093536377
1981-11-15,0.4691334366798401
1981-11-16,0.46451228857040405
1981-11-17,0.4600396156311035
1981-11-18,0.45570841431617737
1981-11-19,0.4515121877193451
1981-11-20,0.4474448263645172
1981-11-21,0.4435006380081177
1981-11-22,0.43967416882514954
1981-11-23,0.4359603524208069
1981-11-24,0.4323543608188629
1981-11-25,0.4288516938686371
1981-11-26,0.4254480302333832
1981-11-27,0.42213931679725647
1981-11-28,0.4189217686653137
1981-11-29,0.41579172015190125
1981-11-30,0.41274574398994446
1981-12-01,0.4097805917263031
1981-12-02,0.40689319372177124
1981-12-03,0.4040805697441101
1981-12-04,0.40133997797966003
1981-12-05,0.3986687660217285
1981-12-06,0.3960643708705902
1981-12-07,0.3935244381427765
1981-12-08,0.3910467028617859
1981-12-09,0.38862892985343933
1981-12-10,0.38626906275749207
1981-12-11,0.3839651346206665
1981-12-12,0.3817152678966522
1981-12-13,0.3795176148414612
1981-12-14,0.3773704767227173
1981-12-15,0.3752722144126892
1981-12-16,0.373221218585968
1981-12-17,0.3712159991264343
1981-12-18,0.36925509572029114
1981-12-19,0.3673371374607086
1981-12-20,0.3654607832431793
1981-12-21,0.3636247515678406
1981-12-22,0.3618278503417969
1981-12-23,0.3600688874721527
1981-12-24,0.35834670066833496
1981-12-25,0.35666027665138245
1981-12-26,0.3550085425376892
1981-12-27,0.35339048504829407
1981-12-28,0.3518051505088806
1981-12-29,0.35025161504745483
1981-12-30,0.3487289845943451
1981-12-31,0.34723642468452454
1982-01-01,0.3457730710506439
1982-01-02,0.34433814883232117
1982-01-03,0.3429309129714966
1982-01-04,0.3415505588054657
1982-01-05,0.340196430683136
1982-01-06,0.33886784315109253
1982-01-07,0.337564080953598
1982-01-08,0.3362845480442047
1982-01-09,0.33502858877182007
1982-01-10,0.3337956368923187
1982-01-11,0.33258509635925293
1982-01-12,0.3313964307308197
1982-01-13,0.3302290439605713
1982-01-14,0.3290824592113495
1982-01-15,0.3279561698436737
1982-01-16,0.32684966921806335
1982-01-17,0.32576248049736023
1982-01-18,0.3246941566467285
1982-01-19,0.3236442506313324
1982-01-20,0.32261231541633606
1982-01-21,0.3215979337692261
1982-01-22,0.3206007480621338
1982-01-23,0.3196203112602234
1982-01-24,0.3186562657356262
1982-01-25,0.31770822405815125
1982-01-26,0.3167758584022522
1982-01-27,0.31585878133773804
1982-01-28,0.3149566948413849
1982-01-29,0.3140692412853241
1982-01-30,0.31319674849510193
1982-01-31,0.31234025955200195
1982-02-01,0.3114999234676361
1982-02-02,0.3106742203235626
1982-02-03,0.30985572934150696
1982-02-04,0.30904749035835266
1982-02-05,0.30825236439704895
1982-02-06,0.3074704110622406
1982-02-07,0.3067012429237366
1982-02-08,0.30594396591186523
1982-02-09,0.3051983118057251
1982-02-10,0.3044639825820923
1982-02-11,0.30374079942703247
1982-02-12,0.30302852392196655
1982-02-13,0.3023269474506378
1982-02-14,0.30163586139678955
1982-02-15,0.30095505714416504
1982-02-16,0.30028432607650757
1982-02-17,0.2996234595775604
1982-02-18,0.29897230863571167
1982-02-19,0.2983306348323822
1982-02-20,0.29769831895828247
1982-02-21,0.29707515239715576
1982-02-22,0.29646095633506775
1982-02-23,0.2958555817604065
1982-02-24,0.29525884985923767
1982-02-25,0.29505690932273865
1982-02-26,0.29619133472442627
1982-02-27,0.299044668674469
1982-02-28,0.30290481448173523
1982-03-01,0.30352067947387695
1982-03-02,0.30324187874794006
1982-03-03,0.30462566018104553
1982-03-04,0.3073894679546356
1982-03-05,0.30688685178756714
1982-03-06,0.3047903776168823
1982-03-07,0.3030379116535187
1982-03-08,0.3018317222595215
1982-03-09,0.3011229634284973
1982-03-10,0.30045047402381897
1982-03-11,0.2997877597808838
1982-03-12,0.29913458228111267
1982-03-13,0.2984907627105713
1982-03-14,0.2978561520576477
1982-03-15,0.29723069071769714
1982-03-16,0.29661422967910767
1982-03-17,0.29600661993026733
1982-03-18,0.2954076826572418
1982-03-19,0.2948172986507416
1982-03-20,0.2942352890968323
1982-03-21,0.293661504983902
1982-03-22,0.293144553899765
1982-03-23,0.29279592633247375
1982-03-24,0.2926463782787323
1982-03-25,0.29260048270225525
1982-03-26,0.2921141982078552
1982-03-27,0.2915046215057373
1982-03-28,0.29103711247444153
1982-03-29,0.29069069027900696
1982-03-30,0.2901827096939087
1982-03-31,0.2895834445953369
1982-04-01,0.2890114486217499
1982-04-02,0.2884790897369385
1982-04-03,0.2879832088947296
1982-04-04,0.28749558329582214
1982-04-05,0.28701451420783997
1982-04-06,0.28653988242149353
1982-04-07,0.28607332706451416
1982-04-08,0.28561875224113464
1982-04-09,0.2851770520210266
1982-04-10,0.2847447991371155
1982-04-11,0.28430163860321045
1982-04-12,0.2838568687438965
1982-04-13,0.28341934084892273
1982-04-14,0.28298985958099365
1982-04-15,0.2825681269168854
1982-04-16,0.2821519672870636
1982-04-17,0.281741201877594
1982-04-18,0.2813374996185303
1982-04-19,0.2809487581253052
1982-04-20,0.28058457374572754
1982-04-21,0.28089556097984314
1982-04-22,0.28353363275527954
1982-04-23,0.2905258238315582
1982-04-24,0.30360978841781616
1982-04-25,0.31561586260795593
1982-04-26,0.3255079388618469
1982-04-27,0.3232364356517792
1982-04-28,0.31824755668640137
1982-04-29,0.320338636636734
1982-04-30,0.3391343951225281
1982-05-01,0.39358052611351013
1982-05-02,0.4830389618873596
1982-05-03,0.6198418140411377
1982-05-04,0.690909743309021
1982-05-05,0.727095365524292
1982-05-06,0.7030463814735413
1982-05-07,0.6683834195137024
1982-05-08,0.6552110314369202
1982-05-09,0.6529781222343445
1982-05-10,0.6436381340026855
1982-05-11,0.6295965313911438
1982-05-12,0.6374112963676453
1982-05-13,0.7214347124099731
1982-05-14,0.924496054649353
1982-05-15,1.250212550163269
1982-05-16,1.4734439849853516
1982-05-17,2.00207257270813
1982-05-18,3.2220828533172607
1982-05-19,4.38915491104126
1982-05-20,5.376360893249512
1982-05-21,4.9273457527160645
1982-05-22,3.9724388122558594
1982-05-23,3.250300407409668
1982-05-24,2.755162477493286
1982-05-25,2.4139864444732666
1982-05-26,2.1595230102539062
1982-05-27,1.9566245079040527
1982-05-28,1.7908532619476318
1982-05-29,1.6558606624603271
1982-05-30,1.5518945455551147
1982-05-31,1.476786494255066
1982-06-01,1.4174809455871582
1982-06-02,1.3405401706695557
1982-06-03,1.2642595767974854
1982-06-04,1.1974714994430542
1982-06-05,1.1394224166870117
1982-06-06,1.0888621807098389
1982-06-07,1.0434911251068115
1982-06-08,1.0024930238723755
1982-06-09,0.9652525782585144
1982-06-10,0.9312721490859985
1982-06-11,0.9002293944358826
1982-06-12,0.8719916939735413
1982-06-13,0.84635329246521
1982-06-14,0.8228083252906799
1982-06-15,0.8001376986503601
1982-06-16,0.778712809085846
1982-06-17,0.7587552070617676
1982-06-18,0.7401533722877502
1982-06-19,0.7227792143821716
1982-06-20,0.7064645290374756
1982-06-21,0.6911117434501648
1982-06-22,0.6766378879547119
1982-06-23,0.662969172000885
1982-06-24,0.6500400900840759
1982-06-25,0.6377918124198914
1982-06-26,0.626171886920929
1982-06-27,0.6151329278945923
1982-06-28,0.6046323776245117
1982-06-29,0.5946331024169922
1982-06-30,0.5851038098335266
1982-07-01,0.5760140419006348
1982-07-02,0.5673312544822693
1982-07-03,0.5590118765830994
1982-07-04,0.551040530204773
1982-07-05,0.5434019565582275
1982-07-06,0.536076545715332
1982-07-07,0.5290454030036926
1982-07-08,0.5222901105880737
1982-07-09,0.5157947540283203
1982-07-10,0.5095447301864624
1982-07-11,0.5035264492034912
1982-07-12,0.49772724509239197
1982-07-13,0.49213558435440063
1982-07-14,0.48674049973487854
1982-07-15,0.4815319776535034
1982-07-16,0.476500540971756
1982-07-17,0.47163742780685425
1982-07-18,0.46693453192710876
1982-07-19,0.4623841345310211
1982-07-20,0.4579790234565735
1982-07-21,0.4537121057510376
1982-07-22,0.4495771825313568
1982-07-23,0.4455684721469879
1982-07-24,0.441680371761322
1982-07-25,0.4379076063632965
1982-07-26,0.434245228767395
1982-07-27,0.4306885004043579
1982-07-28,0.4272330403327942
1982-07-29,0.4238746464252472
1982-07-30,0.42060941457748413
1982-07-31,0.41743358969688416
1982-08-01,0.4143436551094055
1982-08-02,0.411336213350296
1982-08-03,0.40840813517570496
1982-08-04,0.4055563807487488
1982-08-05,0.40277808904647827
1982-08-06,0.40007057785987854
1982-08-07,0.3974311947822571
1982-08-08,0.3948575258255005
1982-08-09,0.3923472464084625
1982-08-10,0.38989806175231934
1982-08-11,0.3875078856945038
1982-08-12,0.3851746618747711
1982-08-13,0.3828964829444885
1982-08-14,0.3806714713573456
1982-08-15,0.3784978687763214
1982-08-16,0.3763740062713623
1982-08-17,0.37429824471473694
1982-08-18,0.37226903438568115
1982-08-19,0.37028491497039795
1982-08-20,0.3683444559574127
1982-08-21,0.366451621055603
1982-08-22,0.3646175265312195
1982-08-23,0.36284488439559937
1982-08-24,0.36112120747566223
1982-08-25,0.3593830466270447
1982-08-26,0.35767707228660583
1982-08-27,0.35607200860977173
1982-08-28,0.35458311438560486
1982-08-29,0.3531697690486908
1982-08-30,0.3516092002391815
1982-08-31,0.3500015139579773
1982-09-01,0.34843912720680237
1982-09-02,0.34693020582199097
1982-09-03,0.3455069661140442
1982-09-04,0.3452136814594269
1982-09-05,0.34921079874038696
1982-09-06,0.36019769310951233
1982-09-07,0.37937554717063904
1982-09-08,0.4002036452293396
1982-09-09,0.42081984877586365
1982-09-10,0.4452172517776489
1982-09-11,0.44226163625717163
1982-09-12,0.4288015365600586
1982-09-13,0.42897382378578186
1982-09-14,0.46869510412216187
1982-09-15,0.5626770853996277
1982-09-16,0.6896256804466248
1982-09-17,0.6973119974136353
1982-09-18,0.6549966931343079
1982-09-19,0.6205285787582397
1982-09-20,0.5987221598625183
1982-09-21,0.5958381295204163
1982-09-22,0.6194698214530945
1982-09-23,0.6787377595901489
1982-09-24,0.7565955519676208
1982-09-25,0.7539588809013367
1982-09-26,0.7194454669952393
1982-09-27,0.6902443170547485
1982-09-28,0.6692243218421936
1982-09-29,0.6556954383850098
1982-09-30,0.6432034373283386
1982-10-01,0.6313416957855225
1982-10-02,0.6200680732727051
1982-10-03,0.609342634677887
1982-10-04,0.5991281867027283
1982-10-05,0.5893905162811279
1982-10-06,0.5800979137420654
1982-10-07,0.5825730562210083
1982-10-08,0.6346466541290283
1982-10-09,0.7814881801605225
1982-10-10,1.069246530532837
1982-10-11,1.4249420166015625
1982-10-12,1.894632339477539
1982-10-13,2.5402815341949463
1982-10-14,2.551710844039917
1982-10-15,2.5463736057281494
1982-10-16,2.63041353225708
1982-10-17,2.388507604598999
1982-10-18,2.1245229244232178
1982-10-19,1.9131605625152588
1982-10-20,1.7478601932525635
1982-10-21,1.6200312376022339
1982-10-22,1.5116281509399414
1982-10-23,1.41814124584198
1982-10-24,1.3367465734481812
1982-10-25,1.2652785778045654
1982-10-26,1.2020479440689087
1982-10-27,1.1457183361053467
1982-10-28,1.095225214958191
1982-10-29,1.0497127771377563
1982-10-30,1.0084834098815918
1982-10-31,0.9709657430648804
1982-11-01,0.936687171459198
1982-11-02,0.9052515029907227
1982-11-03,0.8763247132301331
1982-11-04,0.849622905254364
1982-11-05,0.8249036073684692
1982-11-06,0.8019578456878662
1982-11-07,0.7806025147438049
1982-11-08,0.7606764435768127
1982-11-09,0.7420392632484436
1982-11-10,0.7245692610740662
1982-11-11,0.7081601619720459
1982-11-12,0.6927183270454407
1982-11-13,0.6781607270240784
1982-11-14,0.6644136905670166
1982-11-15,0.6514113545417786
1982-11-16,0.639094889163971
1982-11-17,0.6274113059043884
1982-11-18,0.6163130402565002
1982-11-19,0.6057569980621338
1982-11-20,0.5957044959068298
1982-11-21,0.5861201882362366
1982-11-22,0.5769721865653992
1982-11-23,0.5682314038276672
1982-11-24,0.5598711967468262
1982-11-25,0.5521144270896912
1982-11-26,0.5455818772315979
1982-11-27,0.5406016111373901
1982-11-28,0.5365871787071228
1982-11-29,0.5304787158966064
1982-11-30,0.5232088565826416
1982-12-01,0.5164190530776978
1982-12-02,0.5104987025260925
1982-12-03,0.5052422285079956
1982-12-04,0.4994993209838867
1982-12-05,0.49364715814590454
1982-12-06,0.4880453944206238
1982-12-07,0.48271575570106506
1982-12-08,0.4776410758495331
1982-12-09,0.4760063886642456
1982-12-10,0.4870396852493286
1982-12-11,0.5176149606704712
1982-12-12,0.5623512268066406
1982-12-13,0.576409101486206
1982-12-14,0.5622677803039551
1982-12-15,0.5447989702224731
1982-12-16,0.531558096408844
1982-12-17,0.5231450796127319
1982-12-18,0.5165490508079529
1982-12-19,0.5103117227554321
1982-12-20,0.5043462514877319
1982-12-21,0.49858608841896057
1982-12-22,0.4930199384689331
1982-12-23,0.48763972520828247
1982-12-24,0.4824373424053192
1982-12-25,0.4774048626422882
1982-12-26,0.47253507375717163
1982-12-27,0.4678218364715576
1982-12-28,0.46325966715812683
1982-12-29,0.4588426351547241
1982-12-30,0.454563170671463
1982-12-31,0.4508398175239563
1983-01-01,0.4486795961856842
1983-01-02,0.44845134019851685
1983-01-03,0.44917604327201843
1983-01-04,0.44580063223838806
1983-01-05,0.44073671102523804
1983-01-06,0.4361935555934906
1983-01-07,0.43261170387268066
1983-01-08,0.430033802986145
1983-01-09,0.42778730392456055
1983-01-10,0.42456939816474915
1983-01-11,0.42098477482795715
1983-01-12,0.4175660312175751
1983-01-13,0.41435879468917847
1983-01-14,0.41134846210479736
1983-01-15,0.4089783728122711
1983-01-16,0.40855270624160767
1983-01-17,0.4105370044708252
1983-01-18,0.41370633244514465
1983-01-19,0.41187360882759094
1983-01-20,0.4091475307941437
1983-01-21,0.40866267681121826
1983-01-22,0.409751832485199
1983-01-23,0.40739309787750244
1983-01-24,0.403352290391922
1983-01-25,0.39969000220298767
1983-01-26,0.3965974450111389
1983-01-27,0.394026517868042
1983-01-28,0.39154136180877686
1983-01-29,0.3891155421733856
1983-01-30,0.38674724102020264
1983-01-31,0.3844344913959503
1983-02-01,0.3821755051612854
1983-02-02,0.379968523979187
1983-02-03,0.3778698444366455
1983-02-04,0.37601351737976074
1983-02-05,0.3744428753852844
1983-02-06,0.3730317950248718
1983-02-07,0.3710997998714447
1983-02-08,0.36896514892578125
1983-02-09,0.3669174909591675
1983-02-10,0.36498311161994934
1983-02-11,0.3631541132926941
1983-02-12,0.3613673746585846
1983-02-13,0.3596181869506836
1983-02-14,0.3579055070877075
1983-02-15,0.3562282919883728
1983-02-16,0.3545854389667511
1983-02-17,0.3529760241508484
1983-02-18,0.35139909386634827
1983-02-19,0.3498536944389343
1983-02-20,0.3483389616012573
1983-02-21,0.3468540906906128
1983-02-22,0.3453981876373291
1983-02-23,0.34397053718566895
1983-02-24,0.34257033467292786
1983-02-25,0.3412119448184967
1983-02-26,0.3399433195590973
1983-02-27,0.33880615234375
1983-02-28,0.33777835965156555
1983-03-01,0.3366546332836151
1983-03-02,0.33535751700401306
1983-03-03,0.3340373933315277
1983-03-04,0.33277037739753723
1983-03-05,0.33156079053878784
1983-03-06,0.3303896188735962
1983-03-07,0.32924020290374756
1983-03-08,0.32811111211776733
1983-03-09,0.3270018994808197
1983-03-10,0.3259201943874359
1983-03-11,0.3248842656612396
1983-03-12,0.32389935851097107
1983-03-13,0.3232971131801605
1983-03-14,0.32378923892974854
1983-03-15,0.3256669044494629
1983-03-16,0.3282681107521057
1983-03-17,0.327494740486145
1983-03-18,0.3252496123313904
1983-03-19,0.32330888509750366
1983-03-20,0.3218483328819275
1983-03-21,0.32082489132881165
1983-03-22,0.31984075903892517
1983-03-23,0.3188730776309967
1983-03-24,0.3179214596748352
1983-03-25,0.3169856071472168
1983-03-26,0.31606510281562805
1983-03-27,0.3151596486568451
1983-03-28,0.31426891684532166
1983-03-29,0.3133925795555115
1983-03-30,0.3125303387641907
1983-03-31,0.311681866645813
1983-04-01,0.31084689497947693
1983-04-02,0.3100251257419586
1983-04-03,0.3092162609100342
1983-04-04,0.3084200620651245
1983-04-05,0.3076362609863281
1983-04-06,0.30686458945274353
1983-04-07,0.3061048090457916
1983-04-08,0.3053566813468933
1983-04-09,0.3046199679374695
1983-04-10,0.30389440059661865
1983-04-11,0.3031798303127289
1983-04-12,0.3024759888648987
1983-04-13,0.30178266763687134
1983-04-14,0.3010996878147125
1983-04-15,0.30042681097984314
1983-04-16,0.29976385831832886
1983-04-17,0.29911062121391296
1983-04-18,0.2984669804573059
1983-04-19,0.2978326678276062
1983-04-20,0.2972075641155243
1983-04-21,0.29659146070480347
1983-04-22,0.2959842085838318
1983-04-23,0.2953856289386749
1983-04-24,0.29479560256004333
1983-04-25,0.2942139208316803
1983-04-26,0.2936404347419739
1983-04-27,0.2930750548839569
1983-04-28,0.2925175726413727
1983-04-29,0.29196786880493164
1983-04-30,0.29142579436302185
1983-05-01,0.29089123010635376
1983-05-02,0.29036402702331543
1983-05-03,0.2898440659046173
1983-05-04,0.28933119773864746
1983-05-05,0.2888253629207611
1983-05-06,0.28832635283470154
1983-05-07,0.287834107875824
1983-05-08,0.28734850883483887
1983-05-09,0.286869615316391
1983-05-10,0.2863978445529938
1983-05-11,0.2859331965446472
1983-05-12,0.2854751646518707
1983-05-13,0.2850211560726166
1983-05-14,0.2845722734928131
1983-05-15,0.28412944078445435
1983-05-16,0.28369271755218506
1983-05-17,0.2832619249820709
1983-05-18,0.28283679485321045
1983-05-19,0.2824171483516693
1983-05-20,0.2820029556751251
1983-05-21,0.28159406781196594
1983-05-22,0.28121206164360046
1983-05-23,0.2811630964279175
1983-05-24,0.2826176583766937
1983-05-25,0.30713406205177307
1983-05-26,0.4249332547187805
1983-05-27,0.7485660314559937
1983-05-28,1.6116877794265747
1983-05-29,3.5338962078094482
1983-05-30,8.46168327331543
1983-05-31,16.933101654052734
1983-06-01,15.898818016052246
1983-06-02,15.803094863891602
1983-06-03,9.255205154418945
1983-06-04,6.188928604125977
1983-06-05,4.6033711433410645
1983-06-06,3.6603548526763916
1983-06-07,3.104696273803711
1983-06-08,2.7621991634368896
1983-06-09,2.5808098316192627
1983-06-10,2.4677436351776123
1983-06-11,2.236973524093628
1983-06-12,2.010856866836548
1983-06-13,1.8270299434661865
1983-06-14,1.6787097454071045
1983-06-15,1.5588736534118652
1983-06-16,1.4571201801300049
1983-06-17,1.3692476749420166
1983-06-18,1.2926020622253418
1983-06-19,1.2252399921417236
1983-06-20,1.1656153202056885
1983-06-21,1.112452745437622
1983-06-22,1.0647562742233276
1983-06-23,1.0217368602752686
1983-06-24,0.9827460646629333
1983-06-25,0.9472470879554749
1983-06-26,0.9147903323173523
1983-06-27,0.884999692440033
1983-06-28,0.8575582504272461
1983-06-29,0.8321974277496338
1983-06-30,0.8086879253387451
1983-07-01,0.7868330478668213
1983-07-02,0.7664665579795837
1983-07-03,0.747449517250061
1983-07-04,0.7306142449378967
1983-07-05,0.7181671857833862
1983-07-06,0.7109441161155701
1983-07-07,0.7062626481056213
1983-07-08,0.6927074790000916
1983-07-09,0.6761507391929626
1983-07-10,0.6616569757461548
1983-07-11,0.6512643098831177
1983-07-12,0.645561695098877
1983-07-13,0.6418177485466003
1983-07-14,0.6312994360923767
1983-07-15,0.6183885335922241
1983-07-16,0.6075757741928101
1983-07-17,0.6045137047767639
1983-07-18,0.6169267296791077
1983-07-19,0.6611172556877136
1983-07-20,0.7606802582740784
1983-07-21,0.9225118160247803
1983-07-22,1.1453222036361694
1983-07-23,1.1786354780197144
1983-07-24,1.1447604894638062
1983-07-25,1.0783543586730957
1983-07-26,1.014405369758606
1983-07-27,0.970358669757843
1983-07-28,0.9333634376525879
1983-07-29,0.9020804762840271
1983-07-30,0.8734011054039001
1983-07-31,0.8469054698944092
1983-08-01,0.8225747346878052
1983-08-02,0.8007201552391052
1983-08-03,0.781374454498291
1983-08-04,0.7637782096862793
1983-08-05,0.7454801797866821
1983-08-06,0.7282571792602539
1983-08-07,0.7136447429656982
1983-08-08,0.7014516592025757
1983-08-09,0.689262330532074
1983-08-10,0.6750274300575256
1983-08-11,0.6607354879379272
1983-08-12,0.6474277377128601
1983-08-13,0.635117769241333
1983-08-14,0.623623251914978
1983-08-15,0.6127188801765442
1983-08-16,0.6023744344711304
1983-08-17,0.5925607681274414
1983-08-18,0.5832204818725586
1983-08-19,0.5742173194885254
1983-08-20,0.5655760765075684
1983-08-21,0.5573131442070007
1983-08-22,0.5494083762168884
1983-08-23,0.5418393015861511
1983-08-24,0.5345782041549683
1983-08-25,0.5276063680648804
1983-08-26,0.5209068655967712
1983-08-27,0.5144641399383545
1983-08-28,0.5083330869674683
1983-08-29,0.5034418702125549
1983-08-30,0.5017032623291016
1983-08-31,0.5036696791648865
1983-09-01,0.5066570043563843
1983-09-02,0.5017736554145813
1983-09-03,0.4938651919364929
1983-09-04,0.48675474524497986
1983-09-05,0.48075324296951294
1983-09-06,0.4757077097892761
1983-09-07,0.4708707630634308
1983-09-08,0.4663045108318329
1983-09-09,0.4684259295463562
1983-09-10,0.49238672852516174
1983-09-11,0.5487145781517029
1983-09-12,0.661493182182312
1983-09-13,0.8477799892425537
1983-09-14,1.3285863399505615
1983-09-15,2.42618989944458
1983-09-16,3.966670274734497
1983-09-17,6.122097015380859
1983-09-18,6.734019756317139
1983-09-19,5.23762321472168
1983-09-20,4.057344913482666
1983-09-21,3.465627431869507
1983-09-22,3.7369327545166016
1983-09-23,5.161301136016846
1983-09-24,6.854506969451904
1983-09-25,5.447633743286133
1983-09-26,4.205336570739746
1983-09-27,3.3916406631469727
1983-09-28,2.85115122795105
1983-09-29,2.4952027797698975
1983-09-30,2.2242610454559326
1983-10-01,2.0096421241760254
1983-10-02,1.835468053817749
1983-10-03,1.6913280487060547
1983-10-04,1.570104956626892
1983-10-05,1.4667686223983765
1983-10-06,1.3776695728302002
1983-10-07,1.3000829219818115
1983-10-08,1.231933355331421
1983-10-09,1.1716134548187256
1983-10-10,1.130818486213684
1983-10-11,1.140790581703186
1983-10-12,1.2186506986618042
1983-10-13,1.324954628944397
1983-10-14,1.2856285572052002
1983-10-15,1.2015690803527832
1983-10-16,1.1296346187591553
1983-10-17,1.0725033283233643
1983-10-18,1.0285675525665283
1983-10-19,0.9891208410263062
1983-10-20,0.9531798362731934
1983-10-21,0.9267772436141968
1983-10-22,0.9255308508872986
1983-10-23,0.9570942521095276
1983-10-24,1.0026706457138062
1983-10-25,0.980003833770752
1983-10-26,0.934069037437439
1983-10-27,0.8939344882965088
1983-10-28,0.8613401651382446
1983-10-29,0.8355715870857239
1983-10-30,0.8119049072265625
1983-10-31,0.78989177942276
1983-11-01,0.7693650722503662
1983-11-02,0.7515888214111328
1983-11-03,0.739872395992279
1983-11-04,0.7355757355690002
1983-11-05,0.7347309589385986
1983-11-06,0.720434308052063
1983-11-07,0.7014355063438416
1983-11-08,0.6841204166412354
1983-11-09,0.6689066290855408
1983-11-10,0.6556127071380615
1983-11-11,0.6430824995040894
1983-11-12,0.6312000751495361
1983-11-13,0.619917094707489
1983-11-14,0.6091892719268799
1983-11-15,0.5989764928817749
1983-11-16,0.5892424583435059
1983-11-17,0.5799544453620911
1983-11-18,0.5710827112197876
1983-11-19,0.5625999569892883
1983-11-20,0.5544811487197876
1983-11-21,0.5467034578323364
1983-11-22,0.5392458438873291
1983-11-23,0.5323794484138489
1983-11-24,0.5267841219902039
1983-11-25,0.5227127075195312
1983-11-26,0.5194386839866638
1983-11-27,0.5135111808776855
1983-11-28,0.506608247756958
1983-11-29,0.5001214742660522
1983-11-30,0.49415823817253113
1983-12-01,0.4886786639690399
1983-12-02,0.48340412974357605
1983-12-03,0.47830986976623535
1983-12-04,0.47338688373565674
1983-12-05,0.46862682700157166
1983-12-06,0.46402183175086975
1983-12-07,0.45956453680992126
1983-12-08,0.455248087644577
1983-12-09,0.4510659873485565
1983-12-10,0.44701218605041504
1983-12-11,0.44308096170425415
1983-12-12,0.4392668902873993
1983-12-13,0.43556496500968933
1983-12-14,0.43197035789489746
1983-12-15,0.4285595118999481
1983-12-16,0.42551979422569275
1983-12-17,0.42291468381881714
1983-12-18,0.4205572307109833
1983-12-19,0.41749051213264465
1983-12-20,0.4141664206981659
1983-12-21,0.41098374128341675
1983-12-22,0.40797585248947144
1983-12-23,0.40513086318969727
1983-12-24,0.4023635983467102
1983-12-25,0.3996666371822357
1983-12-26,0.39703744649887085
1983-12-27,0.3944735825061798
1983-12-28,0.39197275042533875
1983-12-29,0.3895326852798462
1983-12-30,0.387151300907135
1983-12-31,0.38482657074928284
1984-01-01,0.38255658745765686
1984-01-02,0.38033950328826904
1984-01-03,0.37834587693214417
1984-01-04,0.381541907787323
1984-01-05,0.40101030468940735
1984-01-06,0.44129666686058044
1984-01-07,0.4913313388824463
1984-01-08,0.49269959330558777
1984-01-09,0.4735007584095001
1984-01-10,0.4580948054790497
1984-01-11,0.44865018129348755
1984-01-12,0.4444745182991028
1984-01-13,0.44068124890327454
1984-01-14,0.4369930624961853
1984-01-15,0.4334050714969635
1984-01-16,0.4299130439758301
1984-01-17,0.42651399970054626
1984-01-18,0.4232056140899658
1984-01-19,0.42008087038993835
1984-01-20,0.41781938076019287
1984-01-21,0.41758400201797485
1984-01-22,0.4195516109466553
1984-01-23,0.421584814786911
1984-01-24,0.4187661111354828
1984-01-25,0.4141373634338379
1984-01-26,0.41002893447875977
1984-01-27,0.4066399037837982
1984-01-28,0.4038234055042267
1984-01-29,0.4011020362377167
1984-01-30,0.39974623918533325
1984-01-31,0.40283071994781494
1984-02-01,0.41149449348449707
1984-02-02,0.42294561862945557
1984-02-03,0.42149364948272705
1984-02-04,0.4144954979419708
1984-02-05,0.4085397720336914
1984-02-06,0.4042324125766754
1984-02-07,0.4014291763305664
1984-02-08,0.39876890182495117
1984-02-09,0.3961730897426605
1984-02-10,0.393639475107193
1984-02-11,0.39116573333740234
1984-02-12,0.38875001668930054
1984-02-13,0.38639071583747864
1984-02-14,0.38408634066581726
1984-02-15,0.381835401058197
1984-02-16,0.37963631749153137
1984-02-17,0.377487450838089
1984-02-18,0.3753872215747833
1984-02-19,0.373334139585495
1984-02-20,0.371326744556427
1984-02-21,0.3693636357784271
1984-02-22,0.3674435019493103
1984-02-23,0.3655650317668915
1984-02-24,0.36372697353363037
1984-02-25,0.3619280457496643
1984-02-26,0.3602113425731659
1984-02-27,0.3586790859699249
1984-02-28,0.35736340284347534
1984-02-29,0.3561694920063019
1984-03-01,0.3545772135257721
1984-03-02,0.3528292179107666
1984-03-03,0.3511483371257782
1984-03-04,0.34955522418022156
1984-03-05,0.3480437397956848
1984-03-06,0.3465646505355835
1984-03-07,0.34511443972587585
1984-03-08,0.34369227290153503
1984-03-09,0.34229743480682373
1984-03-10,0.34092915058135986
1984-03-11,0.3395867943763733
1984-03-12,0.3382696211338043
1984-03-13,0.3369770050048828
1984-03-14,0.33570829033851624
1984-03-15,0.3344629108905792
1984-03-16,0.333240270614624
1984-03-17,0.3320397734642029
1984-03-18,0.3308608829975128
1984-03-19,0.32970306277275085
1984-03-20,0.3285658061504364
1984-03-21,0.32744860649108887
1984-03-22,0.32635098695755005
1984-03-23,0.32527247071266174
1984-03-24,0.32421258091926575
1984-03-25,0.323170930147171
1984-03-26,0.32214707136154175
1984-03-27,0.3211406171321869
1984-03-28,0.32015109062194824
1984-03-29,0.31917819380760193
1984-03-30,0.3182215094566345
1984-03-31,0.317280650138855
1984-04-01,0.31635531783103943
1984-04-02,0.3154451251029968
1984-04-03,0.3145497739315033
1984-04-04,0.3136689066886902
1984-04-05,0.3128022253513336
1984-04-06,0.31194940209388733
1984-04-07,0.3111101984977722
1984-04-08,0.31028425693511963
1984-04-09,0.30947133898735046
1984-04-10,0.30867114663124084
1984-04-11,0.30788344144821167
1984-04-12,0.30710795521736145
1984-04-13,0.3063444495201111
1984-04-14,0.3055926263332367
1984-04-15,0.30485233664512634
1984-04-16,0.30412325263023376
1984-04-17,0.303405225276947
1984-04-18,0.3026979863643646
1984-04-19,0.30200135707855225
1984-04-20,0.3013151288032532
1984-04-21,0.3006390631198883
1984-04-22,0.2999729812145233
1984-04-23,0.2993167042732239
1984-04-24,0.2986700236797333
1984-04-25,0.2980327904224396
1984-04-26,0.29740476608276367
1984-04-27,0.296785831451416
1984-04-28,0.2961758077144623
1984-04-29,0.29557448625564575
1984-04-30,0.29498177766799927
1984-05-01,0.2943974435329437
1984-05-02,0.29382139444351196
1984-05-03,0.29325345158576965
1984-05-04,0.29269346594810486
1984-05-05,0.292141318321228
1984-05-06,0.29159682989120483
1984-05-07,0.2910599112510681
1984-05-08,0.2915339469909668
1984-05-09,0.2953251898288727
1984-05-10,0.3031272888183594
1984-05-11,0.31414756178855896
1984-05-12,0.3190321624279022
1984-05-13,0.3240731954574585
1984-05-14,0.33232972025871277
1984-05-15,0.3324001729488373
1984-05-16,0.3342277407646179
1984-05-17,0.3485541045665741
1984-05-18,0.38359498977661133
1984-05-19,0.4275338351726532
1984-05-20,0.47481611371040344
1984-05-21,0.4898991584777832
1984-05-22,0.4822392165660858
1984-05-23,0.4762765169143677
1984-05-24,0.4684832990169525
1984-05-25,0.47034981846809387
1984-05-26,0.4856514632701874
1984-05-27,0.5116741061210632
1984-05-28,0.5269162654876709
1984-05-29,0.554797887802124
1984-05-30,0.6137806177139282
1984-05-31,0.6623138785362244
1984-06-01,0.7103309631347656
1984-06-02,0.6991180777549744
1984-06-03,0.6672320365905762
1984-06-04,0.6467596888542175
1984-06-05,0.6494539380073547
1984-06-06,0.6908267736434937
1984-06-07,0.7646904587745667
1984-06-08,0.8137031197547913
1984-06-09,0.7951232194900513
1984-06-10,0.7607950568199158
1984-06-11,0.7486513257026672
1984-06-12,0.7901699542999268
1984-06-13,0.9145845174789429
1984-06-14,1.0899717807769775
1984-06-15,1.2027910947799683
1984-06-16,1.1590394973754883
1984-06-17,1.0779662132263184
1984-06-18,1.0140588283538818
1984-06-19,0.9681087136268616
1984-06-20,0.9336985349655151
1984-06-21,0.9024987816810608
1984-06-22,0.8737691044807434
1984-06-23,0.8472381830215454
1984-06-24,0.8226677775382996
1984-06-25,0.7998518943786621
1984-06-26,0.7786116600036621
1984-06-27,0.758790910243988
1984-06-28,0.740252673625946
1984-06-29,0.7228764891624451
1984-06-30,0.7132498621940613
1984-07-01,0.7278764247894287
1984-07-02,0.7752817869186401
1984-07-03,0.8382245898246765
1984-07-04,0.8287187814712524
1984-07-05,0.7919428944587708
1984-07-06,0.7603124380111694
1984-07-07,0.7361284494400024
1984-07-08,0.718730628490448
1984-07-09,0.702663004398346
1984-07-10,0.6875339150428772
1984-07-11,0.6732645630836487
1984-07-12,0.6598571538925171
1984-07-13,0.6474239230155945
1984-07-14,0.6360406875610352
1984-07-15,0.6277239918708801
1984-07-16,0.6267692446708679
1984-07-17,0.6356524229049683
1984-07-18,0.648531436920166
1984-07-19,0.6400530338287354
1984-07-20,0.623441755771637
1984-07-21,0.6087096929550171
1984-07-22,0.5966189503669739
1984-07-23,0.5868969559669495
1984-07-24,0.5777143836021423
1984-07-25,0.5689417123794556
1984-07-26,0.5605523586273193
1984-07-27,0.5525208115577698
1984-07-28,0.544824481010437
1984-07-29,0.5395108461380005
1984-07-30,0.543318510055542
1984-07-31,0.5627332329750061
1984-08-01,0.5949642062187195
1984-08-02,0.6098222732543945
1984-08-03,0.5977213978767395
1984-08-04,0.579754650592804
1984-08-05,0.5654991865158081
1984-08-06,0.5554599165916443
1984-08-07,0.5475590825080872
1984-08-08,0.5400700569152832
1984-08-09,0.5328845977783203
1984-08-10,0.5259830951690674
1984-08-11,0.5193488597869873
1984-08-12,0.5129664540290833
1984-08-13,0.5068221688270569
1984-08-14,0.5009034872055054
1984-08-15,0.495198518037796
1984-08-16,0.48969608545303345
1984-08-17,0.4843856990337372
1984-08-18,0.4796140491962433
1984-08-19,0.476223349571228
1984-08-20,0.4745241403579712
1984-08-21,0.4736696779727936
1984-08-22,0.4702703654766083
1984-08-23,0.46838223934173584
1984-08-24,0.47052112221717834
1984-08-25,0.474881649017334
1984-08-26,0.4713105261325836
1984-08-27,0.46431785821914673
1984-08-28,0.4580608308315277
1984-08-29,0.4529021680355072
1984-08-30,0.4487473666667938
1984-08-31,0.4447639584541321
1984-09-01,0.4408998191356659
1984-09-02,0.43714994192123413
1984-09-03,0.4694036841392517
1984-09-04,0.6362805366516113
1984-09-05,1.0585144758224487
1984-09-06,1.7357499599456787
1984-09-07,1.7587039470672607
1984-09-08,1.5599780082702637
1984-09-09,1.3971267938613892
1984-09-10,1.2847580909729004
1984-09-11,1.2180265188217163
1984-09-12,1.1601895093917847
1984-09-13,1.108266830444336
1984-09-14,1.127661108970642
1984-09-15,1.4067912101745605
1984-09-16,2.182777166366577
1984-09-17,3.3138139247894287
1984-09-18,3.0951035022735596
1984-09-19,2.6238043308258057
1984-09-20,2.26188063621521
1984-09-21,2.003330945968628
1984-09-22,1.833928108215332
1984-09-23,1.714233160018921
1984-09-24,1.6395106315612793
1984-09-25,1.5863001346588135
1984-09-26,1.4925107955932617
1984-09-27,1.3950953483581543
1984-09-28,1.3109846115112305
1984-09-29,1.2392789125442505
1984-09-30,1.1781364679336548
1984-10-01,1.1237993240356445
1984-10-02,1.0751066207885742
1984-10-03,1.031226634979248
1984-10-04,0.9914737939834595
1984-10-05,0.9552885890007019
1984-10-06,0.9222117066383362
1984-10-07,0.8918609023094177
1984-10-08,0.8672400712966919
1984-10-09,0.8562276363372803
1984-10-10,0.8623016476631165
1984-10-11,0.8757745623588562
1984-10-12,0.8559976816177368
1984-10-13,0.8262806534767151
1984-10-14,0.8050817251205444
1984-10-15,0.7948673367500305
1984-10-16,0.7910324931144714
1984-10-17,0.7733694911003113
1984-10-18,0.7510912418365479
1984-10-19,0.7307899594306946
1984-10-20,0.7128579616546631
1984-10-21,0.6970857381820679
1984-10-22,0.6822819113731384
1984-10-23,0.6683080792427063
1984-10-24,0.6550968289375305
1984-10-25,0.6425876617431641
1984-10-26,0.6307262182235718
1984-10-27,0.619463324546814
1984-10-28,0.6087546348571777
1984-10-29,0.5985601544380188
1984-10-30,0.5888437628746033
1984-10-31,0.5795726180076599
1984-11-01,0.5707168579101562
1984-11-02,0.5622568726539612
1984-11-03,0.5541863441467285
1984-11-04,0.5464895963668823
1984-11-05,0.5391263365745544
1984-11-06,0.5319865345954895
1984-11-07,0.5250976085662842
1984-11-08,0.5184800028800964
1984-11-09,0.5121217370033264
1984-11-10,0.5060080289840698
1984-11-11,0.5001190304756165
1984-11-12,0.4944422245025635
1984-11-13,0.4889664947986603
1984-11-14,0.4836813807487488
1984-11-15,0.47857722640037537
1984-11-16,0.4736449420452118
1984-11-17,0.4688761532306671
1984-11-18,0.46426287293434143
1984-11-19,0.45979776978492737
1984-11-20,0.4554974138736725
1984-11-21,0.4515248239040375
1984-11-22,0.4481642544269562
1984-11-23,0.4454532265663147
1984-11-24,0.44284680485725403
1984-11-25,0.4391327202320099
1984-11-26,0.43506643176078796
1984-11-27,0.4312148988246918
1984-11-28,0.42762133479118347
1984-11-29,0.42424607276916504
1984-11-30,0.42097070813179016
1984-12-01,0.4177851676940918
1984-12-02,0.41468584537506104
1984-12-03,0.41166940331459045
1984-12-04,0.40873265266418457
1984-12-05,0.40587252378463745
1984-12-06,0.40308618545532227
1984-12-07,0.40037086606025696
1984-12-08,0.3977240025997162
1984-12-09,0.3951431214809418
1984-12-10,0.3926258385181427
1984-12-11,0.3901699185371399
1984-12-12,0.3877732455730438
1984-12-13,0.3854370415210724
1984-12-14,0.3831671476364136
1984-12-15,0.3809642791748047
1984-12-16,0.3788194954395294
1984-12-17,0.3766922354698181
1984-12-18,0.37459927797317505
1984-12-19,0.37255561351776123
1984-12-20,0.3705613315105438
1984-12-21,0.3686146140098572
1984-12-22,0.3667105734348297
1984-12-23,0.36484774947166443
1984-12-24,0.36302483081817627
1984-12-25,0.3612512946128845
1984-12-26,0.35955095291137695
1984-12-27,0.35793066024780273
1984-12-28,0.35636669397354126
1984-12-29,0.35473284125328064
1984-12-30,0.353086918592453
1984-12-31,0.3516111373901367
1985-01-01,0.35061079263687134
1985-01-02,0.35017961263656616
1985-01-03,0.3500345051288605
1985-01-04,0.3486572504043579
1985-01-05,0.3467569053173065
1985-01-06,0.34498804807662964
1985-01-07,0.3434130847454071
1985-01-08,0.34201592206954956
1985-01-09,0.3406532108783722
1985-01-10,0.339316189289093
1985-01-11,0.33801165223121643
1985-01-12,0.33675622940063477
1985-01-13,0.33558109402656555
1985-01-14,0.33458495140075684
1985-01-15,0.33396345376968384
1985-01-16,0.3340667188167572
1985-01-17,0.3346141576766968
1985-01-18,0.33483871817588806
1985-01-19,0.33351585268974304
1985-01-20,0.3316902816295624
1985-01-21,0.3301008641719818
1985-01-22,0.32878127694129944
1985-01-23,0.3276523947715759
1985-01-24,0.32655203342437744
1985-01-25,0.3254707455635071
1985-01-26,0.32440802454948425
1985-01-27,0.32336342334747314
1985-01-28,0.3223365843296051
1985-01-29,0.3213271200656891
1985-01-30,0.32033467292785645
1985-01-31,0.31935882568359375
1985-02-01,0.31839925050735474
1985-02-02,0.31745555996894836
1985-02-03,0.316527396440506
1985-02-04,0.3156144618988037
1985-02-05,0.3147164285182953
1985-02-06,0.3138329088687897
1985-02-07,0.3129636347293854
1985-02-08,0.31210827827453613
1985-02-09,0.31126657128334045
1985-02-10,0.3104381859302521
1985-02-11,0.3096228837966919
1985-02-12,0.30882033705711365
1985-02-13,0.3080303370952606
1985-02-14,0.30725258588790894
1985-02-15,0.3064868450164795
1985-02-16,0.3057328760623932
1985-02-17,0.30499041080474854
1985-02-18,0.3042592704296112
1985-02-19,0.3035391867160797
1985-02-20,0.30282995104789734
1985-02-21,0.30213662981987
1985-02-22,0.30147120356559753
1985-02-23,0.30083686113357544
1985-02-24,0.3002229332923889
1985-02-25,0.2995676100254059
1985-02-26,0.2988992929458618
1985-02-27,0.2982449233531952
1985-02-28,0.29760706424713135
1985-03-01,0.29698485136032104
1985-03-02,0.2963719666004181
1985-03-03,0.2957678735256195
1985-03-04,0.29517239332199097
1985-03-05,0.29458537697792053
1985-03-06,0.2940066456794739
1985-03-07,0.29343611001968384
1985-03-08,0.2928735613822937
1985-03-09,0.2923189103603363
1985-03-10,0.29177194833755493
1985-03-11,0.2912326157093048
1985-03-12,0.2907007038593292
1985-03-13,0.290176123380661
1985-03-14,0.28965872526168823
1985-03-15,0.2891484200954437
1985-03-16,0.28864502906799316
1985-03-17,0.2881484925746918
1985-03-18,0.2876586318016052
1985-03-19,0.28717538714408875
1985-03-20,0.2866986095905304
1985-03-21,0.286228209733963
1985-03-22,0.28576409816741943
1985-03-23,0.28530609607696533
1985-03-24,0.2848541736602783
1985-03-25,0.28440821170806885
1985-03-26,0.28396809101104736
1985-03-27,0.2835337519645691
1985-03-28,0.2831050753593445
1985-03-29,0.282681941986084
1985-03-30,0.2822643220424652
1985-03-31,0.2818520963191986
1985-04-01,0.28144514560699463
1985-04-02,0.2810434401035309
1985-04-03,0.2806468904018402
1985-04-04,0.28025537729263306
1985-04-05,0.27986884117126465
1985-04-06,0.2794872224330902
1985-04-07,0.2791130244731903
1985-04-08,0.2790215313434601
1985-04-09,0.2812991738319397
1985-04-10,0.29655638337135315
1985-04-11,0.3425833284854889
1985-04-12,0.4228609800338745
1985-04-13,0.5083988308906555
1985-04-14,0.5086081027984619
1985-04-15,0.47561269998550415
1985-04-16,0.45093032717704773
1985-04-17,0.4378584325313568
1985-04-18,0.4337826669216156
1985-04-19,0.4302651584148407
1985-04-20,0.42683643102645874
1985-04-21,0.4234978258609772
1985-04-22,0.42024797201156616
1985-04-23,0.41708439588546753
1985-04-24,0.41446250677108765
1985-04-25,0.41657036542892456
1985-04-26,0.43128660321235657
1985-04-27,0.46088626980781555
1985-04-28,0.49314364790916443
1985-04-29,0.4913029074668884
1985-04-30,0.4760866165161133
1985-05-01,0.4638339579105377
1985-05-02,0.45644938945770264
1985-05-03,0.4549902677536011
1985-05-04,0.4582549035549164
1985-05-05,0.4655091166496277
1985-05-06,0.46911096572875977
1985-05-07,0.46410101652145386
1985-05-08,0.4567788541316986
1985-05-09,0.45062094926834106
1985-05-10,0.44586268067359924
1985-05-11,0.4419320225715637
1985-05-12,0.438484787940979
1985-05-13,0.43655458092689514
1985-05-14,0.4370969235897064
1985-05-15,0.4416395425796509
1985-05-16,0.4504716694355011
1985-05-17,0.46407222747802734
1985-05-18,0.48118501901626587
1985-05-19,0.482361376285553
1985-05-20,0.4893774092197418
1985-05-21,0.5166468620300293
1985-05-22,0.5703887343406677
1985-05-23,0.6352114081382751
1985-05-24,0.7588200569152832
1985-05-25,0.9341851472854614
1985-05-26,0.936026930809021
1985-05-27,0.8760340213775635
1985-05-28,0.839294970035553
1985-05-29,0.8356500864028931
1985-05-30,0.8537341952323914
1985-05-31,0.8363860845565796
1985-06-01,0.8061513304710388
1985-06-02,0.7792123556137085
1985-06-03,0.7566653490066528
1985-06-04,0.7381410598754883
1985-06-05,0.7219662070274353
1985-06-06,0.7112516164779663
1985-06-07,0.7089133262634277
1985-06-08,0.7128540873527527
1985-06-09,0.7081546187400818
1985-06-10,0.6920042634010315
1985-06-11,0.6772531867027283
1985-06-12,0.6960852742195129
1985-06-13,0.8246320486068726
1985-06-14,1.1612380743026733
1985-06-15,1.6850162744522095
1985-06-16,1.942536473274231
1985-06-17,1.833005666732788
1985-06-18,1.6891440153121948
1985-06-19,1.6212900876998901
1985-06-20,1.6287797689437866
1985-06-21,1.770029067993164
1985-06-22,1.9730517864227295
1985-06-23,1.8982692956924438
1985-06-24,1.781468152999878
1985-06-25,1.698456048965454
1985-06-26,1.58054518699646
1985-06-27,1.4710135459899902
1985-06-28,1.3770743608474731
1985-06-29,1.2972155809402466
1985-06-30,1.2443082332611084
1985-07-01,1.2509182691574097
1985-07-02,1.336234450340271
1985-07-03,1.4534881114959717
1985-07-04,1.4028509855270386
1985-07-05,1.303432822227478
1985-07-06,1.218712568283081
1985-07-07,1.1513139009475708
1985-07-08,1.1054701805114746
1985-07-09,1.0867334604263306
1985-07-10,1.1010476350784302
1985-07-11,1.1288398504257202
1985-07-12,1.0934016704559326
1985-07-13,1.038517951965332
1985-07-14,0.9904049038887024
1985-07-15,0.9507355690002441
1985-07-16,0.9196887612342834
1985-07-17,0.8933970332145691
1985-07-18,0.8700722455978394
1985-07-19,0.844620943069458
1985-07-20,0.819500744342804
1985-07-21,0.7963138222694397
1985-07-22,0.775011420249939
1985-07-23,0.7554088830947876
1985-07-24,0.7370842099189758
1985-07-25,0.7199025750160217
1985-07-26,0.7037597894668579
1985-07-27,0.6885640025138855
1985-07-28,0.6742337942123413
1985-07-29,0.661974310874939
1985-07-30,0.6563234925270081
1985-07-31,0.6622438430786133
1985-08-01,0.6780705451965332
1985-08-02,0.6842334270477295
1985-08-03,0.670205295085907
1985-08-04,0.6513800621032715
1985-08-05,0.6353331208229065
1985-08-06,0.622467577457428
1985-08-07,0.6115477681159973
1985-08-08,0.6012219190597534
1985-08-09,0.5913820862770081
1985-08-10,0.5819952487945557
1985-08-11,0.5730313658714294
1985-08-12,0.5644627213478088
1985-08-13,0.5562637448310852
1985-08-14,0.5484110713005066
1985-08-15,0.5408832430839539
1985-08-16,0.5336605906486511
1985-08-17,0.5267249345779419
1985-08-18,0.5200595259666443
1985-08-19,0.5136489868164062
1985-08-20,0.5074790120124817
1985-08-21,0.5015363693237305
1985-08-22,0.49580878019332886
1985-08-23,0.4902849495410919
1985-08-24,0.48495420813560486
1985-08-25,0.47980672121047974
1985-08-26,0.47493404150009155
1985-08-27,0.4710178077220917
1985-08-28,0.46921420097351074
1985-08-29,0.47043290734291077
1985-08-30,0.475925475358963
1985-08-31,0.48572927713394165
1985-09-01,0.5029802322387695
1985-09-02,0.516870379447937
1985-09-03,0.5108662247657776
1985-09-04,0.49864688515663147
1985-09-05,0.4886709749698639
1985-09-06,0.4815772473812103
1985-09-07,0.4764559864997864
1985-09-08,0.4715973138809204
1985-09-09,0.46689745783805847
1985-09-10,0.46234866976737976
1985-09-11,0.457944393157959
1985-09-12,0.4536783695220947
1985-09-13,0.4495444595813751
1985-09-14,0.44553670287132263
1985-09-15,0.4438687264919281
1985-09-16,0.4498489797115326
1985-09-17,0.467938631772995
1985-09-18,0.49901506304740906
1985-09-19,0.5180175304412842
1985-09-20,0.5375464558601379
1985-09-21,0.5520333051681519
1985-09-22,0.5822889804840088
1985-09-23,0.6285995841026306
1985-09-24,0.6246111989021301
1985-09-25,0.6011930704116821
1985-09-26,0.5815661549568176
1985-09-27,0.5677156448364258
1985-09-28,0.5591579079627991
1985-09-29,0.5512070655822754
1985-09-30,0.5435805916786194
1985-10-01,0.536260187625885
1985-10-02,0.5292293429374695
1985-10-03,0.5224727988243103
1985-10-04,0.5159753561019897
1985-10-05,0.5122396349906921
1985-10-06,0.5173405408859253
1985-10-07,0.5338769555091858
1985-10-08,0.5559573769569397
1985-10-09,0.552406907081604
1985-10-10,0.5382945537567139
1985-10-11,0.5261356234550476
1985-10-12,0.5169781446456909
1985-10-13,0.5105627179145813
1985-10-14,0.5045121312141418
1985-10-15,0.49868080019950867
1985-10-16,0.4930575489997864
1985-10-17,0.4876318573951721
1985-10-18,0.4823938310146332
1985-10-19,0.4773341119289398
1985-10-20,0.47244390845298767
1985-10-21,0.46922677755355835
1985-10-22,0.4855714738368988
1985-10-23,0.5598768591880798
1985-10-24,0.7164468765258789
1985-10-25,0.9086350798606873
1985-10-26,0.9133085012435913
1985-10-27,0.8473642468452454
1985-10-28,0.7940586805343628
1985-10-29,0.7594483494758606
1985-10-30,0.7406021952629089
1985-10-31,0.7235598564147949
1985-11-01,0.7074671983718872
1985-11-02,0.6922597289085388
1985-11-03,0.6778759360313416
1985-11-04,0.664257824420929
1985-11-05,0.6513546705245972
1985-11-06,0.6391154527664185
1985-11-07,0.6274905204772949
1985-11-08,0.6164346933364868
1985-11-09,0.6059073209762573
1985-11-10,0.5958728194236755
1985-11-11,0.586298942565918
1985-11-12,0.5771559476852417
1985-11-13,0.5684163570404053
1985-11-14,0.5600547194480896
1985-11-15,0.552047848701477
1985-11-16,0.5443739891052246
1985-11-17,0.5370132327079773
1985-11-18,0.52994704246521
1985-11-19,0.5231583118438721
1985-11-20,0.5166310667991638
1985-11-21,0.5103505849838257
1985-11-22,0.5043032765388489
1985-11-23,0.49847662448883057
1985-11-24,0.49285879731178284
1985-11-25,0.4874388575553894
1985-11-26,0.4822066128253937
1985-11-27,0.47715258598327637
1985-11-28,0.4728366732597351
1985-11-29,0.4706088900566101
1985-11-30,0.4709746241569519
1985-12-01,0.4726006090641022
1985-12-02,0.4687082767486572
1985-12-03,0.46255767345428467
1985-12-04,0.4569474458694458
1985-12-05,0.4521178901195526
1985-12-06,0.44800353050231934
1985-12-07,0.4440441429615021
1985-12-08,0.44020289182662964
1985-12-09,0.4364747107028961
1985-12-10,0.4328547418117523
1985-12-11,0.4293384850025177
1985-12-12,0.42592164874076843
1985-12-13,0.4226001501083374
1985-12-14,0.41937026381492615
1985-12-15,0.41622835397720337
1985-12-16,0.4131709635257721
1985-12-17,0.4101948142051697
1985-12-18,0.4072968065738678
1985-12-19,0.4046497344970703
1985-12-20,0.402665376663208
1985-12-21,0.40161654353141785
1985-12-22,0.4019277095794678
1985-12-23,0.40281957387924194
1985-12-24,0.4054059088230133
1985-12-25,0.4078943729400635
1985-12-26,0.40512508153915405
1985-12-27,0.40056389570236206
1985-12-28,0.3966168761253357
1985-12-29,0.3934907019138336
1985-12-30,0.3909887671470642
1985-12-31,0.38857558369636536
1986-01-01,0.38621947169303894
1986-01-02,0.3839186429977417
1986-01-03,0.38167133927345276
1986-01-04,0.3794758915901184
1986-01-05,0.3773306906223297
1986-01-06,0.37523409724235535
1986-01-07,0.37318459153175354
1986-01-08,0.3711807131767273
1986-01-09,0.369221031665802
1986-01-10,0.3673042058944702
1986-01-11,0.3654288947582245
1986-01-12,0.3635938763618469
1986-01-13,0.36179789900779724
1986-01-14,0.36003977060317993
1986-01-15,0.35831841826438904
1986-01-16,0.35663270950317383
1986-01-17,0.35500165820121765
1986-01-18,0.3534707725048065
1986-01-19,0.3520539700984955
1986-01-20,0.3507082164287567
1986-01-21,0.34919846057891846
1986-01-22,0.34763363003730774
1986-01-23,0.34611403942108154
1986-01-24,0.3446485996246338
1986-01-25,0.34323418140411377
1986-01-26,0.34184807538986206
1986-01-27,0.34049123525619507
1986-01-28,0.33916962146759033
1986-01-29,0.3378846347332001
1986-01-30,0.3366296887397766
1986-01-31,0.33537039160728455
1986-02-01,0.3341219127178192
1986-02-02,0.3328983187675476
1986-02-03,0.33170050382614136
1986-02-04,0.33052751421928406
1986-02-05,0.32937562465667725
1986-02-06,0.328244149684906
1986-02-07,0.32713261246681213
1986-02-08,0.32604047656059265
1986-02-09,0.3249673545360565
1986-02-10,0.32391273975372314
1986-02-11,0.3228762149810791
1986-02-12,0.32185739278793335
1986-02-13,0.3208625912666321
1986-02-14,0.31990715861320496
1986-02-15,0.31899532675743103
1986-02-16,0.31811293959617615
1986-02-17,0.3171803951263428
1986-02-18,0.3162342309951782
1986-02-19,0.31530874967575073
1986-02-20,0.3144071102142334
1986-02-21,0.3135281205177307
1986-02-22,0.3126636743545532
1986-02-23,0.311813086271286
1986-02-24,0.3109760284423828
1986-02-25,0.31015220284461975
1986-02-26,0.3093413710594177
1986-02-27,0.30854323506355286
1986-02-28,0.30775749683380127
1986-03-01,0.30698397755622864
1986-03-02,0.3062223494052887
1986-03-03,0.3054724335670471
1986-03-04,0.30473992228507996
1986-03-05,0.3040384352207184
1986-03-06,0.3033716380596161
1986-03-07,0.3027274012565613
1986-03-08,0.3020356297492981
1986-03-09,0.30132856965065
1986-03-10,0.30063676834106445
1986-03-11,0.2999630570411682
1986-03-12,0.2993065416812897
1986-03-13,0.298660010099411
1986-03-14,0.29802289605140686
1986-03-15,0.2973950207233429
1986-03-16,0.2967762351036072
1986-03-17,0.296166330575943
1986-03-18,0.2955651581287384
1986-03-19,0.29497256875038147
1986-03-20,0.29438838362693787
1986-03-21,0.29381245374679565
1986-03-22,0.2932446599006653
1986-03-23,0.29268479347229004
1986-03-24,0.29213276505470276
1986-03-25,0.2915883958339691
1986-03-26,0.29105156660079956
1986-03-27,0.29052218794822693
1986-03-28,0.2900000512599945
1986-03-29,0.28948506712913513
1986-03-30,0.28897711634635925
1986-03-31,0.28847604990005493
1986-04-01,0.2879818081855774
1986-04-02,0.2874941825866699
1986-04-03,0.28701314330101013
1986-04-04,0.2865385413169861
1986-04-05,0.2860702872276306
1986-04-06,0.2856082320213318
1986-04-07,0.2851523160934448
1986-04-08,0.2847024202346802
1986-04-09,0.2842584550380707
1986-04-10,0.2838203012943268
1986-04-11,0.2833878993988037
1986-04-12,0.2829611003398895
1986-04-13,0.28253984451293945
1986-04-14,0.2821240723133087
1986-04-15,0.28175225853919983
1986-04-16,0.28151240944862366
1986-04-17,0.2814279794692993
1986-04-18,0.2814245820045471
1986-04-19,0.2810532748699188
1986-04-20,0.28052160143852234
1986-04-21,0.2800282835960388
1986-04-22,0.279593825340271
1986-04-23,0.279295414686203
1986-04-24,0.2806660234928131
1986-04-25,0.2869497537612915
1986-04-26,0.2989695370197296
1986-04-27,0.31317049264907837
1986-04-28,0.3134729862213135
1986-04-29,0.30873218178749084
1986-04-30,0.30733585357666016
1986-05-01,0.3099444508552551
1986-05-02,0.3262261748313904
1986-05-03,0.3821682631969452
1986-05-04,0.5006694793701172
1986-05-05,0.668228268623352
1986-05-06,0.6879919767379761
1986-05-07,0.6612902879714966
1986-05-08,0.7010069489479065
1986-05-09,0.8840036988258362
1986-05-10,1.2050269842147827
1986-05-11,1.6333286762237549
1986-05-12,1.6141842603683472
1986-05-13,1.4539450407028198
1986-05-14,1.324988842010498
1986-05-15,1.2319390773773193
1986-05-16,1.171201229095459
1986-05-17,1.1181894540786743
1986-05-18,1.0705978870391846
1986-05-19,1.027724266052246
1986-05-20,0.9890692830085754
1986-05-21,0.9539718627929688
1986-05-22,0.9213381409645081
1986-05-23,0.8911115527153015
1986-05-24,0.8632227182388306
1986-05-25,0.837451159954071
1986-05-26,0.8135845065116882
1986-05-27,0.791400671005249
1986-05-28,0.7707297801971436
1986-05-29,0.7514236569404602
1986-05-30,0.7348827719688416
1986-05-31,0.7266292572021484
1986-06-01,0.7329134345054626
1986-06-02,0.7620974779129028
1986-06-03,0.8387082815170288
1986-06-04,1.0679467916488647
1986-06-05,1.6650549173355103
1986-06-06,2.5955662727355957
1986-06-07,3.2208266258239746
1986-06-08,2.902141571044922
1986-06-09,2.545684814453125
1986-06-10,2.576174259185791
1986-06-11,3.1597723960876465
1986-06-12,4.020132541656494
1986-06-13,3.763700246810913
1986-06-14,3.390444040298462
1986-06-15,3.5443668365478516
1986-06-16,4.252249717712402
1986-06-17,4.622678756713867
1986-06-18,3.896303176879883
1986-06-19,3.203004837036133
1986-06-20,2.70987868309021
1986-06-21,2.438321352005005
1986-06-22,2.521893262863159
1986-06-23,3.048090934753418
1986-06-24,3.7211720943450928
1986-06-25,3.3142542839050293
1986-06-26,2.795025110244751
1986-06-27,2.40651798248291
1986-06-28,2.1250674724578857
1986-06-29,1.9256521463394165
1986-06-30,1.764357566833496
1986-07-01,1.6302318572998047
1986-07-02,1.517017126083374
1986-07-03,1.4202429056167603
1986-07-04,1.336618185043335
1986-07-05,1.2636529207229614
1986-07-06,1.1994397640228271
1986-07-07,1.1424952745437622
1986-07-08,1.091651439666748
1986-07-09,1.0459766387939453
1986-07-10,1.0047194957733154
1986-07-11,0.9672664403915405
1986-07-12,0.9331096410751343
1986-07-13,0.9018279910087585
1986-07-14,0.8730712532997131
1986-07-15,0.8465445041656494
1986-07-16,0.8219969272613525
1986-07-17,0.7992135882377625
1986-07-18,0.7780095934867859
1986-07-19,0.7582250237464905
1986-07-20,0.7397212386131287
1986-07-21,0.7223771214485168
1986-07-22,0.7060864567756653
1986-07-23,0.6907556653022766
1986-07-24,0.676301896572113
1986-07-25,0.6626516580581665
1986-07-26,0.6497395038604736
1986-07-27,0.6375068426132202
1986-07-28,0.6259012818336487
1986-07-29,0.6148757338523865
1986-07-30,0.6043875217437744
1986-07-31,0.5943983197212219
1986-08-01,0.5848733186721802
1986-08-02,0.5757807493209839
1986-08-03,0.5670918822288513
1986-08-04,0.5587804317474365
1986-08-05,0.5508222579956055
1986-08-06,0.5431954264640808
1986-08-07,0.5358796715736389
1986-08-08,0.5288563966751099
1986-08-09,0.5221084952354431
1986-08-10,0.5156200528144836
1986-08-11,0.509376585483551
1986-08-12,0.5033644437789917
1986-08-13,0.49757111072540283
1986-08-14,0.4919849634170532
1986-08-15,0.48659515380859375
1986-08-16,0.481391578912735
1986-08-17,0.4763648808002472
1986-08-18,0.4715062379837036
1986-08-19,0.46680748462677
1986-08-20,0.4622609615325928
1986-08-21,0.45785942673683167
1986-08-22,0.45359617471694946
1986-08-23,0.4494648873806
1986-08-24,0.44545963406562805
1986-08-25,0.4415748119354248
1986-08-26,0.43780517578125
1986-08-27,0.4341457486152649
1986-08-28,0.430591881275177
1986-08-29,0.42715388536453247
1986-08-30,0.42386284470558167
1986-08-31,0.4207278788089752
1986-09-01,0.4177123010158539
1986-09-02,0.4146384298801422
1986-09-03,0.4116506278514862
1986-09-04,0.41778305172920227
1986-09-05,0.45468008518218994
1986-09-06,0.5341730117797852
1986-09-07,0.6392313241958618
1986-09-08,0.6581447124481201
1986-09-09,0.6821979880332947
1986-09-10,0.782063364982605
1986-09-11,0.9340085983276367
1986-09-12,0.9358763694763184
1986-09-13,0.8766433000564575
1986-09-14,0.827023983001709
1986-09-15,0.792260468006134
1986-09-16,0.7711238861083984
1986-09-17,0.7519270777702332
1986-09-18,0.7339174747467041
1986-09-19,0.7170045971870422
1986-09-20,0.7010993957519531
1986-09-21,0.6861023306846619
1986-09-22,0.6719365119934082
1986-09-23,0.6585395336151123
1986-09-24,0.6458540558815002
1986-09-25,0.6338274478912354
1986-09-26,0.6224834322929382
1986-09-27,0.6121116876602173
1986-09-28,0.6031237840652466
1986-09-29,0.595445990562439
1986-09-30,0.5877773761749268
1986-10-01,0.5829477310180664
1986-10-02,0.5927168726921082
1986-10-03,0.6228064894676208
1986-10-04,0.6629193425178528
1986-10-05,0.6582009792327881
1986-10-06,0.635495126247406
1986-10-07,0.6160371899604797
1986-10-08,0.6015022397041321
1986-10-09,0.5914617776870728
1986-10-10,0.582085132598877
1986-10-11,0.573127269744873
1986-10-12,0.5690337419509888
1986-10-13,0.594076931476593
1986-10-14,0.6993924379348755
1986-10-15,0.9360914826393127
1986-10-16,1.2399179935455322
1986-10-17,1.3704532384872437
1986-10-18,1.294737458229065
1986-10-19,1.1867003440856934
1986-10-20,1.1068050861358643
1986-10-21,1.0529813766479492
1986-10-22,1.0120298862457275
1986-10-23,0.9749327301979065
1986-10-24,0.9408602118492126
1986-10-25,0.9094767570495605
1986-10-26,0.880501389503479
1986-10-27,0.8536955714225769
1986-10-28,0.8288437724113464
1986-10-29,0.80574631690979
1986-10-30,0.7842257022857666
1986-10-31,0.7641285061836243
1986-11-01,0.7453207969665527
1986-11-02,0.727684736251831
1986-11-03,0.7111155390739441
1986-11-04,0.6955209374427795
1986-11-05,0.6836268305778503
1986-11-06,0.6822301149368286
1986-11-07,0.6943646669387817
1986-11-08,0.7126208543777466
1986-11-09,0.7023996114730835
1986-11-10,0.681340754032135
1986-11-11,0.6626821160316467
1986-11-12,0.6473961472511292
1986-11-13,0.6351918578147888
1986-11-14,0.6237279176712036
1986-11-15,0.6128308176994324
1986-11-16,0.6024600267410278
1986-11-17,0.5925775766372681
1986-11-18,0.5831487774848938
1986-11-19,0.5741428136825562
1986-11-20,0.5655322670936584
1986-11-21,0.5572922825813293
1986-11-22,0.5494000315666199
1986-11-23,0.5418342351913452
1986-11-24,0.5345754027366638
1986-11-25,0.5276053547859192
1986-11-26,0.5209073424339294
1986-11-27,0.5149242877960205
1986-11-28,0.5107414126396179
1986-11-29,0.5087699294090271
1986-11-30,0.5078918933868408
1986-12-01,0.5026525855064392
1986-12-02,0.49570178985595703
1986-12-03,0.4892593026161194
1986-12-04,0.4835062325000763
1986-12-05,0.47838717699050903
1986-12-06,0.4734634757041931
1986-12-07,0.46870240569114685
1986-12-08,0.46409618854522705
1986-12-09,0.45963749289512634
1986-12-10,0.45627591013908386
1986-12-11,0.45628780126571655
1986-12-12,0.46053895354270935
1986-12-13,0.46684008836746216
1986-12-14,0.46370837092399597
1986-12-15,0.4566327631473541
1986-12-16,0.45036545395851135
1986-12-17,0.44532230496406555
1986-12-18,0.4413972795009613
1986-12-19,0.4376520812511444
1986-12-20,0.43427884578704834
1986-12-21,0.4320117235183716
1986-12-22,0.4314994812011719
1986-12-23,0.4322689473628998
1986-12-24,0.4313295781612396
1986-12-25,0.42750316858291626
1986-12-26,0.4230567514896393
1986-12-27,0.4191218316555023
1986-12-28,0.4157523810863495
1986-12-29,0.41270124912261963
1986-12-30,0.4097418487071991
1986-12-31,0.4068593978881836
1987-01-01,0.40405115485191345
1987-01-02,0.4013143479824066
1987-01-03,0.3986463248729706
1987-01-04,0.39604461193084717
1987-01-05,0.39350685477256775
1987-01-06,0.3910309076309204
1987-01-07,0.388614684343338
1987-01-08,0.3862561285495758
1987-01-09,0.3839532732963562
1987-01-10,0.38170427083969116
1987-01-11,0.3795073330402374
1987-01-12,0.37736082077026367
1987-01-13,0.375381201505661
1987-01-14,0.37384361028671265
1987-01-15,0.3728380501270294
1987-01-16,0.37210947275161743
1987-01-17,0.37026816606521606
1987-01-18,0.36796602606773376
1987-01-19,0.36579689383506775
1987-01-20,0.3642232418060303
1987-01-21,0.36470791697502136
1987-01-22,0.36867696046829224
1987-01-23,0.37570327520370483
1987-01-24,0.37983301281929016
1987-01-25,0.3770603835582733
1987-01-26,0.37238168716430664
1987-01-27,0.3686680197715759
1987-01-28,0.3661252558231354
1987-01-29,0.3642489016056061
1987-01-30,0.36244291067123413
1987-01-31,0.3606741428375244
1987-02-01,0.35922005772590637
1987-02-02,0.3587709367275238
1987-02-03,0.35963425040245056
1987-02-04,0.36125606298446655
1987-02-05,0.3602677285671234
1987-02-06,0.3577222228050232
1987-02-07,0.3552537262439728
1987-02-08,0.35320353507995605
1987-02-09,0.3515586256980896
1987-02-10,0.3500092625617981
1987-02-11,0.34849289059638977
1987-02-12,0.34700608253479004
1987-02-13,0.3455480635166168
1987-02-14,0.3441180884838104
1987-02-15,0.34271547198295593
1987-02-16,0.3413395285606384
1987-02-17,0.339989572763443
1987-02-18,0.3386649489402771
1987-02-19,0.337365061044693
1987-02-20,0.33608928322792053
1987-02-21,0.33483701944351196
1987-02-22,0.33360761404037476
1987-02-23,0.3324005603790283
1987-02-24,0.3312152624130249
1987-02-25,0.3300511837005615
1987-02-26,0.3289078176021576
1987-02-27,0.32778462767601013
1987-02-28,0.3266811966896057
1987-03-01,0.32559695839881897
1987-03-02,0.3245539367198944
1987-03-03,0.3236035406589508
1987-03-04,0.32276079058647156
1987-03-05,0.32197970151901245
1987-03-06,0.3209979236125946
1987-03-07,0.3199370503425598
1987-03-08,0.318911075592041
1987-03-09,0.3179309070110321
1987-03-10,0.31699344515800476
1987-03-11,0.31607282161712646
1987-03-12,0.31516724824905396
1987-03-13,0.31427639722824097
1987-03-14,0.31339994072914124
1987-03-15,0.3125375807285309
1987-03-16,0.31168898940086365
1987-03-17,0.31085389852523804
1987-03-18,0.3100320100784302
1987-03-19,0.3092230558395386
1987-03-20,0.30842673778533936
1987-03-21,0.3076428472995758
1987-03-22,0.3068731725215912
1987-03-23,0.3061222732067108
1987-03-24,0.3053912818431854
1987-03-25,0.30467578768730164
1987-03-26,0.3039512634277344
1987-03-27,0.30322879552841187
1987-03-28,0.3025188148021698
1987-03-29,0.3018221855163574
1987-03-30,0.3011384606361389
1987-03-31,0.30046501755714417
1987-04-01,0.2998015284538269
1987-04-02,0.29914775490760803
1987-04-03,0.2985035479068756
1987-04-04,0.2978686988353729
1987-04-05,0.29724305868148804
1987-04-06,0.2966264486312866
1987-04-07,0.29602134227752686
1987-04-08,0.29543355107307434
1987-04-09,0.29486456513404846
1987-04-10,0.294309139251709
1987-04-11,0.2937365472316742
1987-04-12,0.2931608259677887
1987-04-13,0.292595237493515
1987-04-14,0.2920410633087158
1987-04-15,0.2914977967739105
1987-04-16,0.29096224904060364
1987-04-17,0.2904340624809265
1987-04-18,0.289913147687912
1987-04-19,0.2893993556499481
1987-04-20,0.28889256715774536
1987-04-21,0.288501501083374
1987-04-22,0.2884749472141266
1987-04-23,0.28888124227523804
1987-04-24,0.2895090878009796
1987-04-25,0.28909024596214294
1987-04-26,0.2882111370563507
1987-04-27,0.28743183612823486
1987-04-28,0.28680962324142456
1987-04-29,0.2863304913043976
1987-04-30,0.2858649790287018
1987-05-01,0.2854056656360626
1987-05-02,0.28495240211486816
1987-05-03,0.28450512886047363
1987-05-04,0.28406375646591187
1987-05-05,0.2843850255012512
1987-05-06,0.2872021496295929
1987-05-07,0.29301559925079346
1987-05-08,0.3003896474838257
1987-05-09,0.3009490668773651
1987-05-10,0.30401134490966797
1987-05-11,0.3231075704097748
1987-05-12,0.36135679483413696
1987-05-13,0.4059981405735016
1987-05-14,0.41482168436050415
1987-05-15,0.4212720990180969
1987-05-16,0.44738325476646423
1987-05-17,0.47317320108413696
1987-05-18,0.4715060889720917
1987-05-19,0.4673772156238556
1987-05-20,0.4786708354949951
1987-05-21,0.5008471608161926
1987-05-22,0.4992868900299072
1987-05-23,0.48643121123313904
1987-05-24,0.475566029548645
1987-05-25,0.46790146827697754
1987-05-26,0.4631769359111786
1987-05-27,0.4587525725364685
1987-05-28,0.4544658362865448
1987-05-29,0.4503779411315918
1987-05-30,0.44664886593818665
1987-05-31,0.4447334408760071
1987-06-01,0.44781285524368286
1987-06-02,0.4563656449317932
1987-06-03,0.46763235330581665
1987-06-04,0.5274477005004883
1987-06-05,0.8341296315193176
1987-06-06,1.7503437995910645
1987-06-07,3.457440137863159
1987-06-08,3.6197872161865234
1987-06-09,4.022688865661621
1987-06-10,5.667574405670166
1987-06-11,7.7302021980285645
1987-06-12,8.519342422485352
1987-06-13,6.915436267852783
1987-06-14,5.242162704467773
1987-06-15,4.159364700317383
1987-06-16,3.6855669021606445
1987-06-17,3.714386463165283
1987-06-18,3.8785269260406494
1987-06-19,3.377728223800659
1987-06-20,2.868065118789673
1987-06-21,2.485316276550293
1987-06-22,2.2002623081207275
1987-06-23,1.988650918006897
1987-06-24,1.8172004222869873
1987-06-25,1.6750452518463135
1987-06-26,1.555403709411621
1987-06-27,1.4534231424331665
1987-06-28,1.3655296564102173
1987-06-29,1.2890372276306152
1987-06-30,1.2218884229660034
1987-07-01,1.1624799966812134
1987-07-02,1.1095503568649292
1987-07-03,1.062095284461975
1987-07-04,1.0193064212799072
1987-07-05,0.9805264472961426
1987-07-06,0.9452152252197266
1987-07-07,0.9129253029823303
1987-07-08,0.8832827806472778
1987-07-09,0.8661905527114868
1987-07-10,0.886950671672821
1987-07-11,0.9596923589706421
1987-07-12,1.0564758777618408
1987-07-13,1.038452386856079
1987-07-14,0.9804096817970276
1987-07-15,0.9306203722953796
1987-07-16,0.8920876979827881
1987-07-17,0.8637574911117554
1987-07-18,0.8379767537117004
1987-07-19,0.8140793442726135
1987-07-20,0.7918638586997986
1987-07-21,0.7711622714996338
1987-07-22,0.7518274784088135
1987-07-23,0.7337298393249512
1987-07-24,0.7167539000511169
1987-07-25,0.7007981538772583
1987-07-26,0.6857729554176331
1987-07-27,0.6715988516807556
1987-07-28,0.6603615283966064
1987-07-29,0.6572556495666504
1987-07-30,0.6645241975784302
1987-07-31,0.6765022277832031
1987-08-01,0.6668761968612671
1987-08-02,0.6489949226379395
1987-08-03,0.6330406665802002
1987-08-04,0.6197692155838013
1987-08-05,0.6089481711387634
1987-08-06,0.5987436771392822
1987-08-07,0.5890180468559265
1987-08-08,0.579738438129425
1987-08-09,0.5708748698234558
1987-08-10,0.5624000430107117
1987-08-11,0.554288923740387
1987-08-12,0.5465185642242432
1987-08-13,0.5390680432319641
1987-08-14,0.5319180488586426
1987-08-15,0.525050699710846
1987-08-16,0.5184497237205505
1987-08-17,0.5120999813079834
1987-08-18,0.5059874653816223
1987-08-19,0.5000991225242615
1987-08-20,0.4944230318069458
1987-08-21,0.48894792795181274
1987-08-22,0.4836634695529938
1987-08-23,0.4785599112510681
1987-08-24,0.4736281931400299
1987-08-25,0.4688599407672882
1987-08-26,0.4642471969127655
1987-08-27,0.45978257060050964
1987-08-28,0.4554591774940491
1987-08-29,0.4512704610824585
1987-08-30,0.4472103714942932
1987-08-31,0.4523625075817108
1987-09-01,0.4971066117286682
1987-09-02,0.6169856786727905
1987-09-03,0.8161747455596924
1987-09-04,0.9339590072631836
1987-09-05,0.902616560459137
1987-09-06,0.8374460935592651
1987-09-07,0.7892658710479736
1987-09-08,0.7606545686721802
1987-09-09,0.7417812347412109
1987-09-10,0.7244245409965515
1987-09-11,0.7080793976783752
1987-09-12,0.6926732659339905
1987-09-13,0.6781351566314697
1987-09-14,0.6643981337547302
1987-09-15,0.6514004468917847
1987-09-16,0.6390857100486755
1987-09-17,0.6274024844169617
1987-09-18,0.6163039803504944
1987-09-19,0.6068941354751587
1987-09-20,0.601912796497345
1987-09-21,0.6172987222671509
1987-09-22,0.688579797744751
1987-09-23,0.8277204632759094
1987-09-24,1.010237455368042
1987-09-25,1.0094856023788452
1987-09-26,0.9405100345611572
1987-09-27,0.8958747386932373
1987-09-28,0.9109143018722534
1987-09-29,1.0224422216415405
1987-09-30,1.2450895309448242
1987-10-01,1.440483808517456
1987-10-02,1.6379960775375366
1987-10-03,1.57070791721344
1987-10-04,1.4340327978134155
1987-10-05,1.3264555931091309
1987-10-06,1.2436047792434692
1987-10-07,1.1823017597198486
1987-10-08,1.1281211376190186
1987-10-09,1.0793943405151367
1987-10-10,1.0353715419769287
1987-10-11,0.9954211115837097
1987-10-12,0.9590166211128235
1987-10-13,0.9257165193557739
1987-10-14,0.895148515701294
1987-10-15,0.8669948577880859
1987-10-16,0.8409829139709473
1987-10-17,0.8168789148330688
1987-10-18,0.7944816946983337
1987-10-19,0.7736172080039978
1987-10-20,0.754133939743042
1987-10-21,0.7361703515052795
1987-10-22,0.720268189907074
1987-10-23,0.7065935134887695
1987-10-24,0.6943099498748779
1987-10-25,0.680161714553833
1987-10-26,0.6657416224479675
1987-10-27,0.6876134276390076
1987-10-28,0.8425852656364441
1987-10-29,1.233615756034851
1987-10-30,1.8124319314956665
1987-10-31,1.8039672374725342
1987-11-01,1.611562728881836
1987-11-02,1.4535843133926392
1987-11-03,1.3407366275787354
1987-11-04,1.2681670188903809
1987-11-05,1.2052061557769775
1987-11-06,1.148966908454895
1987-11-07,1.0984532833099365
1987-11-08,1.0528596639633179
1987-11-09,1.011523723602295
1987-11-10,0.9738894104957581
1987-11-11,0.9394959211349487
1987-11-12,0.9091123938560486
1987-11-13,0.8852205872535706
1987-11-14,0.8687239289283752
1987-11-15,0.8559893369674683
1987-11-16,0.833267092704773
1987-11-17,0.8077992796897888
1987-11-18,0.7844769954681396
1987-11-19,0.7635166645050049
1987-11-20,0.7447035908699036
1987-11-21,0.7271084785461426
1987-11-22,0.7105807662010193
1987-11-23,0.6950267553329468
1987-11-24,0.6806600093841553
1987-11-25,0.6681274771690369
1987-11-26,0.6576570272445679
1987-11-27,0.6483942270278931
1987-11-28,0.6367856860160828
1987-11-29,0.6245842576026917
1987-11-30,0.6131243705749512
1987-12-01,0.6024743914604187
1987-12-02,0.5925713777542114
1987-12-03,0.5831378698348999
1987-12-04,0.5741292834281921
1987-12-05,0.5655176639556885
1987-12-06,0.5572773814201355
1987-12-07,0.5493851900100708
1987-12-08,0.5418198108673096
1987-12-09,0.5345613956451416
1987-12-10,0.5275917649269104
1987-12-11,0.5208940505981445
1987-12-12,0.5144526958465576
1987-12-13,0.5082534551620483
1987-12-14,0.5022830963134766
1987-12-15,0.4965291917324066
1987-12-16,0.490980327129364
1987-12-17,0.4856258034706116
1987-12-18,0.4804557263851166
1987-12-19,0.4754607677459717
1987-12-20,0.47063231468200684
1987-12-21,0.4659622609615326
1987-12-22,0.4614430069923401
1987-12-23,0.45706745982170105
1987-12-24,0.452828973531723
1987-12-25,0.448721319437027
1987-12-26,0.44473862648010254
1987-12-27,0.4408753514289856
1987-12-28,0.4371263086795807
1987-12-29,0.4334866404533386
1987-12-30,0.42995166778564453
1987-12-31,0.4265170395374298
1988-01-01,0.42317864298820496
1988-01-02,0.42003825306892395
1988-01-03,0.41734200716018677
1988-01-04,0.4151737689971924
1988-01-05,0.4132930636405945
1988-01-06,0.4104519188404083
1988-01-07,0.4072403311729431
1988-01-08,0.40418165922164917
1988-01-09,0.40132129192352295
1988-01-10,0.3986448645591736
1988-01-11,0.3960413634777069
1988-01-12,0.39350223541259766
1988-01-13,0.39102521538734436
1988-01-14,0.388612300157547
1988-01-15,0.3862884044647217
1988-01-16,0.38409528136253357
1988-01-17,0.38203540444374084
1988-01-18,0.38002052903175354
1988-01-19,0.3778700530529022
1988-01-20,0.37569865584373474
1988-01-21,0.3735930919647217
1988-01-22,0.3715595304965973
1988-01-23,0.36962252855300903
1988-01-24,0.36783796548843384
1988-01-25,0.3662281632423401
1988-01-26,0.36472249031066895
1988-01-27,0.3629394769668579
1988-01-28,0.36105674505233765
1988-01-29,0.3592366576194763
1988-01-30,0.35749366879463196
1988-01-31,0.35582295060157776
1988-02-01,0.35418835282325745
1988-02-02,0.35258692502975464
1988-02-03,0.3510177731513977
1988-02-04,0.3494863510131836
1988-02-05,0.34800663590431213
1988-02-06,0.34658247232437134
1988-02-07,0.34519967436790466
1988-02-08,0.3437826931476593
1988-02-09,0.3423657715320587
1988-02-10,0.340980589389801
1988-02-11,0.33962950110435486
1988-02-12,0.33831116557121277
1988-02-13,0.3370177745819092
1988-02-14,0.3357483148574829
1988-02-15,0.3345022201538086
1988-02-16,0.3332788646221161
1988-02-17,0.33207765221595764
1988-02-18,0.33089810609817505
1988-02-19,0.329741507768631
1988-02-20,0.3286118507385254
1988-02-21,0.32750988006591797
1988-02-22,0.3264312446117401
1988-02-23,0.3253532350063324
1988-02-24,0.32428574562072754
1988-02-25,0.3232380449771881
1988-02-26,0.3222106993198395
1988-02-27,0.3212030231952667
1988-02-28,0.3202124536037445
1988-02-29,0.31923970580101013
1988-03-01,0.3182893693447113
1988-03-02,0.31736722588539124
1988-03-03,0.31647205352783203
1988-03-04,0.3155851364135742
1988-03-05,0.31468576192855835
1988-03-06,0.31379207968711853
1988-03-07,0.3129160702228546
1988-03-08,0.3120585083961487
1988-03-09,0.31121739745140076
1988-03-10,0.31038975715637207
1988-03-11,0.3095752000808716
1988-03-12,0.308773398399353
1988-03-13,0.3079840838909149
1988-03-14,0.3072074055671692
1988-03-15,0.30644384026527405
1988-03-16,0.30569344758987427
1988-03-17,0.30495521426200867
1988-03-18,0.3042249083518982
1988-03-19,0.30350416898727417
1988-03-20,0.30279454588890076
1988-03-21,0.30209603905677795
1988-03-22,0.3014083504676819
1988-03-23,0.3007309138774872
1988-03-24,0.30006349086761475
1988-03-25,0.29940587282180786
1988-03-26,0.2987579107284546
1988-03-27,0.29811936616897583
1988-03-28,0.29749009013175964
1988-03-29,0.2968699336051941
1988-03-30,0.29625868797302246
1988-03-31,0.2956562042236328
1988-04-01,0.2950623035430908
1988-04-02,0.29447686672210693
1988-04-03,0.29389968514442444
1988-04-04,0.2933306396007538
1988-04-05,0.29276958107948303
1988-04-06,0.2924291789531708
1988-04-07,0.2927967309951782
1988-04-08,0.29400914907455444
1988-04-09,0.2956523001194
1988-04-10,0.29565122723579407
1988-04-11,0.2961631417274475
1988-04-12,0.29870083928108215
1988-04-13,0.30262163281440735
1988-04-14,0.30293652415275574
1988-04-15,0.3008962869644165
1988-04-16,0.29897746443748474
1988-04-17,0.2977279722690582
1988-04-18,0.29710811376571655
1988-04-19,0.29649898409843445
1988-04-20,0.2958565652370453
1988-04-21,0.2952316105365753
1988-04-22,0.2946297824382782
1988-04-23,0.29404959082603455
1988-04-24,0.2934783399105072
1988-04-25,0.29291513562202454
1988-04-26,0.2923598289489746
1988-04-27,0.29181230068206787
1988-04-28,0.29127237200737
1988-04-29,0.29073989391326904
1988-04-30,0.29021477699279785
1988-05-01,0.2896968424320221
1988-05-02,0.2891860008239746
1988-05-03,0.28868213295936584
1988-05-04,0.2881850600242615
1988-05-05,0.2876947224140167
1988-05-06,0.28721100091934204
1988-05-07,0.2867337465286255
1988-05-08,0.2862628698348999
1988-05-09,0.2857982814311981
1988-05-10,0.2853398323059082
1988-05-11,0.2852473556995392
1988-05-12,0.28856638073921204
1988-05-13,0.3006933629512787
1988-05-14,0.32274526357650757
1988-05-15,0.3473743796348572
1988-05-16,0.3516245484352112
1988-05-17,0.3505999445915222
1988-05-18,0.35420897603034973
1988-05-19,0.3508927822113037
1988-05-20,0.3457943797111511
1988-05-21,0.34172332286834717
1988-05-22,0.33906272053718567
1988-05-23,0.3376878798007965
1988-05-24,0.3364031910896301
1988-05-25,0.33621928095817566
1988-05-26,0.34005892276763916
1988-05-27,0.3497360348701477
1988-05-28,0.3634486496448517
1988-05-29,0.3673831820487976
1988-05-30,0.3625456988811493
1988-05-31,0.3567996621131897
1988-06-01,0.35444965958595276
1988-06-02,0.35940438508987427
1988-06-03,0.37474092841148376
1988-06-04,0.4038859009742737
1988-06-05,0.42980578541755676
1988-06-06,0.45554351806640625
1988-06-07,0.4518313705921173
1988-06-08,0.4368852376937866
1988-06-09,0.4261937141418457
1988-06-10,0.4194120764732361
1988-06-11,0.41609787940979004
1988-06-12,0.4130428433418274
1988-06-13,0.41006654500961304
1988-06-14,0.4071686267852783
1988-06-15,0.40489840507507324
1988-06-16,0.4045546054840088
1988-06-17,0.4065956771373749
1988-06-18,0.4193936586380005
1988-06-19,0.4913286566734314
1988-06-20,0.7382706999778748
1988-06-21,1.2978708744049072
1988-06-22,1.9463975429534912
1988-06-23,1.9089356660842896
1988-06-24,1.6807078123092651
1988-06-25,1.5002176761627197
1988-06-26,1.3824907541275024
1988-06-27,1.3295084238052368
1988-06-28,1.3291033506393433
1988-06-29,1.3730283975601196
1988-06-30,1.3865920305252075
1988-07-01,1.3189845085144043
1988-07-02,1.2429749965667725
1988-07-03,1.204451322555542
1988-07-04,1.2196691036224365
1988-07-05,1.2701689004898071
1988-07-06,1.2620251178741455
1988-07-07,1.1985102891921997
1988-07-08,1.1308025121688843
1988-07-09,1.0740824937820435
1988-07-10,1.0281789302825928
1988-07-11,0.9886098504066467
1988-07-12,0.9544775485992432
1988-07-13,0.9296874403953552
1988-07-14,0.9157688617706299
1988-07-15,0.9069836139678955
1988-07-16,0.8815847039222717
1988-07-17,0.8513208031654358
1988-07-18,0.8239185214042664
1988-07-19,0.7997321486473083
1988-07-20,0.7784437537193298
1988-07-21,0.7586403489112854
1988-07-22,0.7401142716407776
1988-07-23,0.7227476835250854
1988-07-24,0.706436812877655
1988-07-25,0.691088855266571
1988-07-26,0.6766201853752136
1988-07-27,0.6629535555839539
1988-07-28,0.650024950504303
1988-07-29,0.6377770900726318
1988-07-30,0.6261576414108276
1988-07-31,0.6151193976402283
1988-08-01,0.6046195030212402
1988-08-02,0.5946193933486938
1988-08-03,0.5850841999053955
1988-08-04,0.5759821534156799
1988-08-05,0.5672844648361206
1988-08-06,0.558964729309082
1988-08-07,0.5509988069534302
1988-08-08,0.5433647036552429
1988-08-09,0.5360420942306519
1988-08-10,0.5290124416351318
1988-08-11,0.5222584009170532
1988-08-12,0.5157642960548401
1988-08-13,0.5095515251159668
1988-08-14,0.5036929249763489
1988-08-15,0.4982084333896637
1988-08-16,0.5056928992271423
1988-08-17,0.5576235055923462
1988-08-18,0.6748790740966797
1988-08-19,0.8394709825515747
1988-08-20,0.8955759406089783
1988-08-21,1.0089632272720337
1988-08-22,1.300150990486145
1988-08-23,1.6256937980651855
1988-08-24,1.586890697479248
1988-08-25,1.4415644407272339
1988-08-26,1.3226723670959473
1988-08-27,1.236763596534729
1988-08-28,1.176616907119751
1988-08-29,1.1306949853897095
1988-08-30,1.1154940128326416
1988-08-31,1.148477554321289
1988-09-01,1.2421419620513916
1988-09-02,1.3873658180236816
1988-09-03,1.7663406133651733
1988-09-04,2.3682332038879395
1988-09-05,2.9052951335906982
1988-09-06,2.6686267852783203
1988-09-07,2.3095550537109375
1988-09-08,2.035029411315918
1988-09-09,1.8348524570465088
1988-09-10,1.6900240182876587
1988-09-11,1.5691826343536377
1988-09-12,1.4660818576812744
1988-09-13,1.3771315813064575
1988-09-14,1.2996381521224976
1988-09-15,1.231547474861145
1988-09-16,1.2355877161026
1988-09-17,1.7761247158050537
1988-09-18,4.713461875915527
1988-09-19,13.66528606414795
1988-09-20,18.77975845336914
1988-09-21,10.367964744567871
1988-09-22,6.958592414855957
1988-09-23,5.444793701171875
1988-09-24,4.68425178527832
1988-09-25,3.863236427307129
1988-09-26,3.223677396774292
1988-09-27,2.7648274898529053
1988-09-28,2.426846504211426
1988-09-29,2.172959566116333
1988-09-30,1.9809253215789795
1988-10-01,1.8614381551742554
1988-10-02,1.8535075187683105
1988-10-03,2.0156333446502686
1988-10-04,2.277927875518799
1988-10-05,2.58319091796875
1988-10-06,2.389829635620117
1988-10-07,2.1101794242858887
1988-10-08,1.8901240825653076
1988-10-09,1.7219719886779785
1988-10-10,1.596279501914978
1988-10-11,1.4900723695755005
1988-10-12,1.3985352516174316
1988-10-13,1.3188635110855103
1988-10-14,1.248927116394043
1988-10-15,1.187059998512268
1988-10-16,1.1319506168365479
1988-10-17,1.082555890083313
1988-10-18,1.0380371809005737
1988-10-19,0.9977123141288757
1988-10-20,0.9610195755958557
1988-10-21,0.9274929165840149
1988-10-22,0.8967422842979431
1988-10-23,0.8684381246566772
1988-10-24,0.8423003554344177
1988-10-25,0.8180895447731018
1988-10-26,0.7956001162528992
1988-10-27,0.8274103999137878
1988-10-28,1.0641415119171143
1988-10-29,1.6995576620101929
1988-10-30,2.666936159133911
1988-10-31,2.5770556926727295
1988-11-01,2.2291250228881836
1988-11-02,1.9532451629638672
1988-11-03,1.7557597160339355
1988-11-04,1.6248973608016968
1988-11-05,1.5155218839645386
1988-11-06,1.4213361740112305
1988-11-07,1.3393807411193848
1988-11-08,1.2674611806869507
1988-11-09,1.203871250152588
1988-11-10,1.1472489833831787
1988-11-11,1.0965187549591064
1988-11-12,1.0508177280426025
1988-11-13,1.0094444751739502
1988-11-14,0.9718202352523804
1988-11-15,0.9374621510505676
1988-11-16,0.9059658050537109
1988-11-17,0.8769907355308533
1988-11-18,0.8502489328384399
1988-11-19,0.8254944086074829
1988-11-20,0.8025147318840027
1988-11-21,0.7811248898506165
1988-11-22,0.76116544008255
1988-11-23,0.742498517036438
1988-11-24,0.7250032424926758
1988-11-25,0.7086799144744873
1988-11-26,0.6941172480583191
1988-11-27,0.6823624968528748
1988-11-28,0.6734716892242432
1988-11-29,0.6649741530418396
1988-11-30,0.6524935364723206
1988-12-01,0.6390441656112671
1988-12-02,0.6265645027160645
1988-12-03,0.615151584148407
1988-12-04,0.6046406626701355
1988-12-05,0.5946468710899353
1988-12-06,0.5851162672042847
1988-12-07,0.576017439365387
1988-12-08,0.5673219561576843
1988-12-09,0.5593141913414001
1988-12-10,0.5527185201644897
1988-12-11,0.5478062629699707
1988-12-12,0.5437827706336975
1988-12-13,0.5369538068771362
1988-12-14,0.5291250348091125
1988-12-15,0.5217702984809875
1988-12-16,0.5149986743927002
1988-12-17,0.5087658762931824
1988-12-18,0.5027782917022705
1988-12-19,0.49700793623924255
1988-12-20,0.4914432764053345
1988-12-21,0.48607364296913147
1988-12-22,0.4808889925479889
1988-12-23,0.4758800268173218
1988-12-24,0.4710380733013153
1988-12-25,0.4663550555706024
1988-12-26,0.46182337403297424
1988-12-27,0.4574359655380249
1988-12-28,0.45318612456321716
1988-12-29,0.4490675926208496
1988-12-30,0.44507449865341187
1988-12-31,0.44120126962661743
1989-01-01,0.43744271993637085
1989-01-02,0.43379390239715576
1989-01-03,0.4302501678466797
1989-01-04,0.42680713534355164
1989-01-05,0.4234606623649597
1989-01-06,0.42020684480667114
1989-01-07,0.41704198718070984
1989-01-08,0.41396257281303406
1989-01-09,0.4109652638435364
1989-01-10,0.4080469012260437
1989-01-11,0.40520450472831726
1989-01-12,0.4024352431297302
1989-01-13,0.3997363746166229
1989-01-14,0.3971053957939148
1989-01-15,0.3945397734642029
1989-01-16,0.3920372426509857
1989-01-17,0.38959556818008423
1989-01-18,0.3872126340866089
1989-01-19,0.38488641381263733
1989-01-20,0.3826712667942047
1989-01-21,0.3806973099708557
1989-01-22,0.3790067136287689
1989-01-23,0.3774758577346802
1989-01-24,0.3754422068595886
1989-01-25,0.37321609258651733
1989-01-26,0.37107887864112854
1989-01-27,0.36905571818351746
1989-01-28,0.3671388328075409
1989-01-29,0.3652667701244354
1989-01-30,0.36343491077423096
1989-01-31,0.361642062664032
1989-02-01,0.3599115014076233
1989-02-02,0.35829925537109375
1989-02-03,0.35682255029678345
1989-02-04,0.3554285168647766
1989-02-05,0.35382911562919617
1989-02-06,0.3521581292152405
1989-02-07,0.350581556558609
1989-02-08,0.3492107689380646
1989-02-09,0.3480737507343292
1989-02-10,0.34705251455307007
1989-02-11,0.34563934803009033
1989-02-12,0.34407010674476624
1989-02-13,0.34256264567375183
1989-02-14,0.3411373794078827
1989-02-15,0.33978843688964844
1989-02-16,0.3384675085544586
1989-02-17,0.3372015953063965
1989-02-18,0.33606064319610596
1989-02-19,0.33506566286087036
1989-02-20,0.33415335416793823
1989-02-21,0.33296751976013184
1989-02-22,0.33167368173599243
1989-02-23,0.33042582869529724
1989-02-24,0.32923850417137146
1989-02-25,0.3281075656414032
1989-02-26,0.32699841260910034
1989-02-27,0.3259086608886719
1989-02-28,0.3248378038406372
1989-03-01,0.3237854242324829
1989-03-02,0.3227524161338806
1989-03-03,0.3217414915561676
1989-03-04,0.3207531273365021
1989-03-05,0.3197842538356781
1989-03-06,0.31881874799728394
1989-03-07,0.3178636133670807
1989-03-08,0.3169252574443817
1989-03-09,0.31600409746170044
1989-03-10,0.3150995373725891
1989-03-11,0.31420978903770447
1989-03-12,0.3133344054222107
1989-03-13,0.3124730885028839
1989-03-14,0.31162551045417786
1989-03-15,0.3107914328575134
1989-03-16,0.30997052788734436
1989-03-17,0.30916252732276917
1989-03-18,0.30836719274520874
1989-03-19,0.3075841963291168
1989-03-20,0.3068133294582367
1989-03-21,0.30605435371398926
1989-03-22,0.30530697107315063
1989-03-23,0.3045710325241089
1989-03-24,0.30384621024131775
1989-03-25,0.3031323552131653
1989-03-26,0.3024292290210724
1989-03-27,0.30173659324645996
1989-03-28,0.30105429887771606
1989-03-29,0.3003821074962616
1989-03-30,0.29971981048583984
1989-03-31,0.2990672290325165
1989-04-01,0.2984241843223572
1989-04-02,0.29779052734375
1989-04-03,0.29716601967811584
1989-04-04,0.2965505123138428
1989-04-05,0.29594385623931885
1989-04-06,0.29534584283828735
1989-04-07,0.29475638270378113
1989-04-08,0.29417526721954346
1989-04-09,0.2936023473739624
1989-04-10,0.293037474155426
1989-04-11,0.29249051213264465
1989-04-12,0.2919842302799225
1989-04-13,0.2915247678756714
1989-04-14,0.2910924255847931
1989-04-15,0.29060566425323486
1989-04-16,0.29029279947280884
1989-04-17,0.2904438078403473
1989-04-18,0.2910561263561249
1989-04-19,0.2915373146533966
1989-04-20,0.29095953702926636
1989-04-21,0.29001232981681824
1989-04-22,0.28920120000839233
1989-04-23,0.2885715067386627
1989-04-24,0.28806960582733154
1989-04-25,0.28758081793785095
1989-04-26,0.28709858655929565
1989-04-27,0.2874218821525574
1989-04-28,0.2903825640678406
1989-04-29,0.2965160012245178
1989-04-30,0.30430158972740173
1989-05-01,0.3045828342437744
1989-05-02,0.3023887276649475
1989-05-03,0.3038453757762909
1989-05-04,0.31292980909347534
1989-05-05,0.32739412784576416
1989-05-06,0.3445274233818054
1989-05-07,0.34421491622924805
1989-05-08,0.3364677429199219
1989-05-09,0.3305903375148773
1989-05-10,0.3271646201610565
1989-05-11,0.32595300674438477
1989-05-12,0.324878990650177
1989-05-13,0.3238242566585541
1989-05-14,0.32278820872306824
1989-05-15,0.32177016139030457
1989-05-16,0.32076963782310486
1989-05-17,0.31978607177734375
1989-05-18,0.3188190758228302
1989-05-19,0.3178682029247284
1989-05-20,0.31693312525749207
1989-05-21,0.3160134255886078
1989-05-22,0.3151088058948517
1989-05-23,0.3142188787460327
1989-05-24,0.3133433163166046
1989-05-25,0.3124818503856659
1989-05-26,0.3116341531276703
1989-05-27,0.3108045756816864
1989-05-28,0.31000345945358276
1989-05-29,0.3092336356639862
1989-05-30,0.30848556756973267
1989-05-31,0.30770498514175415
1989-06-01,0.3069167137145996
1989-06-02,0.30614420771598816
1989-06-03,0.3053895831108093
1989-06-04,0.30465206503868103
1989-06-05,0.3039260506629944
1989-06-06,0.303210973739624
1989-06-07,0.3025066554546356
1989-06-08,0.30181288719177246
1989-06-09,0.30112946033477783
1989-06-10,0.30045613646507263
1989-06-11,0.2997927665710449
1989-06-12,0.2991391122341156
1989-06-13,0.29849952459335327
1989-06-14,0.29806262254714966
1989-06-15,0.2982408404350281
1989-06-16,0.29914185404777527
1989-06-17,0.3003629148006439
1989-06-18,0.2998414635658264
1989-06-19,0.29863855242729187
1989-06-20,0.2978399395942688
1989-06-21,0.29758477210998535
1989-06-22,0.29770296812057495
1989-06-23,0.2971420884132385
1989-06-24,0.29628029465675354
1989-06-25,0.2954883277416229
1989-06-26,0.2957526445388794
1989-06-27,0.2995383143424988
1989-06-28,0.3081018924713135
1989-06-29,0.31985077261924744
1989-06-30,0.3228912055492401
1989-07-01,0.31893277168273926
1989-07-02,0.3145139813423157
1989-07-03,0.3116506338119507
1989-07-04,0.3103777766227722
1989-07-05,0.3097876310348511
1989-07-06,0.3100404739379883
1989-07-07,0.311283141374588
1989-07-08,0.3130279779434204
1989-07-09,0.31240105628967285
1989-07-10,0.3107333183288574
1989-07-11,0.30928221344947815
1989-07-12,0.30817392468452454
1989-07-13,0.3073779344558716
1989-07-14,0.30661025643348694
1989-07-15,0.305854469537735
1989-07-16,0.3051101863384247
1989-07-17,0.30437716841697693
1989-07-18,0.3036552667617798
1989-07-19,0.30294424295425415
1989-07-20,0.3022438883781433
1989-07-21,0.3015628457069397
1989-07-22,0.3009212017059326
1989-07-23,0.3003244698047638
1989-07-24,0.2997801601886749
1989-07-25,0.29928818345069885
1989-07-26,0.29943734407424927
1989-07-27,0.3012225031852722
1989-07-28,0.3045508861541748
1989-07-29,0.3082057535648346
1989-07-30,0.30759069323539734
1989-07-31,0.30523863434791565
1989-08-01,0.30334436893463135
1989-08-02,0.3020929992198944
1989-08-03,0.3013772666454315
1989-08-04,0.300699919462204
1989-08-05,0.30003267526626587
1989-08-06,0.3010188341140747
1989-08-07,0.3074578642845154
1989-08-08,0.3205816149711609
1989-08-09,0.3372739553451538
1989-08-10,0.33767420053482056
1989-08-11,0.3308580219745636
1989-08-12,0.3254361152648926
1989-08-13,0.32226845622062683
1989-08-14,0.32115113735198975
1989-08-15,0.32097330689430237
1989-08-16,0.323510080575943
1989-08-17,0.329359233379364
1989-08-18,0.33690521121025085
1989-08-19,0.3364856541156769
1989-08-20,0.3325587809085846
1989-08-21,0.32931455969810486
1989-08-22,0.32716861367225647
1989-08-23,0.32602307200431824
1989-08-24,0.32494956254959106
1989-08-25,0.32389500737190247
1989-08-26,0.32285892963409424
1989-08-27,0.3218404948711395
1989-08-28,0.32083919644355774
1989-08-29,0.319854736328125
1989-08-30,0.31888672709465027
1989-08-31,0.31793490052223206
1989-09-01,0.31699877977371216
1989-09-02,0.3160780668258667
1989-09-03,0.31517237424850464
1989-09-04,0.3142814338207245
1989-09-05,0.3134433627128601
1989-09-06,0.3127465546131134
1989-09-07,0.31254661083221436
1989-09-08,0.3135279417037964
1989-09-09,0.3154686391353607
1989-09-10,0.3179198205471039
1989-09-11,0.31720009446144104
1989-09-12,0.3151257038116455
1989-09-13,0.31338638067245483
1989-09-14,0.3140288293361664
1989-09-15,0.32147660851478577
1989-09-16,0.3368692696094513
1989-09-17,0.3565041422843933
1989-09-18,0.3569760024547577
1989-09-19,0.3489826023578644
1989-09-20,0.3425951600074768
1989-09-21,0.3388049900531769
1989-09-22,0.35024067759513855
1989-09-23,0.40634334087371826
1989-09-24,0.5273469090461731
1989-09-25,0.6961472034454346
1989-09-26,0.710043728351593
1989-09-27,0.657578706741333
1989-09-28,0.6154537796974182
1989-09-29,0.590170681476593
1989-09-30,0.5803052186965942
1989-10-01,0.5715831518173218
1989-10-02,0.5631921291351318
1989-10-03,0.5551244020462036
1989-10-04,0.547369658946991
1989-10-05,0.5399170517921448
1989-10-06,0.5327543020248413
1989-10-07,0.525867760181427
1989-10-08,0.5237226486206055
1989-10-09,0.5372340679168701
1989-10-10,0.5715495347976685
1989-10-11,0.6164244413375854
1989-10-12,0.6142044067382812
1989-10-13,0.59267657995224
1989-10-14,0.5744855999946594
1989-10-15,0.5614870190620422
1989-10-16,0.5532310605049133
1989-10-17,0.5455339550971985
1989-10-18,0.5387994050979614
1989-10-19,0.5345912575721741
1989-10-20,0.5335207581520081
1989-10-21,0.5339704751968384
1989-10-22,0.5281097292900085
1989-10-23,0.5197626352310181
1989-10-24,0.5120885968208313
1989-10-25,0.5053438544273376
1989-10-26,0.4994536340236664
1989-10-27,0.4938058853149414
1989-10-28,0.48835623264312744
1989-10-29,0.48309487104415894
1989-10-30,0.4780125617980957
1989-10-31,0.47328805923461914
1989-11-01,0.46936050057411194
1989-11-02,0.4665622413158417
1989-11-03,0.4648638665676117
1989-11-04,0.46219590306282043
1989-11-05,0.45921409130096436
1989-11-06,0.4547673463821411
1989-11-07,0.44992685317993164
1989-11-08,0.4455272853374481
1989-11-09,0.44145694375038147
1989-11-10,0.4376821219921112
1989-11-11,0.43425607681274414
1989-11-12,0.4317081868648529
1989-11-13,0.4302287995815277
1989-11-14,0.42929381132125854
1989-11-15,0.4261902868747711
1989-11-16,0.4222084879875183
1989-11-17,0.4184834659099579
1989-11-18,0.4151149094104767
1989-11-19,0.4120746850967407
1989-11-20,0.4091276526451111
1989-11-21,0.40625759959220886
1989-11-22,0.40346163511276245
1989-11-23,0.4007370173931122
1989-11-24,0.39808109402656555
1989-11-25,0.39549145102500916
1989-11-26,0.392965704202652
1989-11-27,0.39050158858299255
1989-11-28,0.38809698820114136
1989-11-29,0.38574984669685364
1989-11-30,0.3834581673145294
1989-12-01,0.38122013211250305
1989-12-02,0.3796134889125824
1989-12-03,0.3851732909679413
1989-12-04,0.41091597080230713
1989-12-05,0.4616957902908325
1989-12-06,0.5201585292816162
1989-12-07,0.5208007097244263
1989-12-08,0.4980938136577606
1989-12-09,0.48014217615127563
1989-12-10,0.4693610966205597
1989-12-11,0.4645656645298004
1989-12-12,0.46020907163619995
1989-12-13,0.4559727907180786
1989-12-14,0.4518536329269409
1989-12-15,0.44785162806510925
1989-12-16,0.4439624845981598
1989-12-17,0.4401791989803314
1989-12-18,0.43649762868881226
1989-12-19,0.4329164922237396
1989-12-20,0.4296189248561859
1989-12-21,0.427040159702301
1989-12-22,0.425692081451416
1989-12-23,0.42600756883621216
1989-12-24,0.42610394954681396
1989-12-25,0.426215261220932
1989-12-26,0.4230082929134369
1989-12-27,0.41857844591140747
1989-12-28,0.4146862030029297
1989-12-29,0.4113032817840576
1989-12-30,0.4083784818649292
1989-12-31,0.40554511547088623
1990-01-01,0.4027808904647827
1990-01-02,0.40008437633514404
1990-01-03,0.3974541425704956
1990-01-04,0.3948882520198822
1990-01-05,0.39238423109054565
1990-01-06,0.3899398744106293
1990-01-07,0.38755324482917786
1990-01-08,0.38522273302078247
1990-01-09,0.38294661045074463
1990-01-10,0.38072314858436584
1990-01-11,0.37855058908462524
1990-01-12,0.3765866756439209
1990-01-13,0.3752037584781647
1990-01-14,0.3745248317718506
1990-01-15,0.37420615553855896
1990-01-16,0.37237000465393066
1990-01-17,0.36989715695381165
1990-01-18,0.3675897717475891
1990-01-19,0.3655227720737457
1990-01-20,0.36367663741111755
1990-01-21,0.3618791401386261
1990-01-22,0.36011946201324463
1990-01-23,0.3583965599536896
1990-01-24,0.356709361076355
1990-01-25,0.3550568222999573
1990-01-26,0.3534379303455353
1990-01-27,0.35185176134109497
1990-01-28,0.3502974212169647
1990-01-29,0.3487856388092041
1990-01-30,0.3473427891731262
1990-01-31,0.3459765613079071
1990-02-01,0.34466174244880676
1990-02-02,0.34326082468032837
1990-02-03,0.3418370485305786
1990-02-04,0.34044891595840454
1990-02-05,0.33910149335861206
1990-02-06,0.3378201425075531
1990-02-07,0.3366551399230957
1990-02-08,0.33562466502189636
1990-02-09,0.33467140793800354
1990-02-10,0.333473265171051
1990-02-11,0.3321797847747803
1990-02-12,0.3309301435947418
1990-02-13,0.32973745465278625
1990-02-14,0.32859787344932556
1990-02-15,0.32748013734817505
1990-02-16,0.32638195157051086
1990-02-17,0.3253028988838196
1990-02-18,0.32424619793891907
1990-02-19,0.3232199251651764
1990-02-20,0.32222622632980347
1990-02-21,0.3212571442127228
1990-02-22,0.32026925683021545
1990-02-23,0.3192822337150574
1990-02-24,0.31831449270248413
1990-02-25,0.3173675239086151
1990-02-26,0.31644052267074585
1990-02-27,0.3155289590358734
1990-02-28,0.31463223695755005
1990-03-01,0.3137500286102295
1990-03-02,0.31288203597068787
1990-03-03,0.3120279610157013
1990-03-04,0.3111874759197235
1990-03-05,0.31036072969436646
1990-03-06,0.3095482289791107
1990-03-07,0.3087500333786011
1990-03-08,0.30796509981155396
1990-03-09,0.3071886897087097
1990-03-10,0.3064226508140564
1990-03-11,0.3056686520576477
1990-03-12,0.30492669343948364
1990-03-13,0.30419647693634033
1990-03-14,0.30347734689712524
1990-03-15,0.3027690351009369
1990-03-16,0.30207133293151855
1990-03-17,0.3013840615749359
1990-03-18,0.30070698261260986
1990-03-19,0.3000398874282837
1990-03-20,0.29938262701034546
1990-03-21,0.29873499274253845
1990-03-22,0.29809680581092834
1990-03-23,0.2974678575992584
1990-03-24,0.29684802889823914
1990-03-25,0.2962370812892914
1990-03-26,0.295634925365448
1990-03-27,0.29507288336753845
1990-03-28,0.29462307691574097
1990-03-29,0.2943054735660553
1990-03-30,0.29405805468559265
1990-03-31,0.2935134172439575
1990-04-01,0.2928415834903717
1990-04-02,0.29220834374427795
1990-04-03,0.29169970750808716
1990-04-04,0.2914528250694275
1990-04-05,0.29146111011505127
1990-04-06,0.2915583550930023
1990-04-07,0.2910590171813965
1990-04-08,0.29031023383140564
1990-04-09,0.28962573409080505
1990-04-10,0.2890367805957794
1990-04-11,0.2885367274284363
1990-04-12,0.288066565990448
1990-04-13,0.2876257300376892
1990-04-14,0.2872028648853302
1990-04-15,0.28673043847084045
1990-04-16,0.28623953461647034
1990-04-17,0.2857598662376404
1990-04-18,0.28529438376426697
1990-04-19,0.2848449647426605
1990-04-20,0.284414142370224
1990-04-21,0.28401046991348267
1990-04-22,0.28363049030303955
1990-04-23,0.28323596715927124
1990-04-24,0.28280413150787354
1990-04-25,0.2823663651943207
1990-04-26,0.28194063901901245
1990-04-27,0.28152814507484436
1990-04-28,0.28112515807151794
1990-04-29,0.2807275652885437
1990-04-30,0.280335009098053
1990-05-01,0.2799474895000458
1990-05-02,0.27956485748291016
1990-05-03,0.27918705344200134
1990-05-04,0.27881404757499695
1990-05-05,0.2784593105316162
1990-05-06,0.2783025801181793
1990-05-07,0.27869123220443726
1990-05-08,0.27969029545783997
1990-05-09,0.2808570861816406
1990-05-10,0.2805306613445282
1990-05-11,0.27958160638809204
1990-05-12,0.2787852883338928
1990-05-13,0.27822741866111755
1990-05-14,0.2778904139995575
1990-05-15,0.27759888768196106
1990-05-16,0.27732735872268677
1990-05-17,0.2769836187362671
1990-05-18,0.27661019563674927
1990-05-19,0.27624791860580444
1990-05-20,0.2759009599685669
1990-05-21,0.2755682170391083
1990-05-22,0.27524012327194214
1990-05-23,0.27491599321365356
1990-05-24,0.27459585666656494
1990-05-25,0.2742795944213867
1990-05-26,0.2739671766757965
1990-05-27,0.27365851402282715
1990-05-28,0.27335357666015625
1990-05-29,0.27305397391319275
1990-05-30,0.27276331186294556
1990-05-31,0.27248260378837585
1990-06-01,0.2722095251083374
1990-06-02,0.271927148103714
1990-06-03,0.2716447710990906
1990-06-04,0.2713690400123596
1990-06-05,0.27108991146087646
1990-06-06,0.27081215381622314
1990-06-07,0.2705385684967041
1990-06-08,0.2702694833278656
1990-06-09,0.2700047194957733
1990-06-10,0.2697431445121765
1990-06-11,0.26948460936546326
1990-06-12,0.26922908425331116
1990-06-13,0.26897692680358887
1990-06-14,0.26872891187667847
1990-06-15,0.26848527789115906
1990-06-16,0.26824524998664856
1990-06-17,0.26800432801246643
1990-06-18,0.26776453852653503
1990-06-19,0.26752784848213196
1990-06-20,0.26729437708854675
1990-06-21,0.26706406474113464
1990-06-22,0.26683640480041504
1990-06-23,0.26661133766174316
1990-06-24,0.2663934826850891
1990-06-25,0.26619336009025574
1990-06-26,0.26601359248161316
1990-06-27,0.2658453583717346
1990-06-28,0.2656347453594208
1990-06-29,0.26540663838386536
1990-06-30,0.26518499851226807
1990-07-01,0.2684321999549866
1990-07-02,0.2831202745437622
1990-07-03,0.3120114505290985
1990-07-04,0.3492177724838257
1990-07-05,0.35130003094673157
1990-07-06,0.3431883752346039
1990-07-07,0.36975181102752686
1990-07-08,0.4742419421672821
1990-07-09,0.6800445318222046
1990-07-10,0.8782493472099304
1990-07-11,0.8722713589668274
1990-07-12,0.7982929944992065
1990-07-13,0.7426220774650574
1990-07-14,0.7157902121543884
1990-07-15,0.7196325659751892
1990-07-16,0.7431510090827942
1990-07-17,0.7723348140716553
1990-07-18,0.7621676325798035
1990-07-19,0.7397885322570801
1990-07-20,0.7240050435066223
1990-07-21,0.7140816450119019
1990-07-22,0.6999396681785583
1990-07-23,0.6835141181945801
1990-07-24,0.6683559417724609
1990-07-25,0.654761016368866
1990-07-26,0.6425678730010986
1990-07-27,0.6307876110076904
1990-07-28,0.6194837689399719
1990-07-29,0.6087362766265869
1990-07-30,0.5987150073051453
1990-07-31,0.5898529887199402
1990-08-01,0.582283079624176
1990-08-02,0.5754793882369995
1990-08-03,0.5671337842941284
1990-08-04,0.5583644509315491
1990-08-05,0.5500649213790894
1990-08-06,0.5422895550727844
1990-08-07,0.5354518294334412
1990-08-08,0.5325424075126648
1990-08-09,0.5390591621398926
1990-08-10,0.5561347007751465
1990-08-11,0.5732504725456238
1990-08-12,0.5671847462654114
1990-08-13,0.5527704358100891
1990-08-14,0.5405266880989075
1990-08-15,0.5312505960464478
1990-08-16,0.5243105888366699
1990-08-17,0.517739474773407
1990-08-18,0.511416494846344
1990-08-19,0.5053290128707886
1990-08-20,0.4994644522666931
1990-08-21,0.4938108026981354
1990-08-22,0.4883570373058319
1990-08-23,0.4830928146839142
1990-08-24,0.47800853848457336
1990-08-25,0.47309520840644836
1990-08-26,0.46834439039230347
1990-08-27,0.4637483060359955
1990-08-28,0.45929956436157227
1990-08-29,0.45499131083488464
1990-08-30,0.4508170485496521
1990-08-31,0.4467707574367523
1990-09-01,0.4428466856479645
1990-09-02,0.43903952836990356
1990-09-03,0.4356618821620941
1990-09-04,0.43498435616493225
1990-09-05,0.4637710154056549
1990-09-06,0.5842412710189819
1990-09-07,0.8481487035751343
1990-09-08,1.2077897787094116
1990-09-09,1.2234364748001099
1990-09-10,1.1202173233032227
1990-09-11,1.0654102563858032
1990-09-12,1.1085090637207031
1990-09-13,1.2866287231445312
1990-09-14,1.6106404066085815
1990-09-15,1.9182097911834717
1990-09-16,2.1050662994384766
1990-09-17,1.9616590738296509
1990-09-18,1.8277130126953125
1990-09-19,1.9696038961410522
1990-09-20,2.529888868331909
1990-09-21,3.2848641872406006
1990-09-22,3.0132851600646973
1990-09-23,2.5780982971191406
1990-09-24,2.4240074157714844
1990-09-25,3.062811851501465
1990-09-26,5.203962802886963
1990-09-27,7.922756195068359
1990-09-28,6.11523962020874
1990-09-29,4.586602210998535
1990-09-30,3.621746778488159
1990-10-01,3.0476343631744385
1990-10-02,2.8371236324310303
1990-10-03,2.8910255432128906
1990-10-04,3.0001776218414307
1990-10-05,2.7882800102233887
1990-10-06,2.857973575592041
1990-10-07,3.498839855194092
1990-10-08,4.383327960968018
1990-10-09,3.948234796524048
1990-10-10,3.4063942432403564
1990-10-11,2.892306089401245
1990-10-12,2.498650312423706
1990-10-13,2.222881317138672
1990-10-14,2.008103847503662
1990-10-15,1.8365542888641357
1990-10-16,1.6941815614700317
1990-10-17,1.5739641189575195
1990-10-18,1.4711261987686157
1990-10-19,1.382209062576294
1990-10-20,1.3046232461929321
1990-10-21,1.2363883256912231
1990-10-22,1.17593514919281
1990-10-23,1.1220128536224365
1990-10-24,1.073633074760437
1990-10-25,1.0299984216690063
1990-10-26,0.9904432892799377
1990-10-27,0.9544194340705872
1990-10-28,0.9214754104614258
1990-10-29,0.8912337422370911
1990-10-30,0.8633761405944824
1990-10-31,0.8376321792602539
1990-11-01,0.8137704133987427
1990-11-02,0.7915915846824646
1990-11-03,0.7709237337112427
1990-11-04,0.7516176104545593
1990-11-05,0.7335430383682251
1990-11-06,0.7165859341621399
1990-11-07,0.7006460428237915
1990-11-08,0.6856343150138855
1990-11-09,0.6714717745780945
1990-11-10,0.6580879092216492
1990-11-11,0.6454201340675354
1990-11-12,0.6334125399589539
1990-11-13,0.6220147609710693
1990-11-14,0.6111812591552734
1990-11-15,0.6008711457252502
1990-11-16,0.5910472869873047
1990-11-17,0.5816904306411743
1990-11-18,0.5728046298027039
1990-11-19,0.5643754005432129
1990-11-20,0.5563409328460693
1990-11-21,0.5485089421272278
1990-11-22,0.5409425497055054
1990-11-23,0.5336904525756836
1990-11-24,0.5267401337623596
1990-11-25,0.5200734734535217
1990-11-26,0.5136624574661255
1990-11-27,0.5074920058250427
1990-11-28,0.5015488862991333
1990-11-29,0.49592235684394836
1990-11-30,0.4908435046672821
1990-12-01,0.4863923490047455
1990-12-02,0.48231640458106995
1990-12-03,0.4774099588394165
1990-12-04,0.47225773334503174
1990-12-05,0.4673711657524109
1990-12-06,0.4627946615219116
1990-12-07,0.4584859609603882
1990-12-08,0.454218327999115
1990-12-09,0.45003950595855713
1990-12-10,0.4459947943687439
1990-12-11,0.44208309054374695
1990-12-12,0.43829798698425293
1990-12-13,0.4346243441104889
1990-12-14,0.43105679750442505
1990-12-15,0.4275909662246704
1990-12-16,0.4242226183414459
1990-12-17,0.4209478199481964
1990-12-18,0.417762815952301
1990-12-19,0.41466403007507324
1990-12-20,0.41164812445640564
1990-12-21,0.40871185064315796
1990-12-22,0.40585222840309143
1990-12-23,0.40306639671325684
1990-12-24,0.40035155415534973
1990-12-25,0.39770516753196716
1990-12-26,0.3951247036457062
1990-12-27,0.3926078677177429
1990-12-28,0.3901523947715759
1990-12-29,0.3877561092376709
1990-12-30,0.38541701436042786
1990-12-31,0.3831331431865692
1991-01-01,0.38090261816978455
1991-01-02,0.37872371077537537
1991-01-03,0.3765947222709656
1991-01-04,0.37451398372650146
1991-01-05,0.37247994542121887
1991-01-06,0.3704911768436432
1991-01-07,0.36854618787765503
1991-01-08,0.36664363741874695
1991-01-09,0.3647822439670563
1991-01-10,0.36296072602272034
1991-01-11,0.36117786169052124
1991-01-12,0.35943251848220825
1991-01-13,0.3577236235141754
1991-01-14,0.3560500144958496
1991-01-15,0.3544107675552368
1991-01-16,0.35280483961105347
1991-01-17,0.35123127698898315
1991-01-18,0.34968918561935425
1991-01-19,0.3481777012348175
1991-01-20,0.3466959297657013
1991-01-21,0.3452431261539459
1991-01-22,0.34381845593452454
1991-01-23,0.34242117404937744
1991-01-24,0.34105053544044495
1991-01-25,0.33970585465431213
1991-01-26,0.3383864462375641
1991-01-27,0.3370916545391083
1991-01-28,0.33582085371017456
1991-01-29,0.3345733880996704
1991-01-30,0.33334875106811523
1991-01-31,0.3321462869644165
1991-02-01,0.33096548914909363
1991-02-02,0.32980579137802124
1991-02-03,0.32866671681404114
1991-02-04,0.3277064263820648
1991-02-05,0.3272918164730072
1991-02-06,0.32753434777259827
1991-02-07,0.3281105160713196
1991-02-08,0.327160120010376
1991-02-09,0.3255484104156494
1991-02-10,0.3240848183631897
1991-02-11,0.32284876704216003
1991-02-12,0.3218204975128174
1991-02-13,0.320819616317749
1991-02-14,0.3198355734348297
1991-02-15,0.3188679814338684
1991-02-16,0.31791648268699646
1991-02-17,0.3169806897640228
1991-02-18,0.31606027483940125
1991-02-19,0.31515491008758545
1991-02-20,0.3142642676830292
1991-02-21,0.31338798999786377
1991-02-22,0.31252583861351013
1991-02-23,0.3116774260997772
1991-02-24,0.31084251403808594
1991-02-25,0.3100208342075348
1991-02-26,0.3092120289802551
1991-02-27,0.3084159195423126
1991-02-28,0.307632178068161
1991-03-01,0.3068605661392212
1991-03-02,0.30610084533691406
1991-03-03,0.3053527772426605
1991-03-04,0.30461612343788147
1991-03-05,0.3038906455039978
1991-03-06,0.3031761050224304
1991-03-07,0.302472323179245
1991-03-08,0.3017790615558624
1991-03-09,0.301096111536026
1991-03-10,0.3004232943058014
1991-03-11,0.2997604012489319
1991-03-12,0.29910722374916077
1991-03-13,0.2984636127948761
1991-03-14,0.29782935976982117
1991-03-15,0.2972044050693512
1991-03-16,0.29658886790275574
1991-03-17,0.29598259925842285
1991-03-18,0.2953852415084839
1991-03-19,0.29479530453681946
1991-03-20,0.2942132353782654
1991-03-21,0.29363948106765747
1991-03-22,0.29307395219802856
1991-03-23,0.29251646995544434
1991-03-24,0.2919667661190033
1991-03-25,0.2914247214794159
1991-03-26,0.2908901572227478
1991-03-27,0.29036298394203186
1991-03-28,0.28984305262565613
1991-03-29,0.28933021426200867
1991-03-30,0.2888243496417999
1991-03-31,0.28832536935806274
1991-04-01,0.28783315420150757
1991-04-02,0.28734755516052246
1991-04-03,0.28686848282814026
1991-04-04,0.2863958179950714
1991-04-05,0.2860131561756134
1991-04-06,0.2860441505908966
1991-04-07,0.28684404492378235
1991-04-08,0.2883351743221283
1991-04-09,0.28928524255752563
1991-04-10,0.28870823979377747
1991-04-11,0.2880014181137085
1991-04-12,0.28796133399009705
1991-04-13,0.28843429684638977
1991-04-14,0.288021981716156
1991-04-15,0.28715309500694275
1991-04-16,0.28638479113578796
1991-04-17,0.28577500581741333
1991-04-18,0.2853095531463623
1991-04-19,0.2848575711250305
1991-04-20,0.28441154956817627
1991-04-21,0.2839713394641876
1991-04-22,0.2835369110107422
1991-04-23,0.2831081748008728
1991-04-24,0.2826850116252899
1991-04-25,0.28226733207702637
1991-04-26,0.281855046749115
1991-04-27,0.281448096036911
1991-04-28,0.2810463309288025
1991-04-29,0.28064975142478943
1991-04-30,0.2802582085132599
1991-05-01,0.2798716425895691
1991-05-02,0.2794899642467499
1991-05-03,0.2796420753002167
1991-05-04,0.2815357744693756
1991-05-05,0.28604817390441895
1991-05-06,0.2935459017753601
1991-05-07,0.2984428107738495
1991-05-08,0.30264246463775635
1991-05-09,0.3022606372833252
1991-05-10,0.2997106611728668
1991-05-11,0.3013608455657959
1991-05-12,0.3116492033004761
1991-05-13,0.330718994140625
1991-05-14,0.3476801812648773
1991-05-15,0.34593018889427185
1991-05-16,0.3375372886657715
1991-05-17,0.33505263924598694
1991-05-18,0.34805557131767273
1991-05-19,0.387304425239563
1991-05-20,0.4652359187602997
1991-05-21,0.544879138469696
1991-05-22,0.6324605941772461
1991-05-23,0.6288727521896362
1991-05-24,0.5900569558143616
1991-05-25,0.5620521306991577
1991-05-26,0.544681966304779
1991-05-27,0.5368544459342957
1991-05-28,0.5298124551773071
1991-05-29,0.52305006980896
1991-05-30,0.5165453553199768
1991-05-31,0.510291576385498
1991-06-01,0.5042923092842102
1991-06-02,0.4985414445400238
1991-06-03,0.4930129945278168
1991-06-04,0.4876082241535187
1991-06-05,0.48235654830932617
1991-06-06,0.47728610038757324
1991-06-07,0.47239336371421814
1991-06-08,0.4676680862903595
1991-06-09,0.4653466045856476
1991-06-10,0.4900214672088623
1991-06-11,0.609711229801178
1991-06-12,0.9220559597015381
1991-06-13,1.4633427858352661
1991-06-14,1.8307833671569824
1991-06-15,1.875746488571167
1991-06-16,1.7849061489105225
1991-06-17,1.6322026252746582
1991-06-18,1.5193026065826416
1991-06-19,1.460651159286499
1991-06-20,1.426003098487854
1991-06-21,1.3542113304138184
1991-06-22,1.2751482725143433
1991-06-23,1.205785870552063
1991-06-24,1.1461693048477173
1991-06-25,1.0951379537582397
1991-06-26,1.049393653869629
1991-06-27,1.0079916715621948
1991-06-28,0.9703353047370911
1991-06-29,0.9359573721885681
1991-06-30,0.939339816570282
1991-07-01,1.0736697912216187
1991-07-02,1.4249849319458008
1991-07-03,1.9147932529449463
1991-07-04,1.8726414442062378
1991-07-05,1.677324891090393
1991-07-06,1.5688865184783936
1991-07-07,1.6919867992401123
1991-07-08,2.186645984649658
1991-07-09,2.953395128250122
1991-07-10,3.027311086654663
1991-07-11,2.944270372390747
1991-07-12,2.593224287033081
1991-07-13,2.2597556114196777
1991-07-14,2.0187501907348633
1991-07-15,1.832180380821228
1991-07-16,1.6872490644454956
1991-07-17,1.5662740468978882
1991-07-18,1.46320378780365
1991-07-19,1.3742988109588623
1991-07-20,1.2968751192092896
1991-07-21,1.2288893461227417
1991-07-22,1.168749213218689
1991-07-23,1.11518394947052
1991-07-24,1.0681512355804443
1991-07-25,1.029183268547058
1991-07-26,0.9985693693161011
1991-07-27,0.9727568626403809
1991-07-28,0.9401282668113708
1991-07-29,0.9067400693893433
1991-07-30,0.8763467669487
1991-07-31,0.8489319086074829
1991-08-01,0.8241767287254333
1991-08-02,0.8012389540672302
1991-08-03,0.7798962593078613
1991-08-04,0.7599870562553406
1991-08-05,0.7413707375526428
1991-08-06,0.7239247560501099
1991-08-07,0.7075415253639221
1991-08-08,0.6921262741088867
1991-08-09,0.6775952577590942
1991-08-10,0.663874089717865
1991-08-11,0.6508966684341431
1991-08-12,0.638603925704956
1991-08-13,0.6269428133964539
1991-08-14,0.6158657670021057
1991-08-15,0.6053298711776733
1991-08-16,0.595296323299408
1991-08-17,0.5857300162315369
1991-08-18,0.5765989422798157
1991-08-19,0.5678741335868835
1991-08-20,0.5595290064811707
1991-08-21,0.5515393614768982
1991-08-22,0.5438829660415649
1991-08-23,0.5365394353866577
1991-08-24,0.5294899940490723
1991-08-25,0.5227174758911133
1991-08-26,0.5178452134132385
1991-08-27,0.518811047077179
1991-08-28,0.5272253751754761
1991-08-29,0.5391743183135986
1991-08-30,0.5347106456756592
1991-08-31,0.5235321521759033
1991-09-01,0.5148585438728333
1991-09-02,0.5121479630470276
1991-09-03,0.517819344997406
1991-09-04,0.5433850884437561
1991-09-05,0.616925060749054
1991-09-06,0.7922232747077942
1991-09-07,1.2174859046936035
1991-09-08,2.3089191913604736
1991-09-09,5.350104808807373
1991-09-10,9.815338134765625
1991-09-11,7.1804351806640625
1991-09-12,5.183610916137695
1991-09-13,4.040734767913818
1991-09-14,3.5105178356170654
1991-09-15,3.5469369888305664
1991-09-16,3.9098782539367676
1991-09-17,4.138920783996582
1991-09-18,3.832179307937622
1991-09-19,3.249567985534668
1991-09-20,2.7814481258392334
1991-09-21,2.48689866065979
1991-09-22,2.3357460498809814
1991-09-23,2.245380401611328
1991-09-24,2.058911085128784
1991-09-25,1.8894792795181274
1991-09-26,1.8124470710754395
1991-09-27,1.8436275720596313
1991-09-28,1.9161057472229004
1991-09-29,1.8023589849472046
1991-09-30,1.6501015424728394
1991-10-01,1.5227570533752441
1991-10-02,1.4201961755752563
1991-10-03,1.3384016752243042
1991-10-04,1.266971468925476
1991-10-05,1.203818440437317
1991-10-06,1.1542534828186035
1991-10-07,1.1338860988616943
1991-10-08,1.1498847007751465
1991-10-09,1.1806117296218872
1991-10-10,1.1420750617980957
1991-10-11,1.0825647115707397
1991-10-12,1.030381679534912
1991-10-13,0.9868559241294861
1991-10-14,0.9511004686355591
1991-10-15,0.9185521006584167
1991-10-16,0.8886269927024841
1991-10-17,0.8610272407531738
1991-10-18,0.8354963064193726
1991-10-19,0.8118136525154114
1991-10-20,0.7897883653640747
1991-10-21,0.7692541480064392
1991-10-22,0.7500655651092529
1991-10-23,0.7320951223373413
1991-10-24,0.7152305245399475
1991-10-25,0.6993730664253235
1991-10-26,0.6844353675842285
1991-10-27,0.670339822769165
1991-10-28,0.6570172309875488
1991-10-29,0.6444058418273926
1991-10-30,0.6326181888580322
1991-10-31,0.6220112442970276
1991-11-01,0.6127021908760071
1991-11-02,0.6042109727859497
1991-11-03,0.5956152081489563
1991-11-04,0.5905357599258423
1991-11-05,0.5908234119415283
1991-11-06,0.5937485098838806
1991-11-07,0.5861521363258362
1991-11-08,0.5744272470474243
1991-11-09,0.5637744069099426
1991-11-10,0.554596483707428
1991-11-11,0.546769917011261
1991-11-12,0.5393162369728088
1991-11-13,0.5321621298789978
1991-11-14,0.52528977394104
1991-11-15,0.518683135509491
1991-11-16,0.5123271942138672
1991-11-17,0.5062081813812256
1991-11-18,0.5003133416175842
1991-11-19,0.4946306645870209
1991-11-20,0.4891490936279297
1991-11-21,0.48385828733444214
1991-11-22,0.4787485897541046
1991-11-23,0.47381097078323364
1991-11-24,0.4690370559692383
1991-11-25,0.464418888092041
1991-11-26,0.4599490463733673
1991-11-27,0.4556206464767456
1991-11-28,0.4514271318912506
1991-11-29,0.44736239314079285
1991-11-30,0.4434206485748291
1991-12-01,0.439596563577652
1991-12-02,0.4358850121498108
1991-12-03,0.4322811961174011
1991-12-04,0.42878061532974243
1991-12-05,0.4253789186477661
1991-12-06,0.4220721423625946
1991-12-07,0.4188564419746399
1991-12-08,0.4157281517982483
1991-12-09,0.41268390417099
1991-12-10,0.40976276993751526
1991-12-11,0.4070616364479065
1991-12-12,0.4046119749546051
1991-12-13,0.4023166596889496
1991-12-14,0.39967477321624756
1991-12-15,0.3969205915927887
1991-12-16,0.39426320791244507
1991-12-17,0.391719788312912
1991-12-18,0.3892833888530731
1991-12-19,0.3869079351425171
1991-12-20,0.38458895683288574
1991-12-21,0.3823245167732239
1991-12-22,0.38011279702186584
1991-12-23,0.37795203924179077
1991-12-24,0.3758961856365204
1991-12-25,0.37422865629196167
1991-12-26,0.3733540177345276
1991-12-27,0.3732724189758301
1991-12-28,0.3729965388774872
1991-12-29,0.3710086941719055
1991-12-30,0.36866849660873413
1991-12-31,0.36730483174324036
1992-01-01,0.36715617775917053
1992-01-02,0.36775681376457214
1992-01-03,0.3665129542350769
1992-01-04,0.36480626463890076
1992-01-05,0.3638845980167389
1992-01-06,0.36310824751853943
1992-01-07,0.36280322074890137
1992-01-08,0.3622744381427765
1992-01-09,0.36192238330841064
1992-01-10,0.36386820673942566
1992-01-11,0.37173518538475037
1992-01-12,0.38641491532325745
1992-01-13,0.4101310074329376
1992-01-14,0.4300191402435303
1992-01-15,0.42630988359451294
1992-01-16,0.4168745279312134
1992-01-17,0.4175872206687927
1992-01-18,0.4337998926639557
1992-01-19,0.46278032660484314
1992-01-20,0.4769616425037384
1992-01-21,0.47565680742263794
1992-01-22,0.46544256806373596
1992-01-23,0.4553312361240387
1992-01-24,0.44888174533843994
1992-01-25,0.44703659415245056
1992-01-26,0.455374538898468
1992-01-27,0.4760734438896179
1992-01-28,0.5033674240112305
1992-01-29,0.5059927105903625
1992-01-30,0.5068176984786987
1992-01-31,0.522071897983551
1992-02-01,0.5475349426269531
1992-02-02,0.5477429032325745
1992-02-03,0.5337369441986084
1992-02-04,0.5208413004875183
1992-02-05,0.5113553404808044
1992-02-06,0.5051177144050598
1992-02-07,0.4994346499443054
1992-02-08,0.4943145513534546
1992-02-09,0.4906497299671173
1992-02-10,0.48878607153892517
1992-02-11,0.48782405257225037
1992-02-12,0.4832635819911957
1992-02-13,0.47725924849510193
1992-02-14,0.47165238857269287
1992-02-15,0.46660369634628296
1992-02-16,0.4620742201805115
1992-02-17,0.4577004313468933
1992-02-18,0.45345789194107056
1992-02-19,0.4493422508239746
1992-02-20,0.44534894824028015
1992-02-21,0.44159042835235596
1992-02-22,0.43842607736587524
1992-02-23,0.43615710735321045
1992-02-24,0.43458738923072815
1992-02-25,0.4321371614933014
1992-02-26,0.42843663692474365
1992-02-27,0.42456182837486267
1992-02-28,0.4210236370563507
1992-02-29,0.4178568422794342
1992-03-01,0.41490113735198975
1992-03-02,0.4118991494178772
1992-03-03,0.4089188277721405
1992-03-04,0.40602484345436096
1992-03-05,0.4032205045223236
1992-03-06,0.4005017578601837
1992-03-07,0.3978520333766937
1992-03-08,0.39526817202568054
1992-03-09,0.3927479386329651
1992-03-10,0.3902890980243683
1992-03-11,0.3878895938396454
1992-03-12,0.38561615347862244
1992-03-13,0.3836284577846527
1992-03-14,0.3819786012172699
1992-03-15,0.38051533699035645
1992-03-16,0.3784281611442566
1992-03-17,0.37609726190567017
1992-03-18,0.3738667666912079
1992-03-19,0.37176764011383057
1992-03-20,0.36979052424430847
1992-03-21,0.36786091327667236
1992-03-22,0.36597323417663574
1992-03-23,0.3641262352466583
1992-03-24,0.36231866478919983
1992-03-25,0.36054936051368713
1992-03-26,0.3588171899318695
1992-03-27,0.3572227954864502
1992-03-28,0.3563297986984253
1992-03-29,0.35704362392425537
1992-03-30,0.35955488681793213
1992-03-31,0.362143874168396
1992-04-01,0.3620886504650116
1992-04-02,0.36209842562675476
1992-04-03,0.3643604516983032
1992-04-04,0.36703434586524963
1992-04-05,0.365448921918869
1992-04-06,0.36281830072402954
1992-04-07,0.36157944798469543
1992-04-08,0.3617416322231293
1992-04-09,0.3612605333328247
1992-04-10,0.3609558045864105
1992-04-11,0.36133331060409546
1992-04-12,0.3596251606941223
1992-04-13,0.35714468359947205
1992-04-14,0.3548988401889801
1992-04-15,0.3529941439628601
1992-04-16,0.3514026701450348
1992-04-17,0.3498578667640686
1992-04-18,0.3483436405658722
1992-04-19,0.346858948469162
1992-04-20,0.3454030156135559
1992-04-21,0.3439752161502838
1992-04-22,0.3425748348236084
1992-04-23,0.34120121598243713
1992-04-24,0.3398536443710327
1992-04-25,0.3387271463871002
1992-04-26,0.34027525782585144
1992-04-27,0.3493405878543854
1992-04-28,0.3672500550746918
1992-04-29,0.3876853883266449
1992-04-30,0.38718169927597046
1992-05-01,0.3780285716056824
1992-05-02,0.37076535820961
1992-05-03,0.366370290517807
1992-05-04,0.3662859797477722
1992-05-05,0.3771997392177582
1992-05-06,0.4116745591163635
1992-05-07,0.4716847538948059
1992-05-08,0.523937463760376
1992-05-09,0.5193653702735901
1992-05-10,0.4994569718837738
1992-05-11,0.502081573009491
1992-05-12,0.5413503646850586
1992-05-13,0.610634982585907
1992-05-14,0.6452906727790833
1992-05-15,0.6295235753059387
1992-05-16,0.6046766042709351
1992-05-17,0.592752993106842
1992-05-18,0.606623113155365
1992-05-19,0.6605401039123535
1992-05-20,0.7537226676940918
1992-05-21,0.8864226937294006
1992-05-22,0.9823591709136963
1992-05-23,1.078061819076538
1992-05-24,1.0702651739120483
1992-05-25,1.0501941442489624
1992-05-26,1.0572623014450073
1992-05-27,1.0292019844055176
1992-05-28,0.9859786629676819
1992-05-29,0.9592084884643555
1992-05-30,0.9906972646713257
1992-05-31,1.1061797142028809
1992-06-01,1.2696443796157837
1992-06-02,1.2708431482315063
1992-06-03,1.2175719738006592
1992-06-04,1.1473795175552368
1992-06-05,1.083598017692566
1992-06-06,1.0358731746673584
1992-06-07,1.1157608032226562
1992-06-08,1.7210676670074463
1992-06-09,3.644197463989258
1992-06-10,6.653745651245117
1992-06-11,5.483856678009033
1992-06-12,4.203699111938477
1992-06-13,3.353273391723633
1992-06-14,2.796677827835083
1992-06-15,2.446044921875
1992-06-16,2.1804144382476807
1992-06-17,1.9703248739242554
1992-06-18,1.8001481294631958
1992-06-19,1.6595962047576904
1992-06-20,1.541610598564148
1992-06-21,1.4411910772323608
1992-06-22,1.354699969291687
1992-06-23,1.2794337272644043
1992-06-24,1.2133424282073975
1992-06-25,1.1548428535461426
1992-06-26,1.1026948690414429
1992-06-27,1.0559136867523193
1992-06-28,1.0137077569961548
1992-06-29,0.9754340648651123
1992-06-30,0.9405643939971924
1992-07-01,0.9086613655090332
1992-07-02,0.8793595433235168
1992-07-03,0.8523512482643127
1992-07-04,0.8273756504058838
1992-07-05,0.8042101860046387
1992-07-06,0.7826637029647827
1992-07-07,0.7625712156295776
1992-07-08,0.7437894344329834
1992-07-09,0.7261934280395508
1992-07-10,0.7096737623214722
1992-07-11,0.6941340565681458
1992-07-12,0.6794891953468323
1992-07-13,0.6656637191772461
1992-07-14,0.6525903940200806
1992-07-15,0.6402092576026917
1992-07-16,0.6284666061401367
1992-07-17,0.6173141002655029
1992-07-18,0.6067081689834595
1992-07-19,0.5966095924377441
1992-07-20,0.5869924426078796
1992-07-21,0.5778476595878601
1992-07-22,0.5691549777984619
1992-07-23,0.5608628392219543
1992-07-24,0.5528327822685242
1992-07-25,0.5450995564460754
1992-07-26,0.5376884937286377
1992-07-27,0.5305842757225037
1992-07-28,0.5237686634063721
1992-07-29,0.5172168612480164
1992-07-30,0.5109134912490845
1992-07-31,0.5048447847366333
1992-08-01,0.4989979565143585
1992-08-02,0.49336111545562744
1992-08-03,0.487923264503479
1992-08-04,0.48267409205436707
1992-08-05,0.47760406136512756
1992-08-06,0.4727042615413666
1992-08-07,0.46796631813049316
1992-08-08,0.46338245272636414
1992-08-09,0.4589453339576721
1992-08-10,0.4546481668949127
1992-08-11,0.4504845142364502
1992-08-12,0.44644832611083984
1992-08-13,0.4425441026687622
1992-08-14,0.4388534426689148
1992-08-15,0.43868356943130493
1992-08-16,0.44964614510536194
1992-08-17,0.47472184896469116
1992-08-18,0.5063780546188354
1992-08-19,0.5053107142448425
1992-08-20,0.49053889513015747
1992-08-21,0.4786190092563629
1992-08-22,0.4717600345611572
1992-08-23,0.4698616862297058
1992-08-24,0.4689468741416931
1992-08-25,0.4648347496986389
1992-08-26,0.45944318175315857
1992-08-27,0.4544220566749573
1992-08-28,0.4499128758907318
1992-08-29,0.44587594270706177
1992-08-30,0.4419785439968109
1992-08-31,0.4381968677043915
1992-09-01,0.4345259368419647
1992-09-02,0.43096107244491577
1992-09-03,0.42749783396720886
1992-09-04,0.42413201928138733
1992-09-05,0.4208596646785736
1992-09-06,0.41767701506614685
1992-09-07,0.41458049416542053
1992-09-08,0.41156676411628723
1992-09-09,0.40863263607025146
1992-09-10,0.4057750701904297
1992-09-11,0.4029911756515503
1992-09-12,0.400278240442276
1992-09-13,0.3976336717605591
1992-09-14,0.39505499601364136
1992-09-15,0.3925398588180542
1992-09-16,0.39008602499961853
1992-09-17,0.38974717259407043
1992-09-18,0.39639368653297424
1992-09-19,0.41189026832580566
1992-09-20,0.4319249093532562
1992-09-21,0.4312654137611389
1992-09-22,0.44170430302619934
1992-09-23,0.5253104567527771
1992-09-24,0.7258450984954834
1992-09-25,1.020147681236267
1992-09-26,1.0406633615493774
1992-09-27,0.952460765838623
1992-09-28,0.8801658153533936
1992-09-29,0.8330234289169312
1992-09-30,0.8089584708213806
1992-10-01,0.7874982953071594
1992-10-02,0.7673899531364441
1992-10-03,0.748528242111206
1992-10-04,0.7308100461959839
1992-10-05,0.7141398787498474
1992-10-06,0.698431670665741
1992-10-07,0.6836087107658386
1992-10-08,0.6696021556854248
1992-10-09,0.6563494205474854
1992-10-10,0.6437938809394836
1992-10-11,0.6318842768669128
1992-10-12,0.6205732226371765
1992-10-13,0.6098171472549438
1992-10-14,0.5995767116546631
1992-10-15,0.6811032891273499
1992-10-16,1.155965805053711
1992-10-17,2.6991093158721924
1992-10-18,5.4485063552856445
1992-10-19,4.782225131988525
1992-10-20,3.776304006576538
1992-10-21,3.0732333660125732
1992-10-22,2.6043341159820557
1992-10-23,2.3090996742248535
1992-10-24,2.0804409980773926
1992-10-25,1.8958584070205688
1992-10-26,1.7437149286270142
1992-10-27,1.6161375045776367
1992-10-28,1.5076212882995605
1992-10-29,1.4141870737075806
1992-10-30,1.3328982591629028
1992-10-31,1.2615537643432617
1992-11-01,1.1984548568725586
1992-11-02,1.1422663927078247
1992-11-03,1.091925859451294
1992-11-04,1.0465794801712036
1992-11-05,1.0055327415466309
1992-11-06,0.9682106971740723
1992-11-07,0.9341377019882202
1992-11-08,0.9029126167297363
1992-11-09,0.8741896748542786
1992-11-10,0.8476749062538147
1992-11-11,0.8231207728385925
1992-11-12,0.8018839955329895
1992-11-13,0.7901735901832581
1992-11-14,0.7958994507789612
1992-11-15,0.8211880922317505
1992-11-16,0.8484169840812683
1992-11-17,0.8595845103263855
1992-11-18,0.8687946200370789
1992-11-19,0.8452140688896179
1992-11-20,0.812595784664154
1992-11-21,0.7857192158699036
1992-11-22,0.7643361687660217
1992-11-23,0.7482654452323914
1992-11-24,0.7339851260185242
1992-11-25,0.7177318334579468
1992-11-26,0.7012616395950317
1992-11-27,0.6858441829681396
1992-11-28,0.6715152859687805
1992-11-29,0.6581900119781494
1992-11-30,0.6455807089805603
1992-12-01,0.6336187720298767
1992-12-02,0.6222543120384216
1992-12-03,0.6114436984062195
1992-12-04,0.6011485457420349
1992-12-05,0.5913337469100952
1992-12-06,0.5819669961929321
1992-12-07,0.5730190277099609
1992-12-08,0.5644633173942566
1992-12-09,0.556274950504303
1992-12-10,0.5484307408332825
1992-12-11,0.5409098267555237
1992-12-12,0.5336927771568298
1992-12-13,0.5267612934112549
1992-12-14,0.5200988054275513
1992-12-15,0.5137108564376831
1992-12-16,0.5076329112052917
1992-12-17,0.50187087059021
1992-12-18,0.496362566947937
1992-12-19,0.4908537268638611
1992-12-20,0.48545223474502563
1992-12-21,0.48024797439575195
1992-12-22,0.4752403795719147
1992-12-23,0.4704189598560333
1992-12-24,0.46575644612312317
1992-12-25,0.46124428510665894
1992-12-26,0.45687541365623474
1992-12-27,0.4526432454586029
1992-12-28,0.4485415816307068
1992-12-29,0.4445645809173584
1992-12-30,0.440706729888916
1992-12-31,0.4369628131389618
1993-01-01,0.4333280026912689
1993-01-02,0.4297976493835449
1993-01-03,0.42636746168136597
1993-01-04,0.42303329706192017
1993-01-05,0.4197912812232971
1993-01-06,0.41663771867752075
1993-01-07,0.4135691821575165
1993-01-08,0.4105823040008545
1993-01-09,0.40767398476600647
1993-01-10,0.40484124422073364
1993-01-11,0.40208128094673157
1993-01-12,0.39939138293266296
1993-01-13,0.3967689871788025
1993-01-14,0.39421170949935913
1993-01-15,0.39171719551086426
1993-01-16,0.38928326964378357
1993-01-17,0.38690781593322754
1993-01-18,0.3845888078212738
1993-01-19,0.38232433795928955
1993-01-20,0.3801126182079315
1993-01-21,0.37795332074165344
1993-01-22,0.37584826350212097
1993-01-23,0.3737969398498535
1993-01-24,0.3717946708202362
1993-01-25,0.36982277035713196
1993-01-26,0.3678878843784332
1993-01-27,0.3659961521625519
1993-01-28,0.3641469478607178
1993-01-29,0.3623388707637787
1993-01-30,0.36056914925575256
1993-01-31,0.3588365614414215
1993-02-01,0.3571399748325348
1993-02-02,0.3554784059524536
1993-02-03,0.353850781917572
1993-02-04,0.352256178855896
1993-02-05,0.35069361329078674
1993-02-06,0.349162220954895
1993-02-07,0.3476611375808716
1993-02-08,0.3461894989013672
1993-02-09,0.34474653005599976
1993-02-10,0.34333139657974243
1993-02-11,0.3419434428215027
1993-02-12,0.34058186411857605
1993-02-13,0.3392460346221924
1993-02-14,0.337935209274292
1993-02-15,0.3366487920284271
1993-02-16,0.33538615703582764
1993-02-17,0.3341466784477234
1993-02-18,0.3329297602176666
1993-02-19,0.33173486590385437
1993-02-20,0.33056142926216125
1993-02-21,0.3294089436531067
1993-02-22,0.3282769024372101
1993-02-23,0.32716476917266846
1993-02-24,0.326072096824646
1993-02-25,0.32501086592674255
1993-02-26,0.3240094780921936
1993-02-27,0.3231542110443115
1993-02-28,0.32261738181114197
1993-03-01,0.3223477303981781
1993-03-02,0.32226642966270447
1993-03-03,0.32148730754852295
1993-03-04,0.32023629546165466
1993-03-05,0.31900569796562195
1993-03-06,0.3179101049900055
1993-03-07,0.3169476091861725
1993-03-08,0.3160266578197479
1993-03-09,0.3151218891143799
1993-03-10,0.314231812953949
1993-03-11,0.31335607171058655
1993-03-12,0.3124944269657135
1993-03-13,0.3116465210914612
1993-03-14,0.3108121156692505
1993-03-15,0.30999088287353516
1993-03-16,0.3091825842857361
1993-03-17,0.3083869218826294
1993-03-18,0.3076036274433136
1993-03-19,0.3068324625492096
1993-03-20,0.3060731887817383
1993-03-21,0.30532553791999817
1993-03-22,0.30458927154541016
1993-03-23,0.3038642108440399
1993-03-24,0.3031690716743469
1993-03-25,0.30254730582237244
1993-03-26,0.302011102437973
1993-03-27,0.3015225827693939
1993-03-28,0.300860196352005
1993-03-29,0.30012643337249756
1993-03-30,0.29941847920417786
1993-03-31,0.2987459897994995
1993-04-01,0.2981064021587372
1993-04-02,0.2974773645401001
1993-04-03,0.2968660295009613
1993-04-04,0.2962917983531952
1993-04-05,0.29575979709625244
1993-04-06,0.2952527403831482
1993-04-07,0.2946716845035553
1993-04-08,0.2940625846385956
1993-04-09,0.2934688925743103
1993-04-10,0.2928948998451233
1993-04-11,0.29233938455581665
1993-04-12,0.2917921543121338
1993-04-13,0.2912525236606598
1993-04-14,0.2907203435897827
1993-04-15,0.290195494890213
1993-04-16,0.28967782855033875
1993-04-17,0.28916725516319275
1993-04-18,0.2886636257171631
1993-04-19,0.2881668210029602
1993-04-20,0.28767672181129456
1993-04-21,0.287193238735199
1993-04-22,0.28672319650650024
1993-04-23,0.2862824499607086
1993-04-24,0.28587520122528076
1993-04-25,0.2854878008365631
1993-04-26,0.2853202223777771
1993-04-27,0.28605249524116516
1993-04-28,0.28906938433647156
1993-04-29,0.29653969407081604
1993-04-30,0.30599135160446167
1993-05-01,0.31671419739723206
1993-05-02,0.31614652276039124
1993-05-03,0.3108506500720978
1993-05-04,0.3069159686565399
1993-05-05,0.3046293556690216
1993-05-06,0.30382463335990906
1993-05-07,0.303297221660614
1993-05-08,0.3033981919288635
1993-05-09,0.30425167083740234
1993-05-10,0.3089922070503235
1993-05-11,0.323618084192276
1993-05-12,0.3522307276725769
1993-05-13,0.3894389867782593
1993-05-14,0.39110374450683594
1993-05-15,0.3771347403526306
1993-05-16,0.36610084772109985
1993-05-17,0.3598220646381378
1993-05-18,0.3578769862651825
1993-05-19,0.36086317896842957
1993-05-20,0.3926983177661896
1993-05-21,0.5235980749130249
1993-05-22,0.8862568736076355
1993-05-23,1.5613839626312256
1993-05-24,2.2138028144836426
1993-05-25,2.119473457336426
1993-05-26,1.8505733013153076
1993-05-27,1.6445207595825195
1993-05-28,1.5044108629226685
1993-05-29,1.4101394414901733
1993-05-30,1.3292802572250366
1993-05-31,1.258142352104187
1993-06-01,1.1951316595077515
1993-06-02,1.138989806175232
1993-06-03,1.088700532913208
1993-06-04,1.043426513671875
1993-06-05,1.0024689435958862
1993-06-06,0.9652467966079712
1993-06-07,0.9312761425971985
1993-06-08,0.9002183675765991
1993-06-09,0.8725438714027405
1993-06-10,0.8497551679611206
1993-06-11,0.8362612724304199
1993-06-12,0.8466418981552124
1993-06-13,0.8978802561759949
1993-06-14,0.9945903420448303
1993-06-15,1.0670757293701172
1993-06-16,1.0356535911560059
1993-06-17,0.988416314125061
1993-06-18,0.9933081865310669
1993-06-19,1.0693104267120361
1993-06-20,1.1792173385620117
1993-06-21,1.1801575422286987
1993-06-22,1.246917724609375
1993-06-23,1.5404078960418701
1993-06-24,2.053615093231201
1993-06-25,2.2401158809661865
1993-06-26,2.110761880874634
1993-06-27,2.1502108573913574
1993-06-28,2.562507390975952
1993-06-29,3.172239065170288
1993-06-30,3.042267322540283
1993-07-01,2.908039093017578
1993-07-02,2.8687849044799805
1993-07-03,2.5548171997070312
1993-07-04,2.250035285949707
1993-07-05,2.0106101036071777
1993-07-06,1.8243988752365112
1993-07-07,1.6800060272216797
1993-07-08,1.5593140125274658
1993-07-09,1.4566295146942139
1993-07-10,1.3682454824447632
1993-07-11,1.2913885116577148
1993-07-12,1.2239500284194946
1993-07-13,1.1643038988113403
1993-07-14,1.1111763715744019
1993-07-15,1.0635550022125244
1993-07-16,1.0206248760223389
1993-07-17,0.9820739030838013
1993-07-18,0.9482055306434631
1993-07-19,0.9189116954803467
1993-07-20,0.8927589058876038
1993-07-21,0.8654130697250366
1993-07-22,0.8388733267784119
1993-07-23,0.8144049644470215
1993-07-24,0.7919097542762756
1993-07-25,0.7711870670318604
1993-07-26,0.7518486380577087
1993-07-27,0.7337484955787659
1993-07-28,0.7167707681655884
1993-07-29,0.7008136510848999
1993-07-30,0.6857873797416687
1993-07-31,0.6716123819351196
1993-08-01,0.6582179665565491
1993-08-02,0.6455411314964294
1993-08-03,0.633525550365448
1993-08-04,0.6221206188201904
1993-08-05,0.6112807989120483
1993-08-06,0.6009650230407715
1993-08-07,0.5911360383033752
1993-08-08,0.5817602276802063
1993-08-09,0.5728068947792053
1993-08-10,0.5642481446266174
1993-08-11,0.556058406829834
1993-08-12,0.5482143759727478
1993-08-13,0.5406945943832397
1993-08-14,0.5334795117378235
1993-08-15,0.5265508890151978
1993-08-16,0.5198922157287598
1993-08-17,0.5134879350662231
1993-08-18,0.5073239207267761
1993-08-19,0.5013869404792786
1993-08-20,0.4956647455692291
1993-08-21,0.4901459813117981
1993-08-22,0.48482006788253784
1993-08-23,0.4796771705150604
1993-08-24,0.47470808029174805
1993-08-25,0.46990424394607544
1993-08-26,0.4652576446533203
1993-08-27,0.46076080203056335
1993-08-28,0.4564066231250763
1993-08-29,0.4521885812282562
1993-08-30,0.4481004476547241
1993-08-31,0.4441364109516144
1993-09-01,0.44029250741004944
1993-09-02,0.43656718730926514
1993-09-03,0.43295684456825256
1993-09-04,0.42945343255996704
1993-09-05,0.4260348677635193
1993-09-06,0.4227055609226227
1993-09-07,0.42137089371681213
1993-09-08,0.42655885219573975
1993-09-09,0.4506233036518097
1993-09-10,0.5442940592765808
1993-09-11,0.7877656817436218
1993-09-12,1.2979652881622314
1993-09-13,1.8292914628982544
1993-09-14,1.7895780801773071
1993-09-15,1.6449801921844482
1993-09-16,1.67488431930542
1993-09-17,1.922861099243164
1993-09-18,2.1875174045562744
1993-09-19,2.0574951171875
1993-09-20,2.064183473587036
1993-09-21,3.254993200302124
1993-09-22,8.718934059143066
1993-09-23,20.223468780517578
1993-09-24,21.34180450439453
1993-09-25,16.395187377929688
1993-09-26,9.401599884033203
1993-09-27,6.3889055252075195
1993-09-28,5.350501537322998
1993-09-29,5.55247163772583
1993-09-30,6.037661075592041
1993-10-01,4.874476432800293
1993-10-02,3.8858261108398438
1993-10-03,3.3095338344573975
1993-10-04,3.2483389377593994
1993-10-05,3.7727582454681396
1993-10-06,4.4376654624938965
1993-10-07,3.8358304500579834
1993-10-08,3.1811916828155518
1993-10-09,2.705683708190918
1993-10-10,2.3646605014801025
1993-10-11,2.1226918697357178
1993-10-12,1.9294878244400024
1993-10-13,1.7707433700561523
1993-10-14,1.6380263566970825
1993-10-15,1.5254738330841064
1993-10-16,1.428868293762207
1993-10-17,1.3450956344604492
1993-10-18,1.2717911005020142
1993-10-19,1.2071319818496704
1993-10-20,1.1519222259521484
1993-10-21,1.114218831062317
1993-10-22,1.1048394441604614
1993-10-23,1.1207436323165894
1993-10-24,1.1227822303771973
1993-10-25,1.0797526836395264
1993-10-26,1.0274738073349
1993-10-27,0.9822806715965271
1993-10-28,0.9446149468421936
1993-10-29,0.9150986075401306
1993-10-30,0.8973910212516785
1993-10-31,0.8939334750175476
1993-11-01,0.896789014339447
1993-11-02,0.8741233348846436
1993-11-03,0.843204915523529
1993-11-04,0.8156934380531311
1993-11-05,0.792307436466217
1993-11-06,0.7724743485450745
1993-11-07,0.7533028721809387
1993-11-08,0.7350407838821411
1993-11-09,0.7179246544837952
1993-11-10,0.7023415565490723
1993-11-11,0.6893061399459839
1993-11-12,0.6791396737098694
1993-11-13,0.6705385446548462
1993-11-14,0.6580660343170166
1993-11-15,0.6444475054740906
1993-11-16,0.6317342519760132
1993-11-17,0.6204112768173218
1993-11-18,0.6112864017486572
1993-11-19,0.6043105721473694
1993-11-20,0.5984762907028198
1993-11-21,0.5894083976745605
1993-11-22,0.5792698264122009
1993-11-23,0.5697656869888306
1993-11-24,0.5610103607177734
1993-11-25,0.552946150302887
1993-11-26,0.5452355742454529
1993-11-27,0.5378403067588806
1993-11-28,0.5307417511940002
1993-11-29,0.5239226222038269
1993-11-30,0.5173669457435608
1993-12-01,0.5110596418380737
1993-12-02,0.5049868822097778
1993-12-03,0.49913591146469116
1993-12-04,0.49352142214775085
1993-12-05,0.4881957769393921
1993-12-06,0.48317229747772217
1993-12-07,0.47837814688682556
1993-12-08,0.4734923243522644
1993-12-09,0.46865835785865784
1993-12-10,0.46399757266044617
1993-12-11,0.4595138728618622
1993-12-12,0.45519766211509705
1993-12-13,0.4510171711444855
1993-12-14,0.4469648599624634
1993-12-15,0.4430350661277771
1993-12-16,0.43922239542007446
1993-12-17,0.43552178144454956
1993-12-18,0.431928426027298
1993-12-19,0.42843785881996155
1993-12-20,0.42504578828811646
1993-12-21,0.42174825072288513
1993-12-22,0.4185413718223572
1993-12-23,0.41542160511016846
1993-12-24,0.4123961925506592
1993-12-25,0.40948718786239624
1993-12-26,0.40670016407966614
1993-12-27,0.4040083587169647
1993-12-28,0.40128329396247864
1993-12-29,0.3985821306705475
1993-12-30,0.3959556519985199
1993-12-31,0.39358824491500854
1994-01-01,0.39190420508384705
1994-01-02,0.3910360336303711
1994-01-03,0.39058366417884827
1994-01-04,0.38840219378471375
1994-01-05,0.3855026960372925
1994-01-06,0.3827959895133972
1994-01-07,0.38036540150642395
1994-01-08,0.37818852066993713
1994-01-09,0.376071959733963
1994-01-10,0.3740629255771637
1994-01-11,0.37229976058006287
1994-01-12,0.37082692980766296
1994-01-13,0.3695148527622223
1994-01-14,0.3676610291004181
1994-01-15,0.36559411883354187
1994-01-16,0.3636137545108795
1994-01-17,0.36185532808303833
1994-01-18,0.362430602312088
1994-01-19,0.3727148473262787
1994-01-20,0.4013761281967163
1994-01-21,0.44686755537986755
1994-01-22,0.4800764322280884
1994-01-23,0.4738945960998535
1994-01-24,0.45586323738098145
1994-01-25,0.44266876578330994
1994-01-26,0.4354132115840912
1994-01-27,0.43172430992126465
1994-01-28,0.42829808592796326
1994-01-29,0.4249548316001892
1994-01-30,0.4216954708099365
1994-01-31,0.41852065920829773
1994-02-01,0.4154295027256012
1994-02-02,0.4124189615249634
1994-02-03,0.409485787153244
1994-02-04,0.40662693977355957
1994-02-05,0.4038390815258026
1994-02-06,0.40111875534057617
1994-02-07,0.3984633684158325
1994-02-08,0.39587143063545227
1994-02-09,0.39334145188331604
1994-02-10,0.3908717930316925
1994-02-11,0.38846084475517273
1994-02-12,0.3861069083213806
1994-02-13,0.3838083744049072
1994-02-14,0.3815634548664093
1994-02-15,0.3793703615665436
1994-02-16,0.37722745537757874
1994-02-17,0.37513312697410583
1994-02-18,0.3730858266353607
1994-02-19,0.3710840344429016
1994-02-20,0.3691263496875763
1994-02-21,0.3672594726085663
1994-02-22,0.3655942678451538
1994-02-23,0.36416587233543396
1994-02-24,0.3628707230091095
1994-02-25,0.3611447811126709
1994-02-26,0.35925137996673584
1994-02-27,0.3574315905570984
1994-02-28,0.3559052050113678
1994-03-01,0.3551270067691803
1994-03-02,0.35519281029701233
1994-03-03,0.355683296918869
1994-03-04,0.3542720079421997
1994-03-05,0.3520466685295105
1994-03-06,0.3500089943408966
1994-03-07,0.34825465083122253
1994-03-08,0.34675946831703186
1994-03-09,0.34530550241470337
1994-03-10,0.3438796401023865
1994-03-11,0.34248119592666626
1994-03-12,0.3411094546318054
1994-03-13,0.33976370096206665
1994-03-14,0.33844321966171265
1994-03-15,0.33714741468429565
1994-03-16,0.33587557077407837
1994-03-17,0.3346271514892578
1994-03-18,0.33340150117874146
1994-03-19,0.3321981132030487
1994-03-20,0.3310163617134094
1994-03-21,0.3298557698726654
1994-03-22,0.32871583104133606
1994-03-23,0.327595978975296
1994-03-24,0.3264957666397095
1994-03-25,0.3254147469997406
1994-03-26,0.32498764991760254
1994-03-27,0.32668694853782654
1994-03-28,0.33097589015960693
1994-03-29,0.33657920360565186
1994-03-30,0.335973858833313
1994-03-31,0.3326444625854492
1994-04-01,0.3298548758029938
1994-04-02,0.3279261887073517
1994-04-03,0.3267805874347687
1994-04-04,0.3256949782371521
1994-04-05,0.32462799549102783
1994-04-06,0.3235793113708496
1994-04-07,0.3225484788417816
1994-04-08,0.3215351700782776
1994-04-09,0.3205389976501465
1994-04-10,0.31955960392951965
1994-04-11,0.31859657168388367
1994-04-12,0.3176495134830475
1994-04-13,0.31671813130378723
1994-04-14,0.3158020079135895
1994-04-15,0.31490084528923035
1994-04-16,0.3140142858028412
1994-04-17,0.3131420612335205
1994-04-18,0.31228381395339966
1994-04-19,0.31143927574157715
1994-04-20,0.3106081485748291
1994-04-21,0.30990883708000183
1994-04-22,0.30966660380363464
1994-04-23,0.31008145213127136
1994-04-24,0.3109520673751831
1994-04-25,0.31078583002090454
1994-04-26,0.3096153438091278
1994-04-27,0.30833202600479126
1994-04-28,0.30726444721221924
1994-04-29,0.3064245283603668
1994-04-30,0.30566805601119995
1994-05-01,0.3049265742301941
1994-05-02,0.30419638752937317
1994-05-03,0.3034772574901581
1994-05-04,0.3027689456939697
1994-05-05,0.3020712435245514
1994-05-06,0.30138397216796875
1994-05-07,0.3007068932056427
1994-05-08,0.3000398278236389
1994-05-09,0.2993825674057007
1994-05-10,0.2987349331378937
1994-05-11,0.29809674620628357
1994-05-12,0.2974701523780823
1994-05-13,0.29686033725738525
1994-05-14,0.29626864194869995
1994-05-15,0.29569029808044434
1994-05-16,0.2950979173183441
1994-05-17,0.29450395703315735
1994-05-18,0.29392027854919434
1994-05-19,0.29334792494773865
1994-05-20,0.29278647899627686
1994-05-21,0.29223302006721497
1994-05-22,0.2916872501373291
1994-05-23,0.2911490797996521
1994-05-24,0.29061833024024963
1994-05-25,0.29009488224983215
1994-05-26,0.2895785868167877
1994-05-27,0.28907397389411926
1994-05-28,0.28889524936676025
1994-05-29,0.2897407114505768
1994-05-30,0.2917965352535248
1994-05-31,0.294421911239624
1994-06-01,0.2940851151943207
1994-06-02,0.29245173931121826
1994-06-03,0.2910919189453125
1994-06-04,0.29016539454460144
1994-06-05,0.29039686918258667
1994-06-06,0.2986501157283783
1994-06-07,0.3284389078617096
1994-06-08,0.38433659076690674
1994-06-09,0.44745275378227234
1994-06-10,0.4487248361110687
1994-06-11,0.42475825548171997
1994-06-12,0.4064481556415558
1994-06-13,0.3966156542301178
1994-06-14,0.4045060873031616
1994-06-15,0.45029932260513306
1994-06-16,0.5496081113815308
1994-06-17,0.6843752861022949
1994-06-18,0.6933242082595825
1994-06-19,0.6491701602935791
1994-06-20,0.6133866310119629
1994-06-21,0.5912332534790039
1994-06-22,0.5816221237182617
1994-06-23,0.576163649559021
1994-06-24,0.5810964107513428
1994-06-25,0.6016353964805603
1994-06-26,0.6359225511550903
1994-06-27,0.6502777934074402
1994-06-28,0.65949946641922
1994-06-29,0.6541290283203125
1994-06-30,0.6365114450454712
1994-07-01,0.6198912262916565
1994-07-02,0.6061432361602783
1994-07-03,0.595274806022644
1994-07-04,0.5856719017028809
1994-07-05,0.5765419006347656
1994-07-06,0.567818284034729
1994-07-07,0.559474527835846
1994-07-08,0.5514862537384033
1994-07-09,0.5438312888145447
1994-07-10,0.5364893674850464
1994-07-11,0.5294415950775146
1994-07-12,0.5226707458496094
1994-07-13,0.516160786151886
1994-07-14,0.509896993637085
1994-07-15,0.5038657188415527
1994-07-16,0.4980543553829193
1994-07-17,0.4924510717391968
1994-07-18,0.487045019865036
1994-07-19,0.4818260371685028
1994-07-20,0.47678467631340027
1994-07-21,0.47191208600997925
1994-07-22,0.46720007061958313
1994-07-23,0.4626409113407135
1994-07-24,0.45822733640670776
1994-07-25,0.4539526104927063
1994-07-26,0.4498103857040405
1994-07-27,0.44579464197158813
1994-07-28,0.441899836063385
1994-07-29,0.4381329119205475
1994-07-30,0.434518039226532
1994-07-31,0.43110135197639465
1994-08-01,0.4279463291168213
1994-08-02,0.4253573417663574
1994-08-03,0.42430204153060913
1994-08-04,0.4247171878814697
1994-08-05,0.42589154839515686
1994-08-06,0.42304569482803345
1994-08-07,0.4185512065887451
1994-08-08,0.4144933819770813
1994-08-09,0.41101840138435364
1994-08-10,0.40807488560676575
1994-08-11,0.40523165464401245
1994-08-12,0.40246161818504333
1994-08-13,0.39976203441619873
1994-08-14,0.3971303701400757
1994-08-15,0.39497849345207214
1994-08-16,0.39434319734573364
1994-08-17,0.39570990204811096
1994-08-18,0.39822715520858765
1994-08-19,0.3968425691127777
1994-08-20,0.3931256830692291
1994-08-21,0.38951247930526733
1994-08-22,0.38651230931282043
1994-08-23,0.38410627841949463
1994-08-24,0.3818492591381073
1994-08-25,0.3796984553337097
1994-08-26,0.37776583433151245
1994-08-27,0.37608855962753296
1994-08-28,0.37455686926841736
1994-08-29,0.3725810647010803
1994-08-30,0.3707125782966614
1994-08-31,0.3739013969898224
1994-09-01,0.4050981402397156
1994-09-02,0.5029222965240479
1994-09-03,0.6857259273529053
1994-09-04,0.873225748538971
1994-09-05,0.8703793883323669
1994-09-06,0.8014734387397766
1994-09-07,0.7482629418373108
1994-09-08,0.7162967920303345
1994-09-09,0.6998597979545593
1994-09-10,0.696269154548645
1994-09-11,0.7393675446510315
1994-09-12,0.8645122647285461
1994-09-13,1.086954951286316
1994-09-14,1.3050165176391602
1994-09-15,1.6022347211837769
1994-09-16,2.1423568725585938
1994-09-17,2.970766305923462
1994-09-18,5.755382061004639
1994-09-19,12.817005157470703
1994-09-20,16.285457611083984
1994-09-21,9.524765968322754
1994-09-22,6.333603858947754
1994-09-23,4.638555526733398
1994-09-24,3.6633543968200684
1994-09-25,3.0893659591674805
1994-09-26,2.6803996562957764
1994-09-27,2.3710262775421143
1994-09-28,2.1287500858306885
1994-09-29,1.9339677095413208
1994-09-30,1.7740464210510254
1994-10-01,1.640472412109375
1994-10-02,1.5273100137710571
1994-10-03,1.430264949798584
1994-10-04,1.346153736114502
1994-10-05,1.2725820541381836
1994-10-06,1.2077187299728394
1994-10-07,1.150130033493042
1994-10-08,1.145073652267456
1994-10-09,1.3173508644104004
1994-10-10,1.7901346683502197
1994-10-11,2.447120428085327
1994-10-12,2.3436849117279053
1994-10-13,2.058399200439453
1994-10-14,1.8296452760696411
1994-10-15,1.6614022254943848
1994-10-16,1.5445443391799927
1994-10-17,1.4487683773040771
1994-10-18,1.3782422542572021
1994-10-19,1.3380440473556519
1994-10-20,1.3184599876403809
1994-10-21,1.277289867401123
1994-10-22,1.213146448135376
1994-10-23,1.1501238346099854
1994-10-24,1.095461368560791
1994-10-25,1.0486700534820557
1994-10-26,1.0073637962341309
1994-10-27,0.9764370322227478
1994-10-28,0.9828433394432068
1994-10-29,1.0645663738250732
1994-10-30,1.2240921258926392
1994-10-31,1.3352460861206055
1994-11-01,1.2866542339324951
1994-11-02,1.2089577913284302
1994-11-03,1.1602790355682373
1994-11-04,1.1337711811065674
1994-11-05,1.0905967950820923
1994-11-06,1.041897177696228
1994-11-07,0.9997406601905823
1994-11-08,0.9678708910942078
1994-11-09,0.9471749663352966
1994-11-10,0.9313446879386902
1994-11-11,0.9034441709518433
1994-11-12,0.8724837899208069
1994-11-13,0.8442951440811157
1994-11-14,0.8190852999687195
1994-11-15,0.7965644598007202
1994-11-16,0.7756204605102539
1994-11-17,0.7560533881187439
1994-11-18,0.7377344369888306
1994-11-19,0.7205494046211243
1994-11-20,0.70439612865448
1994-11-21,0.689184308052063
1994-11-22,0.6748344302177429
1994-11-23,0.6612759828567505
1994-11-24,0.648445725440979
1994-11-25,0.6362867951393127
1994-11-26,0.624748170375824
1994-11-27,0.6137837171554565
1994-11-28,0.603351354598999
1994-11-29,0.5934133529663086
1994-11-30,0.5839353799819946
1994-12-01,0.5748863816261292
1994-12-02,0.5662379860877991
1994-12-03,0.5579642057418823
1994-12-04,0.5500411987304688
1994-12-05,0.5424471497535706
1994-12-06,0.535162091255188
1994-12-07,0.5281675457954407
1994-12-08,0.5214465856552124
1994-12-09,0.514983594417572
1994-12-10,0.5087639689445496
1994-12-11,0.5027744174003601
1994-12-12,0.4970024824142456
1994-12-13,0.49143654108047485
1994-12-14,0.48606592416763306
1994-12-15,0.4808805286884308
1994-12-16,0.47587108612060547
1994-12-17,0.4710288345813751
1994-12-18,0.4664115309715271
1994-12-19,0.4621683657169342
1994-12-20,0.4583493769168854
1994-12-21,0.45479390025138855
1994-12-22,0.45071959495544434
1994-12-23,0.44649529457092285
1994-12-24,0.44252127408981323
1994-12-25,0.43901577591896057
1994-12-26,0.43603652715682983
1994-12-27,0.43332603573799133
1994-12-28,0.4299081861972809
1994-12-29,0.42624276876449585
1994-12-30,0.42273229360580444
1994-12-31,0.41940948367118835
1995-01-01,0.41626185178756714
1995-01-02,0.4132034480571747
1995-01-03,0.41022631525993347
1995-01-04,0.4073273837566376
1995-01-05,0.40450364351272583
1995-01-06,0.4017523527145386
1995-01-07,0.3990707993507385
1995-01-08,0.39645645022392273
1995-01-09,0.39390692114830017
1995-01-10,0.3914198577404022
1995-01-11,0.38899314403533936
1995-01-12,0.38662460446357727
1995-01-13,0.38431230187416077
1995-01-14,0.38205432891845703
1995-01-15,0.379848837852478
1995-01-16,0.37769412994384766
1995-01-17,0.3755885362625122
1995-01-18,0.37353044748306274
1995-01-19,0.37153932452201843
1995-01-20,0.3696627616882324
1995-01-21,0.3679179251194
1995-01-22,0.36626458168029785
1995-01-23,0.36445748805999756
1995-01-24,0.36260566115379333
1995-01-25,0.3607833683490753
1995-01-26,0.3590136468410492
1995-01-27,0.35730600357055664
1995-01-28,0.35563796758651733
1995-01-29,0.35401949286460876
1995-01-30,0.35247600078582764
1995-01-31,0.3510155975818634
1995-02-01,0.3496110439300537
1995-02-02,0.3481147289276123
1995-02-03,0.34659460186958313
1995-02-04,0.34511327743530273
1995-02-05,0.34367606043815613
1995-02-06,0.3422807455062866
1995-02-07,0.340912789106369
1995-02-08,0.33957070112228394
1995-02-09,0.33825382590293884
1995-02-10,0.3369615077972412
1995-02-11,0.3356930911540985
1995-02-12,0.3344480097293854
1995-02-13,0.3332256078720093
1995-02-14,0.3320253789424896
1995-02-15,0.33094173669815063
1995-02-16,0.33019423484802246
1995-02-17,0.3299967050552368
1995-02-18,0.33049607276916504
1995-02-19,0.3306840658187866
1995-02-20,0.3307775557041168
1995-02-21,0.3295329511165619
1995-02-22,0.32780155539512634
1995-02-23,0.3263228237628937
1995-02-24,0.32506296038627625
1995-02-25,0.3239975869655609
1995-02-26,0.3229597210884094
1995-02-27,0.32193952798843384
1995-02-28,0.3209366202354431
1995-03-01,0.32001394033432007
1995-03-02,0.3193175196647644
1995-03-03,0.3188905417919159
1995-03-04,0.3186044991016388
1995-03-05,0.31771838665008545
1995-03-06,0.3165763318538666
1995-03-07,0.3155015707015991
1995-03-08,0.3145260214805603
1995-03-09,0.3136415183544159
1995-03-10,0.31277531385421753
1995-03-11,0.31192293763160706
1995-03-12,0.31108418107032776
1995-03-13,0.3102586567401886
1995-03-14,0.30944615602493286
1995-03-15,0.30864638090133667
1995-03-16,0.30785906314849854
1995-03-17,0.30708396434783936
1995-03-18,0.30632078647613525
1995-03-19,0.3055693507194519
1995-03-20,0.3048293888568878
1995-03-21,0.3041006922721863
1995-03-22,0.3033829927444458
1995-03-23,0.30267611145973206
1995-03-24,0.30197978019714355
1995-03-25,0.30129387974739075
1995-03-26,0.30061811208724976
1995-03-27,0.29995235800743103
1995-03-28,0.29929637908935547
1995-03-29,0.29864999651908875
1995-03-30,0.29801303148269653
1995-03-31,0.2973853051662445
1995-04-01,0.2967666685581207
1995-04-02,0.2961568832397461
1995-04-03,0.29555585980415344
1995-04-04,0.29498231410980225
1995-04-05,0.2944793701171875
1995-04-06,0.2940589487552643
1995-04-07,0.293683797121048
1995-04-08,0.2931337058544159
1995-04-09,0.2925105392932892
1995-04-10,0.29191121459007263
1995-04-11,0.291345477104187
1995-04-12,0.290810763835907
1995-04-13,0.290284663438797
1995-04-14,0.2897658050060272
1995-04-15,0.28925400972366333
1995-04-16,0.28874921798706055
1995-04-17,0.28825125098228455
1995-04-18,0.28776001930236816
1995-04-19,0.28727540373802185
1995-04-20,0.28679728507995605
1995-04-21,0.2863255739212036
1995-04-22,0.285860151052475
1995-04-23,0.2854008972644806
1995-04-24,0.2849477231502533
1995-04-25,0.28450050950050354
1995-04-26,0.28405919671058655
1995-04-27,0.28362366557121277
1995-04-28,0.28319379687309265
1995-04-29,0.2827695310115814
1995-04-30,0.2823507785797119
1995-05-01,0.2819374203681946
1995-05-02,0.28152939677238464
1995-05-03,0.28112661838531494
1995-05-04,0.2807289659976959
1995-05-05,0.28034406900405884
1995-05-06,0.2799893021583557
1995-05-07,0.2796691954135895
1995-05-08,0.27936890721321106
1995-05-09,0.2789995074272156
1995-05-10,0.2786020040512085
1995-05-11,0.27821576595306396
1995-05-12,0.2778448164463043
1995-05-13,0.2774880826473236
1995-05-14,0.27713632583618164
1995-05-15,0.2767889201641083
1995-05-16,0.27644580602645874
1995-05-17,0.27610692381858826
1995-05-18,0.27577221393585205
1995-05-19,0.27544158697128296
1995-05-20,0.275115042924881
1995-05-21,0.27482348680496216
1995-05-22,0.2746374011039734
1995-05-23,0.27457520365715027
1995-05-24,0.27460500597953796
1995-05-25,0.274474561214447
1995-05-26,0.2745896279811859
1995-05-27,0.2753572463989258
1995-05-28,0.2764618992805481
1995-05-29,0.2798328995704651
1995-05-30,0.2910807430744171
1995-05-31,0.31598737835884094
1995-06-01,0.3540681004524231
1995-06-02,0.3730921149253845
1995-06-03,0.3750091791152954
1995-06-04,0.36578530073165894
1995-06-05,0.35919997096061707
1995-06-06,0.3616800904273987
1995-06-07,0.3687090277671814
1995-06-08,0.36784735321998596
1995-06-09,0.3630177676677704
1995-06-10,0.3589523434638977
1995-06-11,0.3664626479148865
1995-06-12,0.41071197390556335
1995-06-13,0.505325198173523
1995-06-14,0.6339828372001648
1995-06-15,0.6434217691421509
1995-06-16,0.6016737222671509
1995-06-17,0.5681037306785583
1995-06-18,0.5478465557098389
1995-06-19,0.5397717952728271
1995-06-20,0.5326172709465027
1995-06-21,0.5257355570793152
1995-06-22,0.5213780403137207
1995-06-23,0.5250062942504883
1995-06-24,0.538936197757721
1995-06-25,0.5578094720840454
1995-06-26,0.5537493228912354
1995-06-27,0.5402746796607971
1995-06-28,0.5295308828353882
1995-06-29,0.5247536897659302
1995-06-30,0.5279159545898438
1995-07-01,0.5377426147460938
1995-07-02,0.5439026355743408
1995-07-03,0.5488521456718445
1995-07-04,0.5417584776878357
1995-07-05,0.5310810208320618
1995-07-06,0.5245748162269592
1995-07-07,0.5249707102775574
1995-07-08,0.532098650932312
1995-07-09,0.543252170085907
1995-07-10,0.5422788858413696
1995-07-11,0.5343195199966431
1995-07-12,0.5245282053947449
1995-07-13,0.5156309604644775
1995-07-14,0.508674144744873
1995-07-15,0.5024549961090088
1995-07-16,0.49668511748313904
1995-07-17,0.49113354086875916
1995-07-18,0.48577550053596497
1995-07-19,0.4806007146835327
1995-07-20,0.47560063004493713
1995-07-21,0.470767080783844
1995-07-22,0.46609222888946533
1995-07-23,0.4615684747695923
1995-07-24,0.4571887254714966
1995-07-25,0.4529463052749634
1995-07-26,0.44883492588996887
1995-07-27,0.4448486864566803
1995-07-28,0.44098207354545593
1995-07-29,0.43722987174987793
1995-07-30,0.43358713388442993
1995-07-31,0.43004924058914185
1995-08-01,0.42661184072494507
1995-08-02,0.4232707619667053
1995-08-03,0.420094758272171
1995-08-04,0.4175557494163513
1995-08-05,0.4164302945137024
1995-08-06,0.4168088436126709
1995-08-07,0.41715145111083984
1995-08-08,0.41426071524620056
1995-08-09,0.410208135843277
1995-08-10,0.4091013967990875
1995-08-11,0.43455255031585693
1995-08-12,0.5930742025375366
1995-08-13,1.1615082025527954
1995-08-14,2.645983934402466
1995-08-15,4.483456611633301
1995-08-16,4.145406723022461
1995-08-17,3.384050130844116
1995-08-18,2.811276435852051
1995-08-19,2.4260387420654297
1995-08-20,2.1701135635375977
1995-08-21,1.9690027236938477
1995-08-22,1.8036540746688843
1995-08-23,1.6705999374389648
1995-08-24,1.5819734334945679
1995-08-25,1.5596427917480469
1995-08-26,1.6078307628631592
1995-08-27,1.673317790031433
1995-08-28,1.7794448137283325
1995-08-29,2.019904613494873
1995-08-30,2.4715511798858643
1995-08-31,2.693645715713501
1995-09-01,2.4430971145629883
1995-09-02,2.1450626850128174
1995-09-03,1.913824200630188
1995-09-04,1.7430663108825684
1995-09-05,1.7028303146362305
1995-09-06,2.021601676940918
1995-09-07,2.9798614978790283
1995-09-08,4.280101776123047
1995-09-09,3.8013720512390137
1995-09-10,3.129340410232544
1995-09-11,2.63856840133667
1995-09-12,2.294147491455078
1995-09-13,2.0607833862304688
1995-09-14,1.8983376026153564
1995-09-15,1.847094178199768
1995-09-16,1.9264891147613525
1995-09-17,2.050845146179199
1995-09-18,1.9226373434066772
1995-09-19,1.7430636882781982
1995-09-20,1.5947881937026978
1995-09-21,1.4773446321487427
1995-09-22,1.3990154266357422
1995-09-23,1.3785006999969482
1995-09-24,1.4293265342712402
1995-09-25,1.507378339767456
1995-09-26,1.4439635276794434
1995-09-27,1.3425753116607666
1995-09-28,1.2560402154922485
1995-09-29,1.1859805583953857
1995-09-30,1.1303678750991821
1995-10-01,1.080930233001709
1995-10-02,1.0364092588424683
1995-10-03,0.9963600039482117
1995-10-04,0.9608126282691956
1995-10-05,0.9295369386672974
1995-10-06,0.9013859033584595
1995-10-07,0.8731856942176819
1995-10-08,0.8462544679641724
1995-10-09,0.8214045166969299
1995-10-10,0.7984996438026428
1995-10-11,0.7773405909538269
1995-10-12,0.7576037645339966
1995-10-13,0.7391422390937805
1995-10-14,0.7218359112739563
1995-10-15,0.7055791020393372
1995-10-16,0.6902787685394287
1995-10-17,0.6758525967597961
1995-10-18,0.6622275710105896
1995-10-19,0.64933842420578
1995-10-20,0.6371791362762451
1995-10-21,0.6258237361907959
1995-10-22,0.6152753233909607
1995-10-23,0.6053544878959656
1995-10-24,0.5954388976097107
1995-10-25,0.5859196186065674
1995-10-26,0.577142596244812
1995-10-27,0.5690656304359436
1995-10-28,0.5612052083015442
1995-10-29,0.5531482100486755
1995-10-30,0.5459932088851929
1995-10-31,0.5416920185089111
1995-11-01,0.5409368276596069
1995-11-02,0.54189133644104
1995-11-03,0.53581702709198
1995-11-04,0.5269791483879089
1995-11-05,0.5188827514648438
1995-11-06,0.5118090510368347
1995-11-07,0.5056732892990112
1995-11-08,0.4997982084751129
1995-11-09,0.49413418769836426
1995-11-10,0.4886702001094818
1995-11-11,0.4833959639072418
1995-11-12,0.478302001953125
1995-11-13,0.4733792841434479
1995-11-14,0.4686194956302643
1995-11-15,0.46401476860046387
1995-11-16,0.45955774188041687
1995-11-17,0.45524153113365173
1995-11-18,0.4510596692562103
1995-11-19,0.44846418499946594
1995-11-20,0.45093250274658203
1995-11-21,0.45981916785240173
1995-11-22,0.4718398153781891
1995-11-23,0.4693071246147156
1995-11-24,0.4606407582759857
1995-11-25,0.4531485140323639
1995-11-26,0.4474737048149109
1995-11-27,0.4434567391872406
1995-11-28,0.4396381080150604
1995-11-29,0.43593060970306396
1995-11-30,0.4323296844959259
1995-12-01,0.4288311302661896
1995-12-02,0.42543092370033264
1995-12-03,0.422124981880188
1995-12-04,0.41890954971313477
1995-12-05,0.4157811403274536
1995-12-06,0.4127363860607147
1995-12-07,0.40977218747138977
1995-12-08,0.4068855345249176
1995-12-09,0.404073566198349
1995-12-10,0.4013335108757019
1995-12-11,0.39866283535957336
1995-12-12,0.39605894684791565
1995-12-13,0.39351946115493774
1995-12-14,0.3910420835018158
1995-12-15,0.3886246085166931
1995-12-16,0.38626497983932495
1995-12-17,0.3839612603187561
1995-12-18,0.38171154260635376
1995-12-19,0.37951403856277466
1995-12-20,0.3773670196533203
1995-12-21,0.3752688765525818
1995-12-22,0.373250812292099
1995-12-23,0.3713882565498352
1995-12-24,0.3697049021720886
1995-12-25,0.36812883615493774
1995-12-26,0.36644530296325684
1995-12-27,0.3652362525463104
1995-12-28,0.364797443151474
1995-12-29,0.3647783696651459
1995-12-30,0.36315298080444336
1995-12-31,0.3609888255596161
1996-01-01,0.35951465368270874
1996-01-02,0.3589300513267517
1996-01-03,0.35888540744781494
1996-01-04,0.3573647141456604
1996-01-05,0.3552131652832031
1996-01-06,0.35321715474128723
1996-01-07,0.35145124793052673
1996-01-08,0.34989628195762634
1996-01-09,0.34838148951530457
1996-01-10,0.3468964695930481
1996-01-11,0.3454403877258301
1996-01-12,0.34401246905326843
1996-01-13,0.3426118791103363
1996-01-14,0.34123796224594116
1996-01-15,0.3398900330066681
1996-01-16,0.3385674059391022
1996-01-17,0.3372693955898285
1996-01-18,0.3359954357147217
1996-01-19,0.3347449004650116
1996-01-20,0.3335171937942505
1996-01-21,0.3323117792606354
1996-01-22,0.3311280608177185
1996-01-23,0.3299655020236969
1996-01-24,0.32882365584373474
1996-01-25,0.3277019262313843
1996-01-26,0.3265998959541321
1996-01-27,0.32551705837249756
1996-01-28,0.3244529962539673
1996-01-29,0.32340723276138306
1996-01-30,0.32237935066223145
1996-01-31,0.321368932723999
1996-02-01,0.32037559151649475
1996-02-02,0.3193989396095276
1996-02-03,0.3184385895729065
1996-02-04,0.31749415397644043
1996-02-05,0.31656530499458313
1996-02-06,0.31565168499946594
1996-02-07,0.3147529661655426
1996-02-08,0.31386882066726685
1996-02-09,0.3129989206790924
1996-02-10,0.3121429681777954
1996-02-11,0.311300665140152
1996-02-12,0.3104717433452606
1996-02-13,0.3096558749675751
1996-02-14,0.30885279178619385
1996-02-15,0.30806228518486023
1996-02-16,0.30728402733802795
1996-02-17,0.3065177798271179
1996-02-18,0.3057633340358734
1996-02-19,0.30502042174339294
1996-02-20,0.3042888045310974
1996-02-21,0.3035682737827301
1996-02-22,0.3028585910797119
1996-02-23,0.30215954780578613
1996-02-24,0.30147096514701843
1996-02-25,0.3007925748825073
1996-02-26,0.30012425780296326
1996-02-27,0.29946574568748474
1996-02-28,0.29881688952445984
1996-02-29,0.2981797754764557
1996-03-01,0.2975594699382782
1996-03-02,0.29695725440979004
1996-03-03,0.29636844992637634
1996-03-04,0.29576635360717773
1996-03-05,0.295163094997406
1996-03-06,0.2945702373981476
1996-03-07,0.29398879408836365
1996-03-08,0.29341834783554077
1996-03-09,0.2928560674190521
1996-03-10,0.29230165481567383
1996-03-11,0.29175493121147156
1996-03-12,0.29121583700180054
1996-03-13,0.29068416357040405
1996-03-14,0.29015979170799255
1996-03-15,0.2896426320075989
1996-03-16,0.2891325354576111
1996-03-17,0.2886293828487396
1996-03-18,0.28813302516937256
1996-03-19,0.2876434028148651
1996-03-20,0.28716033697128296
1996-03-21,0.2866837680339813
1996-03-22,0.28621357679367065
1996-03-23,0.2857496440410614
1996-03-24,0.285291850566864
1996-03-25,0.28484010696411133
1996-03-26,0.2847922146320343
1996-03-27,0.2860579192638397
1996-03-28,0.28889167308807373
1996-03-29,0.29253116250038147
1996-03-30,0.29231250286102295
1996-03-31,0.29038509726524353
1996-04-01,0.2888058125972748
1996-04-02,0.2877857983112335
1996-04-03,0.28727424144744873
1996-04-04,0.2867962121963501
1996-04-05,0.286324679851532
1996-04-06,0.28585943579673767
1996-04-07,0.2855023145675659
1996-04-08,0.2854863405227661
1996-04-09,0.28587499260902405
1996-04-10,0.28647103905677795
1996-04-11,0.28608614206314087
1996-04-12,0.28526952862739563
1996-04-13,0.284546434879303
1996-04-14,0.2839708924293518
1996-04-15,0.28352972865104675
1996-04-16,0.28310108184814453
1996-04-17,0.2826780080795288
1996-04-18,0.2822604179382324
1996-04-19,0.2818482220172882
1996-04-20,0.281441330909729
1996-04-21,0.28103968501091003
1996-04-22,0.28064316511154175
1996-04-23,0.280251681804657
1996-04-24,0.27993711829185486
1996-04-25,0.27986326813697815
1996-04-26,0.28007379174232483
1996-04-27,0.2804306447505951
1996-04-28,0.2800975441932678
1996-04-29,0.2794610261917114
1996-04-30,0.27889150381088257
1996-05-01,0.2784273028373718
1996-05-02,0.2780589461326599
1996-05-03,0.2777000665664673
1996-05-04,0.2773456573486328
1996-05-05,0.27699562907218933
1996-05-06,0.27664998173713684
1996-05-07,0.2763085663318634
1996-05-08,0.275971382856369
1996-05-09,0.2756383419036865
1996-05-10,0.27530935406684875
1996-05-11,0.2749844193458557
1996-05-12,0.2751128673553467
1996-05-13,0.27671894431114197
1996-05-14,0.280082106590271
1996-05-15,0.28435391187667847
1996-05-16,0.2842678129673004
1996-05-17,0.2822470963001251
1996-05-18,0.28062185645103455
1996-05-19,0.27963367104530334
1996-05-20,0.27922430634498596
1996-05-21,0.27885058522224426
1996-05-22,0.2784816324710846
1996-05-23,0.2781173884868622
1996-05-24,0.2777577042579651
1996-05-25,0.2774025499820709
1996-05-26,0.27705180644989014
1996-05-27,0.27670541405677795
1996-05-28,0.276363343000412
1996-05-29,0.2760254740715027
1996-05-30,0.2756917476654053
1996-05-31,0.27536213397979736
1996-06-01,0.2750365436077118
1996-06-02,0.2747149169445038
1996-06-03,0.27439722418785095
1996-06-04,0.27408337593078613
1996-06-05,0.27377331256866455
1996-06-06,0.2734670042991638
1996-06-07,0.2731643617153168
1996-06-08,0.2728653848171234
1996-06-09,0.2725699841976166
1996-06-10,0.2722781002521515
1996-06-11,0.27198970317840576
1996-06-12,0.2717047333717346
1996-06-13,0.2714231312274933
1996-06-14,0.2711448669433594
1996-06-15,0.2708699107170105
1996-06-16,0.2705981731414795
1996-06-17,0.27032965421676636
1996-06-18,0.27006426453590393
1996-06-19,0.2698019742965698
1996-06-20,0.26954275369644165
1996-06-21,0.26928654313087463
1996-06-22,0.2690333425998688
1996-06-23,0.2687956690788269
1996-06-24,0.26868462562561035
1996-06-25,0.2691234350204468
1996-06-26,0.271097332239151
1996-06-27,0.2754509747028351
1996-06-28,0.28114455938339233
1996-06-29,0.2851746678352356
1996-06-30,0.2840208113193512
1996-07-01,0.2812946140766144
1996-07-02,0.27938762307167053
1996-07-03,0.27840763330459595
1996-07-04,0.278013676404953
1996-07-05,0.27765482664108276
1996-07-06,0.2773005962371826
1996-07-07,0.2769508957862854
1996-07-08,0.27660563588142395
1996-07-09,0.2762646973133087
1996-07-10,0.27592799067497253
1996-07-11,0.27559542655944824
1996-07-12,0.27526697516441345
1996-07-13,0.274942547082901
1996-07-14,0.2746220529079437
1996-07-15,0.27430546283721924
1996-07-16,0.27399271726608276
1996-07-17,0.2736837565898895
1996-07-18,0.27337852120399475
1996-07-19,0.27307698130607605
1996-07-20,0.27277901768684387
1996-07-21,0.2724846601486206
1996-07-22,0.2721937894821167
1996-07-23,0.27190640568733215
1996-07-24,0.2716224193572998
1996-07-25,0.27134180068969727
1996-07-26,0.27106449007987976
1996-07-27,0.2707904875278473
1996-07-28,0.2705196738243103
1996-07-29,0.2702520787715912
1996-07-30,0.2699875831604004
1996-07-31,0.2697262167930603
1996-08-01,0.26946786046028137
1996-08-02,0.269212543964386
1996-08-03,0.268960177898407
1996-08-04,0.268710732460022
1996-08-05,0.26846417784690857
1996-08-06,0.2682204842567444
1996-08-07,0.26797959208488464
1996-08-08,0.26774880290031433
1996-08-09,0.26759839057922363
1996-08-10,0.2676541805267334
1996-08-11,0.2679334282875061
1996-08-12,0.26824963092803955
1996-08-13,0.2680201828479767
1996-08-14,0.2675701677799225
1996-08-15,0.2671804428100586
1996-08-16,0.26687899231910706
1996-08-17,0.2666497528553009
1996-08-18,0.26642680168151855
1996-08-19,0.26620638370513916
1996-08-20,0.26598846912384033
1996-08-21,0.2657729983329773
1996-08-22,0.26555997133255005
1996-08-23,0.3408631682395935
1996-08-24,0.7750519514083862
1996-08-25,2.5820322036743164
1996-08-26,7.342294692993164
1996-08-27,7.678276062011719
1996-08-28,5.72965669631958
1996-08-29,4.316467761993408
1996-08-30,3.4330368041992188
1996-08-31,2.8974688053131104
1996-09-01,2.556330442428589
1996-09-02,2.4047470092773438
1996-09-03,2.5748517513275146
1996-09-04,3.2471766471862793
1996-09-05,4.291831016540527
1996-09-06,5.528274059295654
1996-09-07,5.915536403656006
1996-09-08,6.216972351074219
1996-09-09,4.917027473449707
1996-09-10,3.8664262294769287
1996-09-11,3.1816704273223877
1996-09-12,2.7130212783813477
1996-09-13,2.3894236087799072
1996-09-14,2.149658203125
1996-09-15,1.9928109645843506
1996-09-16,1.9134818315505981
1996-09-17,1.8674793243408203
1996-09-18,1.743224024772644
1996-09-19,1.6230179071426392
1996-09-20,1.5501198768615723
1996-09-21,1.5242325067520142
1996-09-22,1.502135157585144
1996-09-23,1.4518656730651855
1996-09-24,1.3674153089523315
1996-09-25,1.284036636352539
1996-09-26,1.213509440422058
1996-09-27,1.1537665128707886
1996-09-28,1.112968921661377
1996-09-29,1.1157457828521729
1996-09-30,1.1758662462234497
1996-10-01,1.2597582340240479
1996-10-02,1.2228814363479614
1996-10-03,1.1483877897262573
1996-10-04,1.084215521812439
1996-10-05,1.0327259302139282
1996-10-06,0.9925965070724487
1996-10-07,0.9563982486724854
1996-10-08,0.9232943058013916
1996-10-09,0.892906665802002
1996-10-10,0.8649155497550964
1996-10-11,0.8390502333641052
1996-10-12,0.8150794506072998
1996-10-13,0.7928034067153931
1996-10-14,0.7720489501953125
1996-10-15,0.7526657581329346
1996-10-16,0.7345222234725952
1996-10-17,0.7175029516220093
1996-10-18,0.7015063762664795
1996-10-19,0.6864429116249084
1996-10-20,0.6722331047058105
1996-10-21,0.6588062644004822
1996-10-22,0.6460992693901062
1996-10-23,0.6340555548667908
1996-10-24,0.6226244568824768
1996-10-25,0.631803035736084
1996-10-26,0.7135831117630005
1996-10-27,0.908653974533081
1996-10-28,1.1789933443069458
1996-10-29,1.182862401008606
1996-10-30,1.0896790027618408
1996-10-31,1.0121108293533325
1996-11-01,0.9575516581535339
1996-11-02,0.9239394068717957
1996-11-03,0.8938522338867188
1996-11-04,0.8660567998886108
1996-11-05,0.8403209447860718
1996-11-06,0.8164307475090027
1996-11-07,0.7941923141479492
1996-11-08,0.7734405994415283
1996-11-09,0.7540361285209656
1996-11-10,0.7358584403991699
1996-11-11,0.718799889087677
1996-11-12,0.7033366560935974
1996-11-13,0.6907760500907898
1996-11-14,0.6816157698631287
1996-11-15,0.6742345094680786
1996-11-16,0.661783754825592
1996-11-17,0.6477195024490356
1996-11-18,0.6346410512924194
1996-11-19,0.6227067708969116
1996-11-20,0.6118241548538208
1996-11-21,0.6014903783798218
1996-11-22,0.5916427969932556
1996-11-23,0.5822482109069824
1996-11-24,0.5732763409614563
1996-11-25,0.5646995306015015
1996-11-26,0.5564925074577332
1996-11-27,0.5486319661140442
1996-11-28,0.5410965085029602
1996-11-29,0.5338665246963501
1996-11-30,0.5270735621452332
1996-12-01,0.5210604667663574
1996-12-02,0.5160205960273743
1996-12-03,0.5117452144622803
1996-12-04,0.5065174698829651
1996-12-05,0.5010533332824707
1996-12-06,0.4953013062477112
1996-12-07,0.4897546172142029
1996-12-08,0.48465555906295776
1996-12-09,0.47949719429016113
1996-12-10,0.47444456815719604
1996-12-11,0.46958258748054504
1996-12-12,0.46491342782974243
1996-12-13,0.460426390171051
1996-12-14,0.45608314871788025
1996-12-15,0.4518754184246063
1996-12-16,0.44779708981513977
1996-12-17,0.443842351436615
1996-12-18,0.4400058686733246
1996-12-19,0.43628644943237305
1996-12-20,0.43268883228302
1996-12-21,0.4292117655277252
1996-12-22,0.4258418083190918
1996-12-23,0.4225277006626129
1996-12-24,0.41928815841674805
1996-12-25,0.4161393940448761
1996-12-26,0.4130798280239105
1996-12-27,0.4101056754589081
1996-12-28,0.4072098135948181
1996-12-29,0.40438908338546753
1996-12-30,0.4016406834125519
1996-12-31,0.3989619016647339
1997-01-01,0.39635026454925537
1997-01-02,0.39380329847335815
1997-01-03,0.39131876826286316
1997-01-04,0.3888944387435913
1997-01-05,0.38652825355529785
1997-01-06,0.3842182159423828
1997-01-07,0.38196244835853577
1997-01-08,0.3797590732574463
1997-01-09,0.37760642170906067
1997-01-10,0.3755028247833252
1997-01-11,0.37344664335250854
1997-01-12,0.3714364171028137
1997-01-13,0.36947065591812134
1997-01-14,0.36754801869392395
1997-01-15,0.3656688630580902
1997-01-16,0.3638360798358917
1997-01-17,0.36204975843429565
1997-01-18,0.3603629469871521
1997-01-19,0.3588893413543701
1997-01-20,0.3576810657978058
1997-01-21,0.3566230833530426
1997-01-22,0.3550347685813904
1997-01-23,0.35323426127433777
1997-01-24,0.35151204466819763
1997-01-25,0.34989529848098755
1997-01-26,0.34837624430656433
1997-01-27,0.3468905985355377
1997-01-28,0.3454340100288391
1997-01-29,0.34400567412376404
1997-01-30,0.3426048159599304
1997-01-31,0.34123069047927856
1997-02-01,0.33988264203071594
1997-02-02,0.33855992555618286
1997-02-03,0.3372619152069092
1997-02-04,0.33598795533180237
1997-02-05,0.3347374498844147
1997-02-06,0.33350980281829834
1997-02-07,0.332304447889328
1997-02-08,0.3311208188533783
1997-02-09,0.32995834946632385
1997-02-10,0.32881656289100647
1997-02-11,0.32769495248794556
1997-02-12,0.3265930414199829
1997-02-13,0.32551029324531555
1997-02-14,0.32444635033607483
1997-02-15,0.32340067625045776
1997-02-16,0.3223729133605957
1997-02-17,0.32136261463165283
1997-02-18,0.3203693628311157
1997-02-19,0.3193928003311157
1997-02-20,0.3184325397014618
1997-02-21,0.3174882233142853
1997-02-22,0.3165911138057709
1997-02-23,0.3158138394355774
1997-02-24,0.3151775300502777
1997-02-25,0.3146181106567383
1997-02-26,0.31376591324806213
1997-02-27,0.31279242038726807
1997-02-28,0.3118589520454407
1997-03-01,0.3109813630580902
1997-03-02,0.31015545129776
1997-03-03,0.3093445599079132
1997-03-04,0.30854636430740356
1997-03-05,0.3077605962753296
1997-03-06,0.30704131722450256
1997-03-07,0.3065131902694702
1997-03-08,0.3062119483947754
1997-03-09,0.30602923035621643
1997-03-10,0.3053312301635742
1997-03-11,0.30451062321662903
1997-03-12,0.3049238622188568
1997-03-13,0.30863165855407715
1997-03-14,0.31604549288749695
1997-03-15,0.3242793083190918
1997-03-16,0.32373636960983276
1997-03-17,0.3195875585079193
1997-03-18,0.3165930509567261
1997-03-19,0.3163890242576599
1997-03-20,0.32091283798217773
1997-03-21,0.3306933343410492
1997-03-22,0.3417317271232605
1997-03-23,0.34786978363990784
1997-03-24,0.34472623467445374
1997-03-25,0.339224249124527
1997-03-26,0.335395485162735
1997-03-27,0.3332146108150482
1997-03-28,0.33275336027145386
1997-03-29,0.33627161383628845
1997-03-30,0.34742435812950134
1997-03-31,0.3678993880748749
1997-04-01,0.3906523883342743
1997-04-02,0.4057522118091583
1997-04-03,0.4245169162750244
1997-04-04,0.44491806626319885
1997-04-05,0.5015243887901306
1997-04-06,0.609348475933075
1997-04-07,0.6994519233703613
1997-04-08,0.7207167148590088
1997-04-09,0.8037727475166321
1997-04-10,1.1350274085998535
1997-04-11,1.8792829513549805
1997-04-12,2.7117888927459717
1997-04-13,3.0254080295562744
1997-04-14,2.9360275268554688
1997-04-15,3.0960099697113037
1997-04-16,3.604339122772217
1997-04-17,4.0846405029296875
1997-04-18,4.3807477951049805
1997-04-19,3.7411203384399414
1997-04-20,3.117260217666626
1997-04-21,2.6703755855560303
1997-04-22,2.3468778133392334
1997-04-23,2.110429286956787
1997-04-24,1.919893503189087
1997-04-25,1.7625689506530762
1997-04-26,1.6307674646377563
1997-04-27,1.5189189910888672
1997-04-28,1.4228934049606323
1997-04-29,1.3396432399749756
1997-04-30,1.2668344974517822
1997-05-01,1.202626347541809
1997-05-02,1.1455774307250977
1997-05-03,1.0945616960525513
1997-05-04,1.0486843585968018
1997-05-05,1.0072177648544312
1997-05-06,0.9695630073547363
1997-05-07,0.935221254825592
1997-05-08,0.9037734866142273
1997-05-09,0.8748677968978882
1997-05-10,0.8482072353363037
1997-05-11,0.823539137840271
1997-05-12,0.8034142255783081
1997-05-13,0.8025558590888977
1997-05-14,0.844859778881073
1997-05-15,0.9499141573905945
1997-05-16,1.0997086763381958
1997-05-17,1.2221957445144653
1997-05-18,1.354982614517212
1997-05-19,1.3419113159179688
1997-05-20,1.3240125179290771
1997-05-21,1.3687299489974976
1997-05-22,1.3983606100082397
1997-05-23,1.4491987228393555
1997-05-24,1.4291049242019653
1997-05-25,1.3492945432662964
1997-05-26,1.2681752443313599
1997-05-27,1.1978906393051147
1997-05-28,1.1398842334747314
1997-05-29,1.1055978536605835
1997-05-30,1.13203763961792
1997-05-31,1.2424037456512451
1997-06-01,1.3926997184753418
1997-06-02,1.367340326309204
1997-06-03,1.2976545095443726
1997-06-04,1.2456343173980713
1997-06-05,1.181204080581665
1997-06-06,1.1228169202804565
1997-06-07,1.0713050365447998
1997-06-08,1.0262110233306885
1997-06-09,0.9868244528770447
1997-06-10,0.9833803176879883
1997-06-11,1.1012030839920044
1997-06-12,1.414345145225525
1997-06-13,1.844569444656372
1997-06-14,1.8019211292266846
1997-06-15,1.62177312374115
1997-06-16,1.4726717472076416
1997-06-17,1.3618870973587036
1997-06-18,1.2938669919967651
1997-06-19,1.2663743495941162
1997-06-20,1.2869693040847778
1997-06-21,1.3265217542648315
1997-06-22,1.2757105827331543
1997-06-23,1.2218542098999023
1997-06-24,1.2574623823165894
1997-06-25,1.421402931213379
1997-06-26,1.6460814476013184
1997-06-27,1.5918928384780884
1997-06-28,1.457936406135559
1997-06-29,1.345579743385315
1997-06-30,1.258854866027832
1997-07-01,1.1947541236877441
1997-07-02,1.1384525299072266
1997-07-03,1.0881004333496094
1997-07-04,1.04281485080719
1997-07-05,1.0018733739852905
1997-07-06,0.9646819829940796
1997-07-07,0.9307480454444885
1997-07-08,0.8996607661247253
1997-07-09,0.8710752129554749
1997-07-10,0.8446998000144958
1997-07-11,0.8202863931655884
1997-07-12,0.797622799873352
1997-07-13,0.7765262126922607
1997-07-14,0.7568387389183044
1997-07-15,0.7384229302406311
1997-07-16,0.7211587429046631
1997-07-17,0.7049408555030823
1997-07-18,0.6896764636039734
1997-07-19,0.6752834320068359
1997-07-20,0.6616889834403992
1997-07-21,0.6488280892372131
1997-07-22,0.6366440057754517
1997-07-23,0.6250877380371094
1997-07-24,0.6141136884689331
1997-07-25,0.6036763787269592
1997-07-26,0.5937227606773376
1997-07-27,0.5842258334159851
1997-07-28,0.575160026550293
1997-07-29,0.566497266292572
1997-07-30,0.5582112669944763
1997-07-31,0.550277054309845
1997-08-01,0.5426726341247559
1997-08-02,0.5353779792785645
1997-08-03,0.5283745527267456
1997-08-04,0.5216453075408936
1997-08-05,0.5151745676994324
1997-08-06,0.5089476704597473
1997-08-07,0.5029513239860535
1997-08-08,0.49717286229133606
1997-08-09,0.4916008412837982
1997-08-10,0.48622438311576843
1997-08-11,0.4810335338115692
1997-08-12,0.47601887583732605
1997-08-13,0.471174955368042
1997-08-14,0.46650126576423645
1997-08-15,0.4619930386543274
1997-08-16,0.45763564109802246
1997-08-17,0.45338475704193115
1997-08-18,0.449252724647522
1997-08-19,0.4452489912509918
1997-08-20,0.4413672983646393
1997-08-21,0.4376031160354614
1997-08-22,0.43394917249679565
1997-08-23,0.4304007291793823
1997-08-24,0.42695340514183044
1997-08-25,0.423602819442749
1997-08-26,0.4203450679779053
1997-08-27,0.41717642545700073
1997-08-28,0.41409337520599365
1997-08-29,0.4110925793647766
1997-08-30,0.4081709086894989
1997-08-31,0.4053252935409546
1997-09-01,0.40255293250083923
1997-09-02,0.39985108375549316
1997-09-03,0.3972172141075134
1997-09-04,0.39464884996414185
1997-09-05,0.3921436369419098
1997-09-06,0.38969939947128296
1997-09-07,0.38731396198272705
1997-09-08,0.3856804370880127
1997-09-09,0.38643333315849304
1997-09-10,0.3901420533657074
1997-09-11,0.39531245827674866
1997-09-12,0.393662691116333
1997-09-13,0.38908258080482483
1997-09-14,0.385089248418808
1997-09-15,0.38201016187667847
1997-09-16,0.3797646164894104
1997-09-17,0.3776116967201233
1997-09-18,0.3755078911781311
1997-09-19,0.3734515309333801
1997-09-20,0.37144115567207336
1997-09-21,0.36947527527809143
1997-09-22,0.36790430545806885
1997-09-23,0.36755064129829407
1997-09-24,0.41077977418899536
1997-09-25,0.6158767342567444
1997-09-26,1.151106834411621
1997-09-27,2.0707125663757324
1997-09-28,2.0926713943481445
1997-09-29,1.8276057243347168
1997-09-30,1.6126092672348022
1997-10-01,1.464224934577942
1997-10-02,1.375440239906311
1997-10-03,1.2996057271957397
1997-10-04,1.2325071096420288
1997-10-05,1.1727988719940186
1997-10-06,1.1193819046020508
1997-10-07,1.071355938911438
1997-10-08,1.0279755592346191
1997-10-09,0.988612174987793
1997-10-10,1.0435880422592163
1997-10-11,1.4725890159606934
1997-10-12,2.743452548980713
1997-10-13,4.952903747558594
1997-10-14,5.389462471008301
1997-10-15,6.628182411193848
1997-10-16,8.087814331054688
1997-10-17,6.07755184173584
1997-10-18,4.586935997009277
1997-10-19,3.6536753177642822
1997-10-20,3.0473995208740234
1997-10-21,2.652570962905884
1997-10-22,2.355168342590332
1997-10-23,2.1210875511169434
1997-10-24,1.931823968887329
1997-10-25,1.7841767072677612
1997-10-26,1.6905838251113892
1997-10-27,1.6539174318313599
1997-10-28,1.6405415534973145
1997-10-29,1.5488477945327759
1997-10-30,1.4426324367523193
1997-10-31,1.3513509035110474
1997-11-01,1.2746398448944092
1997-11-02,1.2104368209838867
1997-11-03,1.153374433517456
1997-11-04,1.1022049188613892
1997-11-05,1.0561028718948364
1997-11-06,1.0169421434402466
1997-11-07,0.9938143491744995
1997-11-08,0.9975555539131165
1997-11-09,1.0244351625442505
1997-11-10,1.0323548316955566
1997-11-11,0.9965140223503113
1997-11-12,0.9515653848648071
1997-11-13,0.9129862785339355
1997-11-14,0.881319522857666
1997-11-15,0.8543516397476196
1997-11-16,0.8294728398323059
1997-11-17,0.8063541650772095
1997-11-18,0.7848257422447205
1997-11-19,0.7647333145141602
1997-11-20,0.745933473110199
1997-11-21,0.7283008694648743
1997-11-22,0.7117301225662231
1997-11-23,0.6961288452148438
1997-11-24,0.6814159750938416
1997-11-25,0.6675196886062622
1997-11-26,0.6543750166893005
1997-11-27,0.6419227719306946
1997-11-28,0.6301097869873047
1997-11-29,0.6188884973526001
1997-11-30,0.6082161068916321
1997-12-01,0.5980536937713623
1997-12-02,0.5883660316467285
1997-12-03,0.579120934009552
1997-12-04,0.5702887177467346
1997-12-05,0.5618424415588379
1997-12-06,0.5537574887275696
1997-12-07,0.5461822748184204
1997-12-08,0.5395069718360901
1997-12-09,0.5338712334632874
1997-12-10,0.5288342237472534
1997-12-11,0.5223621129989624
1997-12-12,0.5154370069503784
1997-12-13,0.5088669657707214
1997-12-14,0.5027080774307251
1997-12-15,0.4969313144683838
1997-12-16,0.4913691282272339
1997-12-17,0.4860018789768219
1997-12-18,0.48081955313682556
1997-12-19,0.4758128523826599
1997-12-20,0.4709887206554413
1997-12-21,0.46637630462646484
1997-12-22,0.46198156476020813
1997-12-23,0.4578048288822174
1997-12-24,0.45376017689704895
1997-12-25,0.4499681890010834
1997-12-26,0.4463973343372345
1997-12-27,0.44253021478652954
1997-12-28,0.4386097192764282
1997-12-29,0.43483245372772217
1997-12-30,0.4312121868133545
1997-12-31,0.4277397692203522
1998-01-01,0.4243674874305725
1998-01-02,0.421088844537735
1998-01-03,0.4179001450538635
1998-01-04,0.41479775309562683
1998-01-05,0.41177836060523987
1998-01-06,0.4088387191295624
1998-01-07,0.405975878238678
1998-01-08,0.4031868577003479
1998-01-09,0.40046900510787964
1998-01-10,0.3978196978569031
1998-01-11,0.39523643255233765
1998-01-12,0.3927168548107147
1998-01-13,0.3902587294578552
1998-01-14,0.38785991072654724
1998-01-15,0.385518342256546
1998-01-16,0.38323211669921875
1998-01-17,0.3810032308101654
1998-01-18,0.3788392245769501
1998-01-19,0.3767414093017578
1998-01-20,0.3746996223926544
1998-01-21,0.3726660907268524
1998-01-22,0.3706611692905426
1998-01-23,0.3687031865119934
1998-01-24,0.3667926490306854
1998-01-25,0.36492782831192017
1998-01-26,0.3631031811237335
1998-01-27,0.36131733655929565
1998-01-28,0.35956907272338867
1998-01-29,0.3578573167324066
1998-01-30,0.35618099570274353
1998-01-31,0.35453903675079346
1998-02-01,0.3529305160045624
1998-02-02,0.3513544201850891
1998-02-03,0.3498098850250244
1998-02-04,0.34829601645469666
1998-02-05,0.3468119502067566
1998-02-06,0.34535688161849976
1998-02-07,0.3439300060272217
1998-02-08,0.34253057837486267
1998-02-09,0.34115785360336304
1998-02-10,0.33981114625930786
1998-02-11,0.3384897708892822
1998-02-12,0.3371930718421936
1998-02-13,0.3359203636646271
1998-02-14,0.334678590297699
1998-02-15,0.33349287509918213
1998-02-16,0.3323875069618225
1998-02-17,0.331352561712265
1998-02-18,0.33028268814086914
1998-02-19,0.32911941409111023
1998-02-20,0.32794636487960815
1998-02-21,0.32680973410606384
1998-02-22,0.3257123529911041
1998-02-23,0.32464438676834106
1998-02-24,0.3235953152179718
1998-02-25,0.3225642442703247
1998-02-26,0.3215506970882416
1998-02-27,0.32055428624153137
1998-02-28,0.31957462430000305
1998-03-01,0.3186113238334656
1998-03-02,0.3176640570163727
1998-03-03,0.31673240661621094
1998-03-04,0.3158160448074341
1998-03-05,0.31491464376449585
1998-03-06,0.31402787566185
1998-03-07,0.3131554424762726
1998-03-08,0.312296986579895
1998-03-09,0.3114522397518158
1998-03-10,0.31062087416648865
1998-03-11,0.3098044693470001
1998-03-12,0.30927956104278564
1998-03-13,0.309971421957016
1998-03-14,0.3127474784851074
1998-03-15,0.3172582983970642
1998-03-16,0.3197152316570282
1998-03-17,0.3181184232234955
1998-03-18,0.31548628211021423
1998-03-19,0.3134838342666626
1998-03-20,0.31222766637802124
1998-03-21,0.311365008354187
1998-03-22,0.31053510308265686
1998-03-23,0.3097183108329773
1998-03-24,0.3089143633842468
1998-03-25,0.3081229627132416
1998-03-26,0.3073437809944153
1998-03-27,0.3065766394138336
1998-03-28,0.3058212697505951
1998-03-29,0.305077463388443
1998-03-30,0.3043449819087982
1998-03-31,0.30362358689308167
1998-04-01,0.3029130697250366
1998-04-02,0.30221322178840637
1998-04-03,0.3015238046646118
1998-04-04,0.300844669342041
1998-04-05,0.3001755475997925
1998-04-06,0.2995162904262543
1998-04-07,0.2988666892051697
1998-04-08,0.29822659492492676
1998-04-09,0.2975957691669464
1998-04-10,0.2969740629196167
1998-04-11,0.2963613271713257
1998-04-12,0.29575738310813904
1998-04-13,0.29516205191612244
1998-04-14,0.29457518458366394
1998-04-15,0.2939966022968292
1998-04-16,0.2934262156486511
1998-04-17,0.2928638160228729
1998-04-18,0.2923092842102051
1998-04-19,0.29176247119903564
1998-04-20,0.2912232577800751
1998-04-21,0.29069146513938904
1998-04-22,0.2901670038700104
1998-04-23,0.28964975476264954
1998-04-24,0.2891395688056946
1998-04-25,0.28863629698753357
1998-04-26,0.28813987970352173
1998-04-27,0.28765013813972473
1998-04-28,0.2871670126914978
1998-04-29,0.286690354347229
1998-04-30,0.2862200438976288
1998-05-01,0.28575602173805237
1998-05-02,0.2852981686592102
1998-05-03,0.28484633564949036
1998-05-04,0.28440046310424805
1998-05-05,0.2839604616165161
1998-05-06,0.283526211977005
1998-05-07,0.28309762477874756
1998-05-08,0.2826746106147766
1998-05-09,0.282257080078125
1998-05-10,0.2818449139595032
1998-05-11,0.28143808245658875
1998-05-12,0.28103646636009216
1998-05-13,0.28064000606536865
1998-05-14,0.28024858236312866
1998-05-15,0.2798621654510498
1998-05-16,0.2794806659221649
1998-05-17,0.279104083776474
1998-05-18,0.2787322700023651
1998-05-19,0.27836498618125916
1998-05-20,0.27800223231315613
1998-05-21,0.27764400839805603
1998-05-22,0.2772902846336365
1998-05-23,0.2769409418106079
1998-05-24,0.27659595012664795
1998-05-25,0.27625522017478943
1998-05-26,0.2759186923503876
1998-05-27,0.2765685021877289
1998-05-28,0.28044965863227844
1998-05-29,0.288208931684494
1998-05-30,0.29801490902900696
1998-05-31,0.29821449518203735
1998-06-01,0.29414236545562744
1998-06-02,0.2909272611141205
1998-06-03,0.2890976667404175
1998-06-04,0.28852736949920654
1998-06-05,0.28803154826164246
1998-06-06,0.2883785665035248
1998-06-07,0.29148542881011963
1998-06-08,0.29791557788848877
1998-06-09,0.3060779273509979
1998-06-10,0.30607298016548157
1998-06-11,0.3024459183216095
1998-06-12,0.29954054951667786
1998-06-13,0.29780006408691406
1998-06-14,0.2971186935901642
1998-06-15,0.2965030372142792
1998-06-16,0.2958965599536896
1998-06-17,0.2952989339828491
1998-06-18,0.2947099506855011
1998-06-19,0.2941293716430664
1998-06-20,0.2935570478439331
1998-06-21,0.2929927706718445
1998-06-22,0.292436420917511
1998-06-23,0.2918878495693207
1998-06-24,0.29134687781333923
1998-06-25,0.2908133864402771
1998-06-26,0.2902872562408447
1998-06-27,0.2897683382034302
1998-06-28,0.2892565429210663
1998-06-29,0.2890014052391052
1998-06-30,0.28957417607307434
1998-07-01,0.2911343276500702
1998-07-02,0.2931985855102539
1998-07-03,0.2928480803966522
1998-07-04,0.29143109917640686
1998-07-05,0.29023486375808716
1998-07-06,0.28939104080200195
1998-07-07,0.28886765241622925
1998-07-08,0.28836801648139954
1998-07-09,0.28787514567375183
1998-07-10,0.28738895058631897
1998-07-11,0.2869093120098114
1998-07-12,0.2864360809326172
1998-07-13,0.28596916794776917
1998-07-14,0.2855084538459778
1998-07-15,0.28505387902259827
1998-07-16,0.2846105098724365
1998-07-17,0.28419020771980286
1998-07-18,0.2837960720062256
1998-07-19,0.2834179401397705
1998-07-20,0.2829948961734772
1998-07-21,0.2825549840927124
1998-07-22,0.2821250557899475
1998-07-23,0.2817077338695526
1998-07-24,0.2813023328781128
1998-07-25,0.2809024453163147
1998-07-26,0.2805076837539673
1998-07-27,0.280117928981781
1998-07-28,0.27973315119743347
1998-07-29,0.27935323119163513
1998-07-30,0.2789781391620636
1998-07-31,0.27860772609710693
1998-08-01,0.27824199199676514
1998-08-02,0.27788081765174866
1998-08-03,0.2775241732597351
1998-08-04,0.27717193961143494
1998-08-05,0.2768312096595764
1998-08-06,0.2765181064605713
1998-08-07,0.27623680233955383
1998-08-08,0.2759735882282257
1998-08-09,0.2756458818912506
1998-08-10,0.2752917408943176
1998-08-11,0.2749478220939636
1998-08-12,0.27461785078048706
1998-08-13,0.27430084347724915
1998-08-14,0.27398815751075745
1998-08-15,0.2736799716949463
1998-08-16,0.2736968994140625
1998-08-17,0.27476567029953003
1998-08-18,0.2770797312259674
1998-08-19,0.2800274193286896
1998-08-20,0.2798856794834137
1998-08-21,0.27837520837783813
1998-08-22,0.2771480679512024
1998-08-23,0.2763758599758148
1998-08-24,0.2760161757469177
1998-08-25,0.2756825387477875
1998-08-26,0.27535298466682434
1998-08-27,0.27502745389938354
1998-08-28,0.2747058868408203
1998-08-29,0.27438825368881226
1998-08-30,0.2740744948387146
1998-08-31,0.27376455068588257
1998-09-01,0.273458331823349
1998-09-02,0.2731558084487915
1998-09-03,0.2728569209575653
1998-09-04,0.27256160974502563
1998-09-05,0.2722698450088501
1998-09-06,0.27198153734207153
1998-09-07,0.27169665694236755
1998-09-08,0.27141517400741577
1998-09-09,0.271136999130249
1998-09-10,0.2708621323108673
1998-09-11,0.27059048414230347
1998-09-12,0.2703220248222351
1998-09-13,0.27005672454833984
1998-09-14,0.2697945535182953
1998-09-15,0.2928573489189148
1998-09-16,0.44711318612098694
1998-09-17,1.0007587671279907
1998-09-18,2.5493102073669434
1998-09-19,4.2134246826171875
1998-09-20,3.7916061878204346
1998-09-21,3.0951406955718994
1998-09-22,2.5908010005950928
1998-09-23,2.3729617595672607
1998-09-24,2.6899735927581787
1998-09-25,3.9861202239990234
1998-09-26,6.5623555183410645
1998-09-27,7.839444637298584
1998-09-28,8.799322128295898
1998-09-29,6.396310329437256
1998-09-30,4.728965759277344
1998-10-01,3.7319424152374268
1998-10-02,3.0907516479492188
1998-10-03,2.673582077026367
1998-10-04,2.362210750579834
1998-10-05,2.1194047927856445
1998-10-06,1.9247499704360962
1998-10-07,1.7760742902755737
1998-10-08,1.6901971101760864
1998-10-09,1.6718878746032715
1998-10-10,1.6796919107437134
1998-10-11,1.5848370790481567
1998-10-12,1.4694370031356812
1998-10-13,1.4192057847976685
1998-10-14,1.5608233213424683
1998-10-15,2.0039093494415283
1998-10-16,2.5996193885803223
1998-10-17,2.454505443572998
1998-10-18,2.15012788772583
1998-10-19,1.9076179265975952
1998-10-20,1.7276294231414795
1998-10-21,1.6086156368255615
1998-10-22,1.5427414178848267
1998-10-23,1.5417414903640747
1998-10-24,1.577831506729126
1998-10-25,1.533247947692871
1998-10-26,1.4349713325500488
1998-10-27,1.3399039506912231
1998-10-28,1.260713815689087
1998-10-29,1.1960927248001099
1998-10-30,1.1402308940887451
1998-10-31,1.0902087688446045
1998-11-01,1.0451068878173828
1998-11-02,1.004246473312378
1998-11-03,0.9670639634132385
1998-11-04,0.9340698719024658
1998-11-05,0.9098360538482666
1998-11-06,0.9014225602149963
1998-11-07,0.9086633324623108
1998-11-08,0.9120646715164185
1998-11-09,0.8865050673484802
1998-11-10,0.8533015847206116
1998-11-11,0.8240664601325989
1998-11-12,0.799355149269104
1998-11-13,0.778139054775238
1998-11-14,0.7584187984466553
1998-11-15,0.7399588227272034
1998-11-16,0.7226431369781494
1998-11-17,0.7063700556755066
1998-11-18,0.6910488605499268
1998-11-19,0.6765986084938049
1998-11-20,0.6629473567008972
1998-11-21,0.6504610180854797
1998-11-22,0.6401247382164001
1998-11-23,0.632310152053833
1998-11-24,0.6258390545845032
1998-11-25,0.6155871152877808
1998-11-26,0.6041072607040405
1998-11-27,0.5933763384819031
1998-11-28,0.5835216045379639
1998-11-29,0.5744742751121521
1998-11-30,0.5658458471298218
1998-12-01,0.5575902462005615
1998-12-02,0.5496839284896851
1998-12-03,0.5421053767204285
1998-12-04,0.5348346829414368
1998-12-05,0.5278535485267639
1998-12-06,0.5211451649665833
1998-12-07,0.5146938562393188
1998-12-08,0.5084853172302246
1998-12-09,0.5025061964988708
1998-12-10,0.4967440068721771
1998-12-11,0.49118733406066895
1998-12-12,0.48582541942596436
1998-12-13,0.48064833879470825
1998-12-14,0.4756467938423157
1998-12-15,0.470812052488327
1998-12-16,0.46613603830337524
1998-12-17,0.4616111218929291
1998-12-18,0.45724862813949585
1998-12-19,0.45308569073677063
1998-12-20,0.44913187623023987
1998-12-21,0.4453384578227997
1998-12-22,0.4414830803871155
1998-12-23,0.4376649558544159
1998-12-24,0.4339885115623474
1998-12-25,0.430501252412796
1998-12-26,0.42721229791641235
1998-12-27,0.4240570068359375
1998-12-28,0.4208116829395294
1998-12-29,0.41757726669311523
1998-12-30,0.41444239020347595
1998-12-31,0.41141200065612793
1999-01-01,0.4084809124469757
1999-01-02,0.4056273102760315
1999-01-03,0.4028472304344177
1999-01-04,0.4001379609107971
1999-01-05,0.39749690890312195
1999-01-06,0.3949216306209564
1999-01-07,0.3924097716808319
1999-01-08,0.38995906710624695
1999-01-09,0.3875674307346344
1999-01-10,0.3852328360080719
1999-01-11,0.3829532861709595
1999-01-12,0.38072696328163147
1999-01-13,0.37855207920074463
1999-01-14,0.3764269948005676
1999-01-15,0.37435004115104675
1999-01-16,0.37231966853141785
1999-01-17,0.3703344464302063
1999-01-18,0.3683928847312927
1999-01-19,0.36649367213249207
1999-01-20,0.36463549733161926
1999-01-21,0.36281710863113403
1999-01-22,0.3610372841358185
1999-01-23,0.3592948913574219
1999-01-24,0.35758882761001587
1999-01-25,0.3559180200099945
1999-01-26,0.3542814552783966
1999-01-27,0.3526781499385834
1999-01-28,0.351107120513916
1999-01-29,0.3495675027370453
1999-01-30,0.34805843234062195
1999-01-31,0.34657901525497437
1999-02-01,0.34512847661972046
1999-02-02,0.34370601177215576
1999-02-03,0.3423108756542206
1999-02-04,0.3409423232078552
1999-02-05,0.33959969878196716
1999-02-06,0.3382822573184967
1999-02-07,0.3369894027709961
1999-02-08,0.3357204794883728
1999-02-09,0.3344748914241791
1999-02-10,0.3332520127296448
1999-02-11,0.3320513069629669
1999-02-12,0.33087220788002014
1999-02-13,0.32971420884132385
1999-02-14,0.3285767436027527
1999-02-15,0.32745933532714844
1999-02-16,0.3263615369796753
1999-02-17,0.3252828121185303
1999-02-18,0.32422277331352234
1999-02-19,0.3231809437274933
1999-02-20,0.3221569359302521
1999-02-21,0.3211502730846405
1999-02-22,0.3201606273651123
1999-02-23,0.31918755173683167
1999-02-24,0.3182307183742523
1999-02-25,0.31728971004486084
1999-02-26,0.31636422872543335
1999-02-27,0.3154538869857788
1999-02-28,0.31455838680267334
1999-03-01,0.3136773705482483
1999-03-02,0.3128105401992798
1999-03-03,0.31195762753486633
1999-03-04,0.3111182451248169
1999-03-05,0.31029221415519714
1999-03-06,0.30947914719581604
1999-03-07,0.30867886543273926
1999-03-08,0.30789104104042053
1999-03-09,0.30711543560028076
1999-03-10,0.30635178089141846
1999-03-11,0.3055998682975769
1999-03-12,0.304859459400177
1999-03-13,0.30413028597831726
1999-03-14,0.30341213941574097
1999-03-15,0.3027048110961914
1999-03-16,0.3020080626010895
1999-03-17,0.30132198333740234
1999-03-18,0.30064699053764343
1999-03-19,0.29998302459716797
1999-03-20,0.29932937026023865
1999-03-21,0.2986827492713928
1999-03-22,0.2980444133281708
1999-03-23,0.29741552472114563
1999-03-24,0.2967960834503174
1999-03-25,0.2961858808994293
1999-03-26,0.29558444023132324
1999-03-27,0.2949915826320648
1999-03-28,0.2944071292877197
1999-03-29,0.293830931186676
1999-03-30,0.2932628393173218
1999-03-31,0.29270273447036743
1999-04-01,0.29215046763420105
1999-04-02,0.2916058599948883
1999-04-03,0.29106879234313965
1999-04-04,0.2905391454696655
1999-04-05,0.2900168001651764
1999-04-06,0.2895015776157379
1999-04-07,0.28899338841438293
1999-04-08,0.2884921431541443
1999-04-09,0.28799763321876526
1999-04-10,0.28750982880592346
1999-04-11,0.28702858090400696
1999-04-12,0.2865537703037262
1999-04-13,0.286085307598114
1999-04-14,0.2856234014034271
1999-04-15,0.2851686477661133
1999-04-16,0.2847211956977844
1999-04-17,0.28428030014038086
1999-04-18,0.2838421165943146
1999-04-19,0.2834082841873169
1999-04-20,0.28298038244247437
1999-04-21,0.28255847096443176
1999-04-22,0.28214240074157715
1999-04-23,0.2817317545413971
1999-04-24,0.2813263535499573
1999-04-25,0.2809261679649353
1999-04-26,0.280531108379364
1999-04-27,0.28014108538627625
1999-04-28,0.27975600957870483
1999-04-29,0.2793757915496826
1999-04-30,0.2790004014968872
1999-05-01,0.27863267064094543
1999-05-02,0.2782793343067169
1999-05-03,0.277942031621933
1999-05-04,0.2776150703430176
1999-05-05,0.27726396918296814
1999-05-06,0.27690455317497253
1999-05-07,0.2765520513057709
1999-05-08,0.27620795369148254
1999-05-09,0.27587178349494934
1999-05-10,0.27553996443748474
1999-05-11,0.27521219849586487
1999-05-12,0.27488845586776733
1999-05-13,0.2745686173439026
1999-05-14,0.2742527723312378
1999-05-15,0.27394115924835205
1999-05-16,0.2736528813838959
1999-05-17,0.2734304666519165
1999-05-18,0.2732837498188019
1999-05-19,0.27317559719085693
1999-05-20,0.27288952469825745
1999-05-21,0.27252694964408875
1999-05-22,0.2721845507621765
1999-05-23,0.27187228202819824
1999-05-24,0.27158743143081665
1999-05-25,0.2713083326816559
1999-05-26,0.27103757858276367
1999-05-27,0.27121296525001526
1999-05-28,0.27282091975212097
1999-05-29,0.2761118710041046
1999-05-30,0.2802601158618927
1999-05-31,0.2801974415779114
1999-06-01,0.27826911211013794
1999-06-02,0.2767273783683777
1999-06-03,0.2758052349090576
1999-06-04,0.2754443287849426
1999-06-05,0.2751174867153168
1999-06-06,0.27479472756385803
1999-06-07,0.27447596192359924
1999-06-08,0.274219810962677
1999-06-09,0.27415984869003296
1999-06-10,0.27433091402053833
1999-06-11,0.27462106943130493
1999-06-12,0.2743481993675232
1999-06-13,0.27382737398147583
1999-06-14,0.2742293179035187
1999-06-15,0.27756640315055847
1999-06-16,0.28439176082611084
1999-06-17,0.2930169105529785
1999-06-18,0.29317235946655273
1999-06-19,0.29315218329429626
1999-06-20,0.3058272898197174
1999-06-21,0.33600789308547974
1999-06-22,0.38049185276031494
1999-06-23,0.39389491081237793
1999-06-24,0.3937998414039612
1999-06-25,0.38366180658340454
1999-06-26,0.3727101683616638
1999-06-27,0.3672955334186554
1999-06-28,0.3638308048248291
1999-06-29,0.3619374930858612
1999-06-30,0.36016783118247986
1999-07-01,0.35843783617019653
1999-07-02,0.3567456901073456
1999-07-03,0.356567919254303
1999-07-04,0.3772057592868805
1999-07-05,0.4606247842311859
1999-07-06,0.6364267468452454
1999-07-07,0.8635364770889282
1999-07-08,0.8759207129478455
1999-07-09,0.8035956621170044
1999-07-10,0.7458992004394531
1999-07-11,0.7105271220207214
1999-07-12,0.6941865682601929
1999-07-13,0.6796700358390808
1999-07-14,0.6659719944000244
1999-07-15,0.6530042290687561
1999-07-16,0.6406763792037964
1999-07-17,0.6289446353912354
1999-07-18,0.6193259954452515
1999-07-19,0.615543007850647
1999-07-20,0.6193873882293701
1999-07-21,0.6279090046882629
1999-07-22,0.623730480670929
1999-07-23,0.6160417795181274
1999-07-24,0.6082181334495544
1999-07-25,0.596922755241394
1999-07-26,0.5857740044593811
1999-07-27,0.5756241083145142
1999-07-28,0.5665267705917358
1999-07-29,0.5582188367843628
1999-07-30,0.5502840876579285
1999-07-31,0.5426791310310364
1999-08-01,0.5353839993476868
1999-08-02,0.5283800959587097
1999-08-03,0.5216505527496338
1999-08-04,0.515179455280304
1999-08-05,0.5089523792266846
1999-08-06,0.5029557347297668
1999-08-07,0.4971771538257599
1999-08-08,0.4916049540042877
1999-08-09,0.486228346824646
1999-08-10,0.48103734850883484
1999-08-11,0.4760225713253021
1999-08-12,0.47117528319358826
1999-08-13,0.466487318277359
1999-08-14,0.4619510769844055
1999-08-15,0.45755934715270996
1999-08-16,0.4533054530620575
1999-08-17,0.4491831064224243
1999-08-18,0.44518664479255676
1999-08-19,0.44131121039390564
1999-08-20,0.43755215406417847
1999-08-21,0.43390485644340515
1999-08-22,0.4303617477416992
1999-08-23,0.4269190728664398
1999-08-24,0.42356938123703003
1999-08-25,0.4203111231327057
1999-08-26,0.41714251041412354
1999-08-27,0.41405993700027466
1999-08-28,0.41106000542640686
1999-08-29,0.408139169216156
1999-08-30,0.40529438853263855
1999-08-31,0.4025228023529053
1999-09-01,0.3998217284679413
1999-09-02,0.39718860387802124
1999-09-03,0.3946209251880646
1999-09-04,0.3921164274215698
1999-09-05,0.38967281579971313
1999-09-06,0.39124584197998047
1999-09-07,0.406292587518692
1999-09-08,0.4388696551322937
1999-09-09,0.48101669549942017
1999-09-10,0.48744845390319824
1999-09-11,0.4945867359638214
1999-09-12,0.5295282006263733
1999-09-13,0.5961978435516357
1999-09-14,0.6573386788368225
1999-09-15,0.7642601728439331
1999-09-16,0.9178148508071899
1999-09-17,0.9163501858711243
1999-09-18,0.8575515747070312
1999-09-19,0.8087127804756165
1999-09-20,0.7749528884887695
1999-09-21,0.7550302743911743
1999-09-22,0.7369244694709778
1999-09-23,0.7198812961578369
1999-09-24,0.7038260698318481
1999-09-25,0.6886857748031616
1999-09-26,0.674389660358429
1999-09-27,0.660871684551239
1999-09-28,0.648072361946106
1999-09-29,0.6359377503395081
1999-09-30,0.624419093132019
1999-10-01,0.6134718060493469
1999-10-02,0.6030551791191101
1999-10-03,0.5931316614151001
1999-10-04,0.5836669206619263
1999-10-05,0.5748110413551331
1999-10-06,0.5669722557067871
1999-10-07,0.5602956414222717
1999-10-08,0.5543006062507629
1999-10-09,0.5468542575836182
1999-10-10,0.5390635132789612
1999-10-11,0.5317972898483276
1999-10-12,0.5250467658042908
1999-10-13,0.518478274345398
1999-10-14,0.5120638608932495
1999-10-15,0.5059029459953308
1999-10-16,0.4999929368495941
1999-10-17,0.49431946873664856
1999-10-18,0.4889717102050781
1999-10-19,0.4842332601547241
1999-10-20,0.48020440340042114
1999-10-21,0.4765821397304535
1999-10-22,0.4718994200229645
1999-10-23,0.4668572247028351
1999-10-24,0.4620520770549774
1999-10-25,0.45752957463264465
1999-10-26,0.45327022671699524
1999-10-27,0.44914907217025757
1999-10-28,0.44515347480773926
1999-10-29,0.4412778317928314
1999-10-30,0.437516987323761
1999-10-31,0.4338659644126892
1999-11-01,0.4303201138973236
1999-11-02,0.4268750846385956
1999-11-03,0.42352670431137085
1999-11-04,0.4202710688114166
1999-11-05,0.41710445284843445
1999-11-06,0.41402333974838257
1999-11-07,0.41102442145347595
1999-11-08,0.4081045091152191
1999-11-09,0.4052606225013733
1999-11-10,0.40248990058898926
1999-11-11,0.3997896611690521
1999-11-12,0.3971623480319977
1999-11-13,0.39461731910705566
1999-11-14,0.3921562433242798
1999-11-15,0.38976582884788513
1999-11-16,0.38738498091697693
1999-11-17,0.38503965735435486
1999-11-18,0.38275304436683655
1999-11-19,0.3805256485939026
1999-11-20,0.37835511565208435
1999-11-21,0.3762345016002655
1999-11-22,0.37416186928749084
1999-11-23,0.3721356987953186
1999-11-24,0.3701545298099518
1999-11-25,0.3682207465171814
1999-11-26,0.3663419783115387
1999-11-27,0.36451977491378784
1999-11-28,0.3627447187900543
1999-11-29,0.36097079515457153
1999-11-30,0.35921791195869446
1999-12-01,0.357504278421402
1999-12-02,0.35583069920539856
1999-12-03,0.3541956841945648
1999-12-04,0.3525941073894501
1999-12-05,0.3510247766971588
1999-12-06,0.3494867980480194
1999-12-07,0.3479793071746826
1999-12-08,0.3465014398097992
1999-12-09,0.3450523912906647
1999-12-10,0.343631386756897
1999-12-11,0.3422376811504364
1999-12-12,0.34087055921554565
1999-12-13,0.33952924609184265
1999-12-14,0.33821314573287964
1999-12-15,0.3369215726852417
1999-12-16,0.3356539011001587
1999-12-17,0.33440953493118286
1999-12-18,0.33318784832954407
1999-12-19,0.33198830485343933
1999-12-20,0.3308103382587433
1999-12-21,0.32965341210365295
1999-12-22,0.32851704955101013
1999-12-23,0.32740068435668945
1999-12-24,0.3263038992881775
1999-12-25,0.32522618770599365
1999-12-26,0.3241671323776245
1999-12-27,0.32312625646591187
1999-12-28,0.3221604526042938
1999-12-29,0.3214016556739807
1999-12-30,0.3208889663219452
1999-12-31,0.32050588726997375
2000-01-01,0.319582462310791
2000-01-02,0.31843000650405884
2000-01-03,0.31734055280685425
2000-01-04,0.31634271144866943
2000-01-05,0.31542912125587463
2000-01-06,0.3145340383052826
2000-01-07,0.31365343928337097
2000-01-08,0.3127870261669159
2000-01-09,0.3119344711303711
2000-01-10,0.3110955059528351
2000-01-11,0.3102698028087616
2000-01-12,0.30945712327957153
2000-01-13,0.308657169342041
2000-01-14,0.30786967277526855
2000-01-15,0.3071194887161255
2000-01-16,0.3064641058444977
2000-01-17,0.3059197664260864
2000-01-18,0.3054363429546356
2000-01-19,0.3047209680080414
2000-01-20,0.3039093017578125
2000-01-21,0.3031296133995056
2000-01-22,0.3023945689201355
2000-01-23,0.3017008602619171
2000-01-24,0.3010190725326538
2000-01-25,0.30034738779067993
2000-01-26,0.29968562722206116
2000-01-27,0.2990335524082184
2000-01-28,0.2983922064304352
2000-01-29,0.2977640926837921
2000-01-30,0.29714980721473694
2000-01-31,0.2965468466281891
2000-02-01,0.2959412634372711
2000-02-02,0.2953392565250397
2000-02-03,0.2947467863559723
2000-02-04,0.2941642701625824
2000-02-05,0.2935914099216461
2000-02-06,0.29302671551704407
2000-02-07,0.29246988892555237
2000-02-08,0.29192087054252625
2000-02-09,0.291379451751709
2000-02-10,0.29084551334381104
2000-02-11,0.29031893610954285
2000-02-12,0.28979960083961487
2000-02-13,0.28928735852241516
2000-02-14,0.2887820899486542
2000-02-15,0.28828367590904236
2000-02-16,0.28779202699661255
2000-02-17,0.2873069643974304
2000-02-18,0.2868284285068512
2000-02-19,0.2863563001155853
2000-02-20,0.28589046001434326
2000-02-21,0.28543081879615784
2000-02-22,0.2849772274494171
2000-02-23,0.2845296561717987
2000-02-24,0.2840879559516907
2000-02-25,0.28365203738212585
2000-02-26,0.2832218110561371
2000-02-27,0.2827971577644348
2000-02-28,0.28237804770469666
2000-02-29,0.28196436166763306
2000-03-01,0.28155598044395447
2000-03-02,0.2811528444290161
2000-03-03,0.2807548940181732
2000-03-04,0.28036201000213623
2000-03-05,0.2799741327762604
2000-03-06,0.2795911729335785
2000-03-07,0.2792130410671234
2000-03-08,0.27883970737457275
2000-03-09,0.27847105264663696
2000-03-10,0.27810701727867126
2000-03-11,0.2777475118637085
2000-03-12,0.27739253640174866
2000-03-13,0.2770419418811798
2000-03-14,0.27669569849967957
2000-03-15,0.27635374665260315
2000-03-16,0.2760159969329834
2000-03-17,0.27568238973617554
2000-03-18,0.2753528952598572
2000-03-19,0.27502739429473877
2000-03-20,0.2747058868408203
2000-03-21,0.27438831329345703
2000-03-22,0.2740745544433594
2000-03-23,0.27376461029052734
2000-03-24,0.2734583914279938
2000-03-25,0.2731558680534363
2000-03-26,0.2728569805622101
2000-03-27,0.2725616693496704
2000-03-28,0.2722699046134949
2000-03-29,0.2719815969467163
2000-03-30,0.27169671654701233
2000-03-31,0.27141523361206055
2000-04-01,0.2711370587348938
2000-04-02,0.2708621919155121
2000-04-03,0.27059054374694824
2000-04-04,0.27032211422920227
2000-04-05,0.270056813955307
2000-04-06,0.26979461312294006
2000-04-07,0.26953548192977905
2000-04-08,0.2692793607711792
2000-04-09,0.2690262198448181
2000-04-10,0.2687760293483734
2000-04-11,0.26852869987487793
2000-04-12,0.26828426122665405
2000-04-13,0.2680426239967346
2000-04-14,0.26780378818511963
2000-04-15,0.2675676643848419
2000-04-16,0.2673342525959015
2000-04-17,0.26710352301597595
2000-04-18,0.26687541604042053
2000-04-19,0.26664990186691284
2000-04-20,0.2664269506931305
2000-04-21,0.2662065327167511
2000-04-22,0.26598861813545227
2000-04-23,0.26577314734458923
2000-04-24,0.265560120344162
2000-04-25,0.26534947752952576
2000-04-26,0.26514121890068054
2000-04-27,0.26493528485298157
2000-04-28,0.26473164558410645
2000-04-29,0.2645303010940552
2000-04-30,0.264331191778183
2000-05-01,0.26413431763648987
2000-05-02,0.26393961906433105
2000-05-03,0.26374801993370056
2000-05-04,0.26356157660484314
2000-05-05,0.26338085532188416
2000-05-06,0.26320403814315796
2000-05-07,0.26302024722099304
2000-05-08,0.2628345191478729
2000-05-09,0.26265159249305725
2000-05-10,0.262472003698349
2000-05-11,0.26229557394981384
2000-05-12,0.2621211111545563
2000-05-13,0.26204872131347656
2000-05-14,0.2623050808906555
2000-05-15,0.26294732093811035
2000-05-16,0.2637880742549896
2000-05-17,0.2636656165122986
2000-05-18,0.2631158232688904
2000-05-19,0.26265668869018555
2000-05-20,0.2623486816883087
2000-05-21,0.26219168305397034
2000-05-22,0.26206597685813904
2000-05-23,0.26195356249809265
2000-05-24,0.2617868185043335
2000-05-25,0.2615969181060791
2000-05-26,0.2614139914512634
2000-05-27,0.26125460863113403
2000-05-28,0.26114821434020996
2000-05-29,0.2610951066017151
2000-05-30,0.2610698342323303
2000-05-31,0.26091766357421875
2000-06-01,0.2607100009918213
2000-06-02,0.26051589846611023
2000-06-03,0.26034265756607056
2000-06-04,0.26018843054771423
2000-06-05,0.26003679633140564
2000-06-06,0.259886771440506
2000-06-07,0.25973838567733765
2000-06-08,0.25959154963493347
2000-06-09,0.2594597041606903
2000-06-10,0.2594306170940399
2000-06-11,0.2596416771411896
2000-06-12,0.2601001262664795
2000-06-13,0.2605433762073517
2000-06-14,0.26037776470184326
2000-06-15,0.26004138588905334
2000-06-16,0.2599782943725586
2000-06-17,0.26028579473495483
2000-06-18,0.2611280679702759
2000-06-19,0.26225563883781433
2000-06-20,0.26406624913215637
2000-06-21,0.26607125997543335
2000-06-22,0.26581189036369324
2000-06-23,0.2646782398223877
2000-06-24,0.2638010084629059
2000-06-25,0.26329705119132996
2000-06-26,0.2630957067012787
2000-06-27,0.26291242241859436
2000-06-28,0.26273113489151
2000-06-29,0.26255184412002563
2000-06-30,0.26237455010414124
2000-07-01,0.26219919323921204
2000-07-02,0.2620258033275604
2000-07-03,0.26185429096221924
2000-07-04,0.2616846561431885
2000-07-05,0.26151683926582336
2000-07-06,0.2613508701324463
2000-07-07,0.26118671894073486
2000-07-08,0.2610243260860443
2000-07-09,0.26086369156837463
2000-07-10,0.26070478558540344
2000-07-11,0.26054760813713074
2000-07-12,0.26039209961891174
2000-07-13,0.26023828983306885
2000-07-14,0.2600861191749573
2000-07-15,0.259935587644577
2000-07-16,0.2597866356372833
2000-07-17,0.25963929295539856
2000-07-18,0.25949352979660034
2000-07-19,0.2593493163585663
2000-07-20,0.2592066526412964
2000-07-21,0.2590654790401459
2000-07-22,0.25892582535743713
2000-07-23,0.2587876319885254
2000-07-24,0.25865092873573303
2000-07-25,0.2585156559944153
2000-07-26,0.25838181376457214
2000-07-27,0.2582493722438812
2000-07-28,0.2581183612346649
2000-07-29,0.25798869132995605
2000-07-30,0.257860392332077
2000-07-31,0.25773346424102783
2000-08-01,0.2576078474521637
2000-08-02,0.2574835419654846
2000-08-03,0.2573605477809906
2000-08-04,0.2573574483394623
2000-08-05,0.2577422857284546
2000-08-06,0.2585814893245697
2000-08-07,0.2596548795700073
2000-08-08,0.2595870792865753
2000-08-09,0.25902557373046875
2000-08-10,0.25862887501716614
2000-08-11,0.2585124671459198
2000-08-12,0.2586691081523895
2000-08-13,0.258785605430603
2000-08-14,0.25876110792160034
2000-08-15,0.2614620327949524
2000-08-16,0.27354371547698975
2000-08-17,0.2970937490463257
2000-08-18,0.32725241780281067
2000-08-19,0.3288186192512512
2000-08-20,0.31757810711860657
2000-08-21,0.308856338262558
2000-08-22,0.30421823263168335
2000-08-23,0.3032969832420349
2000-08-24,0.3025871515274048
2000-08-25,0.30188947916030884
2000-08-26,0.3012031614780426
2000-08-27,0.3005276322364807
2000-08-28,0.29986247420310974
2000-08-29,0.29920732975006104
2000-08-30,0.2985619306564331
2000-08-31,0.29792606830596924
2000-09-01,0.29729947447776794
2000-09-02,0.2966819703578949
2000-09-03,0.29607337713241577
2000-09-04,0.29547348618507385
2000-09-05,0.2948821783065796
2000-09-06,0.29429927468299866
2000-09-07,0.29372459650039673
2000-09-08,0.29315799474716187
2000-09-09,0.2925993502140045
2000-09-10,0.29204851388931274
2000-09-11,0.2915053367614746
2000-09-12,0.2909696400165558
2000-09-13,0.2904413640499115
2000-09-14,0.2901848256587982
2000-09-15,0.29775306582450867
2000-09-16,0.3298259377479553
2000-09-17,0.39376214146614075
2000-09-18,0.4752804934978485
2000-09-19,0.4801863133907318
2000-09-20,0.45185524225234985
2000-09-21,0.4297272861003876
2000-09-22,0.41747599840164185
2000-09-23,0.41395583748817444
2000-09-24,0.4109700918197632
2000-09-25,0.4080561399459839
2000-09-26,0.40521493554115295
2000-09-27,0.4024461507797241
2000-09-28,0.39974838495254517
2000-09-29,0.39711901545524597
2000-09-30,0.3945549428462982
2000-10-01,0.3920535445213318
2000-10-02,0.38961249589920044
2000-10-03,0.3872297704219818
2000-10-04,0.3849034607410431
2000-10-05,0.3946143686771393
2000-10-06,0.5206480026245117
2000-10-07,1.0957719087600708
2000-10-08,3.0758678913116455
2000-10-09,6.538772106170654
2000-10-10,6.259306907653809
2000-10-11,4.840700626373291
2000-10-12,3.801875352859497
2000-10-13,3.135230541229248
2000-10-14,2.71539044380188
2000-10-15,2.4112727642059326
2000-10-16,2.1713199615478516
2000-10-17,1.9764454364776611
2000-10-18,1.8150999546051025
2000-10-19,1.6794065237045288
2000-10-20,1.5638149976730347
2000-10-21,1.4642727375030518
2000-10-22,1.377730369567871
2000-10-23,1.3018425703048706
2000-10-24,1.234782338142395
2000-10-25,1.1751137971878052
2000-10-26,1.1217082738876343
2000-10-27,1.073662281036377
2000-10-28,1.0302300453186035
2000-10-29,0.990792453289032
2000-10-30,0.9548326134681702
2000-10-31,0.9219176769256592
2000-11-01,0.8916834592819214
2000-11-02,0.8638208508491516
2000-11-03,0.8380643129348755
2000-11-04,0.8141853213310242
2000-11-05,0.7919871211051941
2000-11-06,0.7712993025779724
2000-11-07,0.7519736886024475
2000-11-08,0.7338805198669434
2000-11-09,0.7169057130813599
2000-11-10,0.70094895362854
2000-11-11,0.6859216690063477
2000-11-12,0.6717448234558105
2000-11-13,0.6583477258682251
2000-11-14,0.645667314529419
2000-11-15,0.6336476802825928
2000-11-16,0.6222385168075562
2000-11-17,0.611394464969635
2000-11-18,0.6010744571685791
2000-11-19,0.5912413001060486
2000-11-20,0.5818614363670349
2000-11-21,0.5729042291641235
2000-11-22,0.5643417835235596
2000-11-23,0.5561485290527344
2000-11-24,0.5483010411262512
2000-11-25,0.5407780408859253
2000-11-26,0.5335597991943359
2000-11-27,0.5270169377326965
2000-11-28,0.523079514503479
2000-11-29,0.5245473980903625
2000-11-30,0.5314782857894897
2000-12-01,0.5367468595504761
2000-12-02,0.5303708910942078
2000-12-03,0.5202192664146423
2000-12-04,0.5114067196846008
2000-12-05,0.5043030381202698
2000-12-06,0.4984356164932251
2000-12-07,0.4928290545940399
2000-12-08,0.48741862177848816
2000-12-09,0.48219406604766846
2000-12-10,0.4771461486816406
2000-12-11,0.4722662568092346
2000-12-12,0.4675463140010834
2000-12-13,0.4629788100719452
2000-12-14,0.45855680108070374
2000-12-15,0.4542737305164337
2000-12-16,0.45012331008911133
2000-12-17,0.44609948992729187
2000-12-18,0.44219666719436646
2000-12-19,0.43840959668159485
2000-12-20,0.4347333312034607
2000-12-21,0.4311632513999939
2000-12-22,0.4276949167251587
2000-12-23,0.424324095249176
2000-12-24,0.4210468828678131
2000-12-25,0.4178594648838043
2000-12-26,0.41481345891952515
2000-12-27,0.4122828543186188
2000-12-28,0.4111267328262329
2000-12-29,0.41197752952575684
2000-12-30,0.41383183002471924
2000-12-31,0.41354745626449585
2001-01-01,0.41002535820007324
2001-01-02,0.4058346748352051
2001-01-03,0.4022463858127594
2001-01-04,0.39928096532821655
2001-01-05,0.3966515064239502
2001-01-06,0.39410021901130676
2001-01-07,0.3916109800338745
2001-01-08,0.38918155431747437
2001-01-09,0.38680994510650635
2001-01-10,0.3844943344593048
2001-01-11,0.3822329640388489
2001-01-12,0.38002413511276245
2001-01-13,0.3778660297393799
2001-01-14,0.37575703859329224
2001-01-15,0.3736955523490906
2001-01-16,0.37168005108833313
2001-01-17,0.36970916390419006
2001-01-18,0.36779168248176575
2001-01-19,0.36595022678375244
2001-01-20,0.3641912639141083
2001-01-21,0.3624917268753052
2001-01-22,0.3607306182384491
2001-01-23,0.3589630722999573
2001-01-24,0.3572395443916321
2001-01-25,0.3555639684200287
2001-01-26,0.35393407940864563
2001-01-27,0.3523378372192383
2001-01-28,0.3507736921310425
2001-01-29,0.3492407500743866
2001-01-30,0.347738116979599
2001-01-31,0.34627512097358704
2001-02-01,0.3448794484138489
2001-02-02,0.34358057379722595
2001-02-03,0.34240099787712097
2001-02-04,0.3412535786628723
2001-02-05,0.3401215374469757
2001-02-06,0.33892181515693665
2001-02-07,0.33757221698760986
2001-02-08,0.33622923493385315
2001-02-09,0.33500370383262634
2001-02-10,0.3339078426361084
2001-02-11,0.3328886032104492
2001-02-12,0.33171331882476807
2001-02-13,0.33048081398010254
2001-02-14,0.32928401231765747
2001-02-15,0.32813164591789246
2001-02-16,0.32702094316482544
2001-02-17,0.32593080401420593
2001-02-18,0.3248595595359802
2001-02-19,0.3238068222999573
2001-02-20,0.3227721154689789
2001-02-21,0.321755051612854
2001-02-22,0.3207552134990692
2001-02-23,0.3197721838951111
2001-02-24,0.31882578134536743
2001-02-25,0.3179622292518616
2001-02-26,0.31719493865966797
2001-02-27,0.3164827227592468
2001-02-28,0.3155896067619324
2001-03-01,0.3146568834781647
2001-03-02,0.3139086663722992
2001-03-03,0.31352946162223816
2001-03-04,0.313583642244339
2001-03-05,0.3136081099510193
2001-03-06,0.3131401240825653
2001-03-07,0.3121223747730255
2001-03-08,0.31105437874794006
2001-03-09,0.31015676259994507
2001-03-10,0.3092975616455078
2001-03-11,0.3084656000137329
2001-03-12,0.3076566755771637
2001-03-13,0.306872695684433
2001-03-14,0.3061121702194214
2001-03-15,0.3053639233112335
2001-03-16,0.30462709069252014
2001-03-17,0.30394068360328674
2001-03-18,0.3033946454524994
2001-03-19,0.30301445722579956
2001-03-20,0.30272212624549866
2001-03-21,0.30205994844436646
2001-03-22,0.3012399971485138
2001-03-23,0.30046314001083374
2001-03-24,0.299749493598938
2001-03-25,0.29909393191337585
2001-03-26,0.2984504997730255
2001-03-27,0.2978164553642273
2001-03-28,0.2971915602684021
2001-03-29,0.2965756952762604
2001-03-30,0.2959686815738678
2001-03-31,0.29537034034729004
2001-04-01,0.2947804927825928
2001-04-02,0.29419904947280884
2001-04-03,0.29362577199935913
2001-04-04,0.2930605709552765
2001-04-05,0.292503297328949
2001-04-06,0.29195380210876465
2001-04-07,0.2914119064807892
2001-04-08,0.2908775508403778
2001-04-09,0.2903505265712738
2001-04-10,0.28983074426651
2001-04-11,0.2893180847167969
2001-04-12,0.28881239891052246
2001-04-13,0.2883135974407196
2001-04-14,0.287821501493454
2001-04-15,0.2873360812664032
2001-04-16,0.28685715794563293
2001-04-17,0.286384642124176
2001-04-18,0.2859184145927429
2001-04-19,0.28545838594436646
2001-04-20,0.28500446677207947
2001-04-21,0.28455650806427
2001-04-22,0.28411445021629333
2001-04-23,0.28367820382118225
2001-04-24,0.28324761986732483
2001-04-25,0.28283029794692993
2001-04-26,0.2825041115283966
2001-04-27,0.2824118137359619
2001-04-28,0.282575786113739
2001-04-29,0.28289878368377686
2001-04-30,0.2831668257713318
2001-05-01,0.284274697303772
2001-05-02,0.28645914793014526
2001-05-03,0.2880988121032715
2001-05-04,0.2875334322452545
2001-05-05,0.2866590619087219
2001-05-06,0.286662220954895
2001-05-07,0.28736695647239685
2001-05-08,0.2878878712654114
2001-05-09,0.2907896935939789
2001-05-10,0.2977631092071533
2001-05-11,0.3080597221851349
2001-05-12,0.31147274374961853
2001-05-13,0.31250160932540894
2001-05-14,0.3115072250366211
2001-05-15,0.3105807602405548
2001-05-16,0.3089367747306824
2001-05-17,0.3069116771221161
2001-05-18,0.30554836988449097
2001-05-19,0.3045218586921692
2001-05-20,0.3037812411785126
2001-05-21,0.30306684970855713
2001-05-22,0.30236363410949707
2001-05-23,0.30227237939834595
2001-05-24,0.3041764497756958
2001-05-25,0.308488667011261
2001-05-26,0.3140358626842499
2001-05-27,0.3137235641479492
2001-05-28,0.31082388758659363
2001-05-29,0.308440625667572
2001-05-30,0.30688661336898804
2001-05-31,0.3060866892337799
2001-06-01,0.30533841252326965
2001-06-02,0.3046016991138458
2001-06-03,0.3038763105869293
2001-06-04,0.30316197872161865
2001-06-05,0.30245837569236755
2001-06-06,0.3017652928829193
2001-06-07,0.3011435568332672
2001-06-08,0.30089280009269714
2001-06-09,0.301419734954834
2001-06-10,0.3027099072933197
2001-06-11,0.3037355840206146
2001-06-12,0.30295825004577637
2001-06-13,0.3015806972980499
2001-06-14,0.3005407750606537
2001-06-15,0.3005558252334595
2001-06-16,0.3030928373336792
2001-06-17,0.3086988925933838
2001-06-18,0.3162875175476074
2001-06-19,0.31892603635787964
2001-06-20,0.3162647485733032
2001-06-21,0.31285104155540466
2001-06-22,0.3104994297027588
2001-06-23,0.3092615604400635
2001-06-24,0.3084440529346466
2001-06-25,0.3076593279838562
2001-06-26,0.3068872392177582
2001-06-27,0.3061271905899048
2001-06-28,0.305378794670105
2001-06-29,0.3046417534351349
2001-06-30,0.3039158284664154
2001-07-01,0.3032008707523346
2001-07-02,0.30255040526390076
2001-07-03,0.3022198975086212
2001-07-04,0.30254843831062317
2001-07-05,0.3036805987358093
2001-07-06,0.30510324239730835
2001-07-07,0.3056684732437134
2001-07-08,0.3060455024242401
2001-07-09,0.3050328195095062
2001-07-10,0.30357611179351807
2001-07-11,0.30243372917175293
2001-07-12,0.30153214931488037
2001-07-13,0.3008420467376709
2001-07-14,0.3001728653907776
2001-07-15,0.299513578414917
2001-07-16,0.2988639771938324
2001-07-17,0.2982238829135895
2001-07-18,0.2975930869579315
2001-07-19,0.2969714105129242
2001-07-20,0.29635870456695557
2001-07-21,0.2957547903060913
2001-07-22,0.2951594889163971
2001-07-23,0.294572651386261
2001-07-24,0.29399412870407104
2001-07-25,0.2937146723270416
2001-07-26,0.29440101981163025
2001-07-27,0.29624244570732117
2001-07-28,0.29867303371429443
2001-07-29,0.2982867360115051
2001-07-30,0.29665735363960266
2001-07-31,0.295283704996109
2001-08-01,0.2943183481693268
2001-08-02,0.2937706708908081
2001-08-03,0.29340341687202454
2001-08-04,0.2932983338832855
2001-08-05,0.2935289442539215
2001-08-06,0.2935997545719147
2001-08-07,0.2936208248138428
2001-08-08,0.29299396276474
2001-08-09,0.2921307384967804
2001-08-10,0.29139411449432373
2001-08-11,0.2907668650150299
2001-08-12,0.29023656249046326
2001-08-13,0.2897183299064636
2001-08-14,0.2892071604728699
2001-08-15,0.28870299458503723
2001-08-16,0.28820565342903137
2001-08-17,0.28771501779556274
2001-08-18,0.2872309982776642
2001-08-19,0.28675350546836853
2001-08-20,0.28628236055374146
2001-08-21,0.2858175039291382
2001-08-22,0.28535881638526917
2001-08-23,0.28490620851516724
2001-08-24,0.28445953130722046
2001-08-25,0.28401875495910645
2001-08-26,0.28358373045921326
2001-08-27,0.2831543982028961
2001-08-28,0.2827306389808655
2001-08-29,0.28231239318847656
2001-08-30,0.2876473069190979
2001-08-31,0.3122086226940155
2001-09-01,0.36673596501350403
2001-09-02,0.4554874897003174
2001-09-03,0.507512629032135
2001-09-04,0.5461505651473999
2001-09-05,0.5333316922187805
2001-09-06,0.5041846036911011
2001-09-07,0.4914010167121887
2001-09-08,0.5032245516777039
2001-09-09,0.5447533130645752
2001-09-10,0.6452715396881104
2001-09-11,0.8682885766029358
2001-09-12,1.6062122583389282
2001-09-13,3.9189915657043457
2001-09-14,7.554880142211914
2001-09-15,11.46440315246582
2001-09-16,7.8160810470581055
2001-09-17,5.491135597229004
2001-09-18,4.167338848114014
2001-09-19,3.3577041625976562
2001-09-20,2.954115152359009
2001-09-21,3.049692153930664
2001-09-22,3.9971859455108643
2001-09-23,5.801730155944824
2001-09-24,6.380203723907471
2001-09-25,5.749129772186279
2001-09-26,4.883252143859863
2001-09-27,3.9315226078033447
2001-09-28,3.2500500679016113
2001-09-29,2.784806489944458
2001-09-30,2.4481210708618164
2001-10-01,2.193427801132202
2001-10-02,1.989685297012329
2001-10-03,1.8226932287216187
2001-10-04,1.6833572387695312
2001-10-05,1.5653291940689087
2001-10-06,1.4670779705047607
2001-10-07,1.3924323320388794
2001-10-08,1.3417550325393677
2001-10-09,1.3032574653625488
2001-10-10,1.241896629333496
2001-10-11,1.1847370862960815
2001-10-12,1.1599804162979126
2001-10-13,1.1759350299835205
2001-10-14,1.209206223487854
2001-10-15,1.168266773223877
2001-10-16,1.1053290367126465
2001-10-17,1.0508586168289185
2001-10-18,1.0063326358795166
2001-10-19,0.9703383445739746
2001-10-20,0.9364374279975891
2001-10-21,0.9048507809638977
2001-10-22,0.87580806016922
2001-10-23,0.8490703105926514
2001-10-24,0.8243915438652039
2001-10-25,0.8014788627624512
2001-10-26,0.7804180383682251
2001-10-27,0.7627021074295044
2001-10-28,0.7508888244628906
2001-10-29,0.7451414465904236
2001-10-30,0.7394080758094788
2001-10-31,0.7234892249107361
2001-11-01,0.704742431640625
2001-11-02,0.6877078413963318
2001-11-03,0.6726294755935669
2001-11-04,0.6591517925262451
2001-11-05,0.6464350819587708
2001-11-06,0.6343805193901062
2001-11-07,0.6229380965232849
2001-11-08,0.6120624542236328
2001-11-09,0.6017125844955444
2001-11-10,0.5918511748313904
2001-11-11,0.5824446082115173
2001-11-12,0.5734621286392212
2001-11-13,0.5648758411407471
2001-11-14,0.5580803751945496
2001-11-15,0.5564865469932556
2001-11-16,0.5614935159683228
2001-11-17,0.5762200951576233
2001-11-18,0.5998445749282837
2001-11-19,0.6493502855300903
2001-11-20,0.7163882255554199
2001-11-21,0.7128768563270569
2001-11-22,0.6818808913230896
2001-11-23,0.6558197736740112
2001-11-24,0.6372466683387756
2001-11-25,0.6255039572715759
2001-11-26,0.6146268248558044
2001-11-27,0.6042495369911194
2001-11-28,0.5943436622619629
2001-11-29,0.5848812460899353
2001-11-30,0.5758369565010071
2001-12-01,0.5671876072883606
2001-12-02,0.5589092373847961
2001-12-03,0.5509768128395081
2001-12-04,0.5433681011199951
2001-12-05,0.5360641479492188
2001-12-06,0.5290478467941284
2001-12-07,0.5223032832145691
2001-12-08,0.5158156752586365
2001-12-09,0.5096130967140198
2001-12-10,0.5037828087806702
2001-12-11,0.49835067987442017
2001-12-12,0.4932045042514801
2001-12-13,0.48784101009368896
2001-12-14,0.482490211725235
2001-12-15,0.47734498977661133
2001-12-16,0.47254085540771484
2001-12-17,0.4683676064014435
2001-12-18,0.4648895859718323
2001-12-19,0.46180033683776855
2001-12-20,0.4575992822647095
2001-12-21,0.4530016779899597
2001-12-22,0.4486226439476013
2001-12-23,0.44451141357421875
2001-12-24,0.4406493306159973
2001-12-25,0.43690788745880127
2001-12-26,0.4332752525806427
2001-12-27,0.42974698543548584
2001-12-28,0.4263187050819397
2001-12-29,0.42298632860183716
2001-12-30,0.4197459816932678
2001-12-31,0.4165939390659332
2002-01-01,0.4135877788066864
2002-01-02,0.41086822748184204
2002-01-03,0.40848204493522644
2002-01-04,0.4062901437282562
2002-01-05,0.4035719931125641
2002-01-06,0.400666207075119
2002-01-07,0.39787423610687256
2002-01-08,0.3952215611934662
2002-01-09,0.39269912242889404
2002-01-10,0.3902415931224823
2002-01-11,0.3878433406352997
2002-01-12,0.38550230860710144
2002-01-13,0.3832165598869324
2002-01-14,0.38098421692848206
2002-01-15,0.378803551197052
2002-01-16,0.37667280435562134
2002-01-17,0.37459036707878113
2002-01-18,0.3725546896457672
2002-01-19,0.3705642819404602
2002-01-20,0.3686177432537079
2002-01-21,0.36671367287635803
2002-01-22,0.3648507595062256
2002-01-23,0.36302778124809265
2002-01-24,0.36124351620674133
2002-01-25,0.3594968318939209
2002-01-26,0.3577865660190582
2002-01-27,0.35611170530319214
2002-01-28,0.3544711768627167
2002-01-29,0.35286402702331543
2002-01-30,0.3512892723083496
2002-01-31,0.34974604845046997
2002-02-01,0.3482334315776825
2002-02-02,0.3467505872249603
2002-02-03,0.345296710729599
2002-02-04,0.34387099742889404
2002-02-05,0.34247270226478577
2002-02-06,0.3411010801792145
2002-02-07,0.33975544571876526
2002-02-08,0.3384351134300232
2002-02-09,0.33713942766189575
2002-02-10,0.3358677327632904
2002-02-11,0.334636926651001
2002-02-12,0.333486944437027
2002-02-13,0.3324296176433563
2002-02-14,0.3314283788204193
2002-02-15,0.3302781581878662
2002-02-16,0.3290739357471466
2002-02-17,0.3279041647911072
2002-02-18,0.32677707076072693
2002-02-19,0.32569006085395813
2002-02-20,0.3246229887008667
2002-02-21,0.3235743045806885
2002-02-22,0.32254356145858765
2002-02-23,0.32153037190437317
2002-02-24,0.32053428888320923
2002-02-25,0.31955498456954956
2002-02-26,0.31859201192855835
2002-02-27,0.31764504313468933
2002-02-28,0.31671372056007385
2002-03-01,0.3157976567745209
2002-03-02,0.3148965835571289
2002-03-03,0.3140100836753845
2002-03-04,0.3131379187107086
2002-03-05,0.31227976083755493
2002-03-06,0.3114352822303772
2002-03-07,0.3106042146682739
2002-03-08,0.30978626012802124
2002-03-09,0.30898115038871765
2002-03-10,0.30819571018218994
2002-03-11,0.3074459433555603
2002-03-12,0.3067363202571869
2002-03-13,0.30605241656303406
2002-03-14,0.3053114712238312
2002-03-15,0.3045516014099121
2002-03-16,0.3038087785243988
2002-03-17,0.3030864894390106
2002-03-18,0.30238357186317444
2002-03-19,0.3016916513442993
2002-03-20,0.30100998282432556
2002-03-21,0.3003384470939636
2002-03-22,0.2996768057346344
2002-03-23,0.2990248501300812
2002-03-24,0.298382431268692
2002-03-25,0.2977493703365326
2002-03-26,0.2971254587173462
2002-03-27,0.2965105473995209
2002-03-28,0.2959044575691223
2002-03-29,0.2953070104122162
2002-03-30,0.29471808671951294
2002-03-31,0.29413750767707825
2002-04-01,0.29356512427330017
2002-04-02,0.2930007874965668
2002-04-03,0.2924443185329437
2002-04-04,0.29189562797546387
2002-04-05,0.29135459661483765
2002-04-06,0.29084885120391846
2002-04-07,0.2905711233615875
2002-04-08,0.290834903717041
2002-04-09,0.2916682958602905
2002-04-10,0.29249659180641174
2002-04-11,0.29195961356163025
2002-04-12,0.2908981144428253
2002-04-13,0.28999263048171997
2002-04-14,0.289307564496994
2002-04-15,0.2887934148311615
2002-04-16,0.2882990539073944
2002-04-17,0.287825345993042
2002-04-18,0.287374883890152
2002-04-19,0.28693923354148865
2002-04-20,0.286469042301178
2002-04-21,0.2859870195388794
2002-04-22,0.28551483154296875
2002-04-23,0.28505462408065796
2002-04-24,0.2846057415008545
2002-04-25,0.2841630280017853
2002-04-26,0.28372612595558167
2002-04-27,0.2832949161529541
2002-04-28,0.2828693389892578
2002-04-29,0.28244930505752563
2002-04-30,0.28203466534614563
2002-05-01,0.2816253900527954
2002-05-02,0.2812213897705078
2002-05-03,0.2808225452899933
2002-05-04,0.28042879700660706
2002-05-05,0.28004005551338196
2002-05-06,0.2796562612056732
2002-05-07,0.27927732467651367
2002-05-08,0.27890315651893616
2002-05-09,0.2785337269306183
2002-05-10,0.2781688868999481
2002-05-11,0.27780863642692566
2002-05-12,0.27745288610458374
2002-05-13,0.2771015465259552
2002-05-14,0.27675455808639526
2002-05-15,0.2764144241809845
2002-05-16,0.2760868966579437
2002-05-17,0.27577340602874756
2002-05-18,0.2755737602710724
2002-05-19,0.2756964862346649
2002-05-20,0.2762182950973511
2002-05-21,0.2769525945186615
2002-05-22,0.27668315172195435
2002-05-23,0.2759719789028168
2002-05-24,0.2753792405128479
2002-05-25,0.2750133275985718
2002-05-26,0.27488139271736145
2002-05-27,0.27482888102531433
2002-05-28,0.2745850086212158
2002-05-29,0.27426519989967346
2002-05-30,0.273918092250824
2002-05-31,0.27359703183174133
2002-06-01,0.27374449372291565
2002-06-02,0.2752304673194885
2002-06-03,0.27833881974220276
2002-06-04,0.2822975814342499
2002-06-05,0.28220319747924805
2002-06-06,0.2807069420814514
2002-06-07,0.28087466955184937
2002-06-08,0.2831791639328003
2002-06-09,0.2868165671825409
2002-06-10,0.28666138648986816
2002-06-11,0.2848496735095978
2002-06-12,0.2835109233856201
2002-06-13,0.28288009762763977
2002-06-14,0.28283190727233887
2002-06-15,0.2824428379535675
2002-06-16,0.2818934917449951
2002-06-17,0.28138267993927
2002-06-18,0.28093087673187256
2002-06-19,0.2805330753326416
2002-06-20,0.2801429331302643
2002-06-21,0.2797577977180481
2002-06-22,0.2793775498867035
2002-06-23,0.2790021300315857
2002-06-24,0.27863144874572754
2002-06-25,0.2782653868198395
2002-06-26,0.2779039442539215
2002-06-27,0.2775682806968689
2002-06-28,0.2773069441318512
2002-06-29,0.2772015631198883
2002-06-30,0.2775326371192932
2002-07-01,0.27849894762039185
2002-07-02,0.28026628494262695
2002-07-03,0.2818755507469177
2002-07-04,0.28174299001693726
2002-07-05,0.28072965145111084
2002-07-06,0.27970874309539795
2002-07-07,0.28038591146469116
2002-07-08,0.2859591543674469
2002-07-09,0.2972027659416199
2002-07-10,0.31146669387817383
2002-07-11,0.3119015395641327
2002-07-12,0.3061835765838623
2002-07-13,0.30168208479881287
2002-07-14,0.29915040731430054
2002-07-15,0.2985226809978485
2002-07-16,0.2983716130256653
2002-07-17,0.29867488145828247
2002-07-18,0.2992109954357147
2002-07-19,0.2986651659011841
2002-07-20,0.2976449429988861
2002-07-21,0.296728253364563
2002-07-22,0.29597392678260803
2002-07-23,0.29536786675453186
2002-07-24,0.29477789998054504
2002-07-25,0.29419639706611633
2002-07-26,0.293623149394989
2002-07-27,0.29305794835090637
2002-07-28,0.29250067472457886
2002-07-29,0.29195117950439453
2002-07-30,0.29140934348106384
2002-07-31,0.29087498784065247
2002-08-01,0.29034799337387085
2002-08-02,0.28982827067375183
2002-08-03,0.2893156111240387
2002-08-04,0.28882065415382385
2002-08-05,0.28839725255966187
2002-08-06,0.2881195545196533
2002-08-07,0.2879851460456848
2002-08-08,0.28781214356422424
2002-08-09,0.28731390833854675
2002-08-10,0.28670451045036316
2002-08-11,0.28614163398742676
2002-08-12,0.28568771481513977
2002-08-13,0.2854367196559906
2002-08-14,0.2853826582431793
2002-08-15,0.2854297161102295
2002-08-16,0.28501492738723755
2002-08-17,0.28439861536026
2002-08-18,0.28382977843284607
2002-08-19,0.28333383798599243
2002-08-20,0.2829045057296753
2002-08-21,0.2824839949607849
2002-08-22,0.2820689082145691
2002-08-23,0.28165918588638306
2002-08-24,0.28125473856925964
2002-08-25,0.2808554768562317
2002-08-26,0.28046131134033203
2002-08-27,0.2800721526145935
2002-08-28,0.2796879708766937
2002-08-29,0.27930861711502075
2002-08-30,0.2789340615272522
2002-08-31,0.2785642147064209
2002-09-01,0.2781990170478821
2002-09-02,0.2778394818305969
2002-09-03,0.2774912714958191
2002-09-04,0.27761608362197876
2002-09-05,0.27936071157455444
2002-09-06,0.2832484245300293
2002-09-07,0.28846338391304016
2002-09-08,0.2894861400127411
2002-09-09,0.2884204387664795
2002-09-10,0.3099311292171478
2002-09-11,0.46046552062034607
2002-09-12,1.0159757137298584
2002-09-13,2.5875661373138428
2002-09-14,4.488375186920166
2002-09-15,4.252621650695801
2002-09-16,4.554990291595459
2002-09-17,6.644099712371826
2002-09-18,9.382411003112793
2002-09-19,7.36897611618042
2002-09-20,5.905728340148926
2002-09-21,6.568593978881836
2002-09-22,9.851949691772461
2002-09-23,12.493791580200195
2002-09-24,8.163741111755371
2002-09-25,5.703418254852295
2002-09-26,4.315928936004639
2002-09-27,3.4758622646331787
2002-09-28,2.961176872253418
2002-09-29,2.5873923301696777
2002-09-30,2.3010497093200684
2002-10-01,2.074525833129883
2002-10-02,1.8908569812774658
2002-10-03,1.7389631271362305
2002-10-04,1.611318826675415
2002-10-05,1.502630591392517
2002-10-06,1.409056544303894
2002-10-07,1.3277236223220825
2002-10-08,1.2564318180084229
2002-10-09,1.19346022605896
2002-10-10,1.1515783071517944
2002-10-11,1.164926290512085
2002-10-12,1.2526174783706665
2002-10-13,1.4033750295639038
2002-10-14,1.506547451019287
2002-10-15,1.7324820756912231
2002-10-16,2.046308994293213
2002-10-17,1.9483081102371216
2002-10-18,1.7536169290542603
2002-10-19,1.593860387802124
2002-10-20,1.4717603921890259
2002-10-21,1.391278862953186
2002-10-22,1.354468584060669
2002-10-23,1.3688404560089111
2002-10-24,1.4030864238739014
2002-10-25,1.4287526607513428
2002-10-26,1.9274951219558716
2002-10-27,4.149559497833252
2002-10-28,9.557413101196289
2002-10-29,11.718284606933594
2002-10-30,7.827005386352539
2002-10-31,5.502294540405273
2002-11-01,4.177099704742432
2002-11-02,3.4328958988189697
2002-11-03,3.1196045875549316
2002-11-04,3.1024205684661865
2002-11-05,3.214155673980713
2002-11-06,3.0488121509552
2002-11-07,3.027717351913452
2002-11-08,3.096860647201538
2002-11-09,2.7703895568847656
2002-11-10,2.4282925128936768
2002-11-11,2.1608734130859375
2002-11-12,1.9542840719223022
2002-11-13,1.7953146696090698
2002-11-14,1.6625914573669434
2002-11-15,1.5497711896896362
2002-11-16,1.4527400732040405
2002-11-17,1.3683803081512451
2002-11-18,1.29436194896698
2002-11-19,1.2289247512817383
2002-11-20,1.1706622838974
2002-11-21,1.118437647819519
2002-11-22,1.0713505744934082
2002-11-23,1.0286840200424194
2002-11-24,0.9898546934127808
2002-11-25,0.9543779492378235
2002-11-26,0.9218433499336243
2002-11-27,0.8937186598777771
2002-11-28,0.8741456866264343
2002-11-29,0.86513352394104
2002-11-30,0.8620224595069885
2002-12-01,0.8434346914291382
2002-12-02,0.819977879524231
2002-12-03,0.7957113981246948
2002-12-04,0.7731029391288757
2002-12-05,0.7533131837844849
2002-12-06,0.7350512742996216
2002-12-07,0.7181248068809509
2002-12-08,0.7022129893302917
2002-12-09,0.6872179508209229
2002-12-10,0.6730620861053467
2002-12-11,0.6596767902374268
2002-12-12,0.6469963192939758
2002-12-13,0.6349658966064453
2002-12-14,0.6235377192497253
2002-12-15,0.6126694083213806
2002-12-16,0.6023231744766235
2002-12-17,0.5924628973007202
2002-12-18,0.5830526351928711
2002-12-19,0.5740614533424377
2002-12-20,0.5654630064964294
2002-12-21,0.5572331547737122
2002-12-22,0.5493496656417847
2002-12-23,0.541791558265686
2002-12-24,0.5345391035079956
2002-12-25,0.5275742411613464
2002-12-26,0.5208805799484253
2002-12-27,0.5144429206848145
2002-12-28,0.5082473158836365
2002-12-29,0.5022804737091064
2002-12-30,0.49652981758117676
2002-12-31,0.49098339676856995
2003-01-01,0.4856305420398712
2003-01-02,0.4804615080356598
2003-01-03,0.4754672646522522
2003-01-04,0.47063934803009033
2003-01-05,0.46596965193748474
2003-01-06,0.4614506959915161
2003-01-07,0.4570753872394562
2003-01-08,0.4528370201587677
2003-01-09,0.44872939586639404
2003-01-10,0.4447466731071472
2003-01-11,0.44091060757637024
2003-01-12,0.4374541938304901
2003-01-13,0.43480736017227173
2003-01-14,0.4330509305000305
2003-01-15,0.43146398663520813
2003-01-16,0.4281471073627472
2003-01-17,0.4242115318775177
2003-01-18,0.4205264151096344
2003-01-19,0.41716286540031433
2003-01-20,0.414071261882782
2003-01-21,0.41107168793678284
2003-01-22,0.4081510305404663
2003-01-23,0.40530627965927124
2003-01-24,0.4025346636772156
2003-01-25,0.3998335003852844
2003-01-26,0.39720025658607483
2003-01-27,0.3946324586868286
2003-01-28,0.3921278119087219
2003-01-29,0.3896840512752533
2003-01-30,0.3872990906238556
2003-01-31,0.38497087359428406
2003-02-01,0.38269752264022827
2003-02-02,0.3804771602153778
2003-02-03,0.37830808758735657
2003-02-04,0.3761885464191437
2003-02-05,0.374116986989975
2003-02-06,0.3720918297767639
2003-02-07,0.3701116144657135
2003-02-08,0.3681749701499939
2003-02-09,0.3662804961204529
2003-02-10,0.3644268810749054
2003-02-11,0.36261293292045593
2003-02-12,0.3608374297618866
2003-02-13,0.35909923911094666
2003-02-14,0.3573972284793854
2003-02-15,0.3557303547859192
2003-02-16,0.3540976345539093
2003-02-17,0.35249802470207214
2003-02-18,0.3509306311607361
2003-02-19,0.3493945300579071
2003-02-20,0.34788885712623596
2003-02-21,0.3464127480983734
2003-02-22,0.3449654281139374
2003-02-23,0.3435461223125458
2003-02-24,0.34215405583381653
2003-02-25,0.34080496430397034
2003-02-26,0.3395363986492157
2003-02-27,0.338359534740448
2003-02-28,0.3372553884983063
2003-03-01,0.3360675573348999
2003-03-02,0.3348968029022217
2003-03-03,0.3337933421134949
2003-03-04,0.3325790464878082
2003-03-05,0.3313380479812622
2003-03-06,0.33013224601745605
2003-03-07,0.3289678990840912
2003-03-08,0.3278426229953766
2003-03-09,0.3267381191253662
2003-03-10,0.3256528675556183
2003-03-11,0.3245864510536194
2003-03-12,0.3235383927822113
2003-03-13,0.3225082755088806
2003-03-14,0.32149577140808105
2003-03-15,0.32053619623184204
2003-03-16,0.31971099972724915
2003-03-17,0.3190438449382782
2003-03-18,0.31846144795417786
2003-03-19,0.3175502419471741
2003-03-20,0.31650295853614807
2003-03-21,0.3155002295970917
2003-03-22,0.31455960869789124
2003-03-23,0.3136763274669647
2003-03-24,0.3128095269203186
2003-03-25,0.31195661425590515
2003-03-26,0.3111172616481781
2003-03-27,0.31029123067855835
2003-03-28,0.30947819352149963
2003-03-29,0.30867791175842285
2003-03-30,0.3078900873661041
2003-03-31,0.30711451172828674
2003-04-01,0.3063508868217468
2003-04-02,0.3055989742279053
2003-04-03,0.30485856533050537
2003-04-04,0.304129421710968
2003-04-05,0.3034112751483917
2003-04-06,0.30270397663116455
2003-04-07,0.3020148277282715
2003-04-08,0.30136099457740784
2003-04-09,0.30074721574783325
2003-04-10,0.3001583218574524
2003-04-11,0.29950591921806335
2003-04-12,0.2988307774066925
2003-04-13,0.2981714606285095
2003-04-14,0.29753175377845764
2003-04-15,0.29691049456596375
2003-04-16,0.29629865288734436
2003-04-17,0.29569560289382935
2003-04-18,0.295101135969162
2003-04-19,0.29451513290405273
2003-04-20,0.29393744468688965
2003-04-21,0.293367862701416
2003-04-22,0.2928819954395294
2003-04-23,0.29265308380126953
2003-04-24,0.29272910952568054
2003-04-25,0.29296204447746277
2003-04-26,0.2924695611000061
2003-04-27,0.2916601002216339
2003-04-28,0.2909226417541504
2003-04-29,0.2902967631816864
2003-04-30,0.28977271914482117
2003-05-01,0.2892608344554901
2003-05-02,0.28875595331192017
2003-05-03,0.288257896900177
2003-05-04,0.28776657581329346
2003-05-05,0.28728187084198
2003-05-06,0.286803662776947
2003-05-07,0.2863318622112274
2003-05-08,0.2858663499355316
2003-05-09,0.28540700674057007
2003-05-10,0.2849537432193756
2003-05-11,0.2845064699649811
2003-05-12,0.28406625986099243
2003-05-13,0.28363579511642456
2003-05-14,0.2832156717777252
2003-05-15,0.282803475856781
2003-05-16,0.2823852002620697
2003-05-17,0.28196725249290466
2003-05-18,0.2815556228160858
2003-05-19,0.2811509370803833
2003-05-20,0.28075292706489563
2003-05-21,0.28036004304885864
2003-05-22,0.2799721956253052
2003-05-23,0.2795892655849457
2003-05-24,0.279211163520813
2003-05-25,0.27883782982826233
2003-05-26,0.27854809165000916
2003-05-27,0.2790254056453705
2003-05-28,0.2814694941043854
2003-05-29,0.2860541343688965
2003-05-30,0.2909010052680969
2003-05-31,0.29051005840301514
2003-06-01,0.2880138158798218
2003-06-02,0.28606927394866943
2003-06-03,0.2849360406398773
2003-06-04,0.28445449471473694
2003-06-05,0.2840133607387543
2003-06-06,0.2836085557937622
2003-06-07,0.28330934047698975
2003-06-08,0.2831656336784363
2003-06-09,0.28324154019355774
2003-06-10,0.283319890499115
2003-06-11,0.2835352420806885
2003-06-12,0.285746306180954
2003-06-13,0.2945348918437958
2003-06-14,0.3416118025779724
2003-06-15,0.5049989223480225
2003-06-16,0.8517319560050964
2003-06-17,1.418642520904541
2003-06-18,1.4894542694091797
2003-06-19,1.372430682182312
2003-06-20,1.2449712753295898
2003-06-21,1.1473042964935303
2003-06-22,1.091510534286499
2003-06-23,1.044440507888794
2003-06-24,1.0036364793777466
2003-06-25,0.9665046334266663
2003-06-26,0.9325292110443115
2003-06-27,0.9013548493385315
2003-06-28,0.8726659417152405
2003-06-29,0.8491209149360657
2003-06-30,0.8434483408927917
2003-07-01,0.875622034072876
2003-07-02,0.9738723039627075
2003-07-03,1.1723922491073608
2003-07-04,1.5299943685531616
2003-07-05,2.111720561981201
2003-07-06,2.4528162479400635
2003-07-07,2.3553500175476074
2003-07-08,2.094339609146118
2003-07-09,1.8654171228408813
2003-07-10,1.6982351541519165
2003-07-11,1.5721346139907837
2003-07-12,1.4684205055236816
2003-07-13,1.3790309429168701
2003-07-14,1.3011422157287598
2003-07-15,1.232733964920044
2003-07-16,1.1722114086151123
2003-07-17,1.1183053255081177
2003-07-18,1.0699986219406128
2003-07-19,1.026468276977539
2003-07-20,0.9870426654815674
2003-07-21,0.951167106628418
2003-07-22,0.9183816909790039
2003-07-23,0.8883021473884583
2003-07-24,0.8606054186820984
2003-07-25,0.835017740726471
2003-07-26,0.8113059401512146
2003-07-27,0.7892698645591736
2003-07-28,0.7687370181083679
2003-07-29,0.7495576739311218
2003-07-30,0.7316015958786011
2003-07-31,0.7147546410560608
2003-08-01,0.6989166736602783
2003-08-02,0.683999240398407
2003-08-03,0.6699239015579224
2003-08-04,0.656620979309082
2003-08-05,0.6440284252166748
2003-08-06,0.6320906281471252
2003-08-07,0.620757520198822
2003-08-08,0.6099843382835388
2003-08-09,0.5997303128242493
2003-08-10,0.589958906173706
2003-08-11,0.5806366205215454
2003-08-12,0.571733295917511
2003-08-13,0.5718411207199097
2003-08-14,0.6023679375648499
2003-08-15,0.6752890944480896
2003-08-16,0.8158189654350281
2003-08-17,1.0367242097854614
2003-08-18,1.576500654220581
2003-08-19,2.4728994369506836
2003-08-20,2.5477242469787598
2003-08-21,2.247593879699707
2003-08-22,1.9678202867507935
2003-08-23,1.762812614440918
2003-08-24,1.6277481317520142
2003-08-25,1.5299243927001953
2003-08-26,1.460802435874939
2003-08-27,1.4068315029144287
2003-08-28,1.332382082939148
2003-08-29,1.2573044300079346
2003-08-30,1.191390037536621
2003-08-31,1.134063482284546
2003-09-01,1.0965372323989868
2003-09-02,1.1072968244552612
2003-09-03,1.1901625394821167
2003-09-04,1.33942449092865
2003-09-05,1.4665735960006714
2003-09-06,1.7910561561584473
2003-09-07,2.3446409702301025
2003-09-08,2.848862886428833
2003-09-09,2.6202874183654785
2003-09-10,2.273178815841675
2003-09-11,2.00618577003479
2003-09-12,1.8106991052627563
2003-09-13,1.6688666343688965
2003-09-14,1.5811198949813843
2003-09-15,1.6177953481674194
2003-09-16,1.8247016668319702
2003-09-17,2.0994465351104736
2003-09-18,1.9890141487121582
2003-09-19,2.1538357734680176
2003-09-20,4.165682315826416
2003-09-21,11.489645004272461
2003-09-22,19.407133102416992
2003-09-23,10.521932601928711
2003-09-24,6.799205303192139
2003-09-25,4.880595684051514
2003-09-26,3.7851667404174805
2003-09-27,3.1710805892944336
2003-09-28,3.362156629562378
2003-09-29,6.6834001541137695
2003-09-30,17.707883834838867
2003-10-01,26.413156509399414
2003-10-02,12.063298225402832
2003-10-03,7.488528251647949
2003-10-04,5.246657848358154
2003-10-05,4.003844738006592
2003-10-06,3.335178852081299
2003-10-07,2.8710227012634277
2003-10-08,2.5245113372802734
2003-10-09,2.2555413246154785
2003-10-10,2.040642499923706
2003-10-11,1.8991796970367432
2003-10-12,2.0813488960266113
2003-10-13,3.3981642723083496
2003-10-14,7.485560894012451
2003-10-15,12.493739128112793
2003-10-16,10.75145149230957
2003-10-17,7.858219623565674
2003-10-18,7.023955345153809
2003-10-19,8.99752426147461
2003-10-20,16.37339973449707
2003-10-21,21.965133666992188
2003-10-22,11.105795860290527
2003-10-23,7.100155830383301
2003-10-24,5.087896347045898
2003-10-25,3.9492297172546387
2003-10-26,3.3119444847106934
2003-10-27,2.8645641803741455
2003-10-28,2.5289382934570312
2003-10-29,2.268153429031372
2003-10-30,2.0595924854278564
2003-10-31,1.8882566690444946
2003-11-01,1.7540864944458008
2003-11-02,1.6734803915023804
2003-11-03,1.6518936157226562
2003-11-04,1.6534370183944702
2003-11-05,1.5644088983535767
2003-11-06,1.4566243886947632
2003-11-07,1.3636891841888428
2003-11-08,1.2857424020767212
2003-11-09,1.2208269834518433
2003-11-10,1.163151741027832
2003-11-11,1.1114475727081299
2003-11-12,1.0648599863052368
2003-11-13,1.0226305723190308
2003-11-14,0.9841647744178772
2003-11-15,0.9489964246749878
2003-11-16,0.9167366623878479
2003-11-17,0.8870511651039124
2003-11-18,0.8596494197845459
2003-11-19,0.8342821598052979
2003-11-20,0.8107356429100037
2003-11-21,0.7888261079788208
2003-11-22,0.7683930397033691
2003-11-23,0.7492928504943848
2003-11-24,0.7313982844352722
2003-11-25,0.7145984172821045
2003-11-26,0.6987965106964111
2003-11-27,0.683907687664032
2003-11-28,0.6698551177978516
2003-11-29,0.6565699577331543
2003-11-30,0.6439910531044006
2003-12-01,0.632064163684845
2003-12-02,0.6207399964332581
2003-12-03,0.6099737882614136
2003-12-04,0.5997251868247986
2003-12-05,0.5899577736854553
2003-12-06,0.5806385278701782
2003-12-07,0.5717374086380005
2003-12-08,0.5632271766662598
2003-12-09,0.5550826191902161
2003-12-10,0.5472806692123413
2003-12-11,0.5398001670837402
2003-12-12,0.5326217412948608
2003-12-13,0.5259102582931519
2003-12-14,0.520087480545044
2003-12-15,0.5153058767318726
2003-12-16,0.5111053586006165
2003-12-17,0.5053156614303589
2003-12-18,0.49898433685302734
2003-12-19,0.4929836392402649
2003-12-20,0.4873780906200409
2003-12-21,0.48213931918144226
2003-12-22,0.47708815336227417
2003-12-23,0.472206175327301
2003-12-24,0.46770358085632324
2003-12-25,0.4640934467315674
2003-12-26,0.46156060695648193
2003-12-27,0.4595881700515747
2003-12-28,0.4555867314338684
2003-12-29,0.450796514749527
2003-12-30,0.4462868869304657
2003-12-31,0.4421474039554596
2004-01-01,0.4383498430252075
2004-01-02,0.4346752166748047
2004-01-03,0.43110665678977966
2004-01-04,0.42763975262641907
2004-01-05,0.42427027225494385
2004-01-06,0.4209943413734436
2004-01-07,0.4178082048892975
2004-01-08,0.41470831632614136
2004-01-09,0.4116913080215454
2004-01-10,0.40875402092933655
2004-01-11,0.4058934152126312
2004-01-12,0.40310657024383545
2004-01-13,0.40039077401161194
2004-01-14,0.39774343371391296
2004-01-15,0.39516207575798035
2004-01-16,0.3926539421081543
2004-01-17,0.39023932814598083
2004-01-18,0.3879236578941345
2004-01-19,0.38568389415740967
2004-01-20,0.383405476808548
2004-01-21,0.3811398148536682
2004-01-22,0.3789331912994385
2004-01-23,0.3767884075641632
2004-01-24,0.3747027516365051
2004-01-25,0.37266451120376587
2004-01-26,0.37067165970802307
2004-01-27,0.36872273683547974
2004-01-28,0.36681634187698364
2004-01-29,0.3649512231349945
2004-01-30,0.3631277084350586
2004-01-31,0.3613482415676117
2004-02-01,0.35961294174194336
2004-02-02,0.35791724920272827
2004-02-03,0.35624146461486816
2004-02-04,0.35459330677986145
2004-02-05,0.352979838848114
2004-02-06,0.35140088200569153
2004-02-07,0.34985533356666565
2004-02-08,0.34834200143814087
2004-02-09,0.3468632996082306
2004-02-10,0.34541943669319153
2004-02-11,0.34400734305381775
2004-02-12,0.3426109552383423
2004-02-13,0.3412438631057739
2004-02-14,0.33992496132850647
2004-02-15,0.33865049481391907
2004-02-16,0.337411105632782
2004-02-17,0.33613884449005127
2004-02-18,0.3348656892776489
2004-02-19,0.3336210250854492
2004-02-20,0.3324064314365387
2004-02-21,0.3312205970287323
2004-02-22,0.330056369304657
2004-02-23,0.3289128541946411
2004-02-24,0.3277895450592041
2004-02-25,0.32668596506118774
2004-02-26,0.32560160756111145
2004-02-27,0.3245360851287842
2004-02-28,0.32348889112472534
2004-02-29,0.3224596083164215
2004-03-01,0.32144781947135925
2004-03-02,0.3204531669616699
2004-03-03,0.3194752037525177
2004-03-04,0.3185153305530548
2004-03-05,0.3175772428512573
2004-03-06,0.3166617751121521
2004-03-07,0.31576505303382874
2004-03-08,0.31486615538597107
2004-03-09,0.3139743208885193
2004-03-10,0.3130982220172882
2004-03-11,0.312238484621048
2004-03-12,0.3113945424556732
2004-03-13,0.3105641305446625
2004-03-14,0.30974680185317993
2004-03-15,0.3089423179626465
2004-03-16,0.30815038084983826
2004-03-17,0.30737078189849854
2004-03-18,0.30660319328308105
2004-03-19,0.3058474361896515
2004-03-20,0.30510324239730835
2004-03-21,0.30437204241752625
2004-03-22,0.3036574423313141
2004-03-23,0.3029603064060211
2004-03-24,0.3022771179676056
2004-03-25,0.301588237285614
2004-03-26,0.30090248584747314
2004-03-27,0.30022817850112915
2004-03-28,0.30020055174827576
2004-03-29,0.30260398983955383
2004-03-30,0.31332576274871826
2004-03-31,0.3426430821418762
2004-04-01,0.38717755675315857
2004-04-02,0.43794938921928406
2004-04-03,0.44177454710006714
2004-04-04,0.4368192255496979
2004-04-05,0.4525755047798157
2004-04-06,0.48346275091171265
2004-04-07,0.48368871212005615
2004-04-08,0.4685201048851013
2004-04-09,0.4560357332229614
2004-04-10,0.4479193389415741
2004-04-11,0.44380661845207214
2004-04-12,0.44000428915023804
2004-04-13,0.43629834055900574
2004-04-14,0.4326923191547394
2004-04-15,0.42918699979782104
2004-04-16,0.4257797598838806
2004-04-17,0.4224660396575928
2004-04-18,0.4192420542240143
2004-04-19,0.41610467433929443
2004-04-20,0.41305091977119446
2004-04-21,0.4100779592990875
2004-04-22,0.40718284249305725
2004-04-23,0.4043627381324768
2004-04-24,0.4016149044036865
2004-04-25,0.3991280496120453
2004-04-26,0.4104471504688263
2004-04-27,0.4684610366821289
2004-04-28,0.5945538282394409
2004-04-29,0.7658416628837585
2004-04-30,0.7771453857421875
2004-05-01,0.7223392128944397
2004-05-02,0.6779062151908875
2004-05-03,0.6500403881072998
2004-05-04,0.637179970741272
2004-05-05,0.6256784796714783
2004-05-06,0.6157076358795166
2004-05-07,0.6126375198364258
2004-05-08,0.6249515414237976
2004-05-09,0.6538188457489014
2004-05-10,0.6795042753219604
2004-05-11,0.6696420907974243
2004-05-12,0.6480163335800171
2004-05-13,0.6315061450004578
2004-05-14,0.6592144966125488
2004-05-15,0.8262873291969299
2004-05-16,1.2304112911224365
2004-05-17,1.7950910329818726
2004-05-18,1.7825961112976074
2004-05-19,1.5918447971343994
2004-05-20,1.436318039894104
2004-05-21,1.326172947883606
2004-05-22,1.2549666166305542
2004-05-23,1.1928765773773193
2004-05-24,1.1373146772384644
2004-05-25,1.087450385093689
2004-05-26,1.0425323247909546
2004-05-27,1.0018469095230103
2004-05-28,0.9647959470748901
2004-05-29,0.9309234023094177
2004-05-30,0.9000239968299866
2004-05-31,0.8721859455108643
2004-06-01,0.847296953201294
2004-06-02,0.8246192336082458
2004-06-03,0.8019965291023254
2004-06-04,0.7803097367286682
2004-06-05,0.7601346969604492
2004-06-06,0.7413876056671143
2004-06-07,0.7249323725700378
2004-06-08,0.7129688858985901
2004-06-09,0.7064130306243896
2004-06-10,0.7040137648582458
2004-06-11,0.6990288496017456
2004-06-12,0.702670693397522
2004-06-13,0.7169901728630066
2004-06-14,0.7196083068847656
2004-06-15,0.7039996385574341
2004-06-16,0.6880399584770203
2004-06-17,0.6808909773826599
2004-06-18,0.6825088262557983
2004-06-19,0.6797679662704468
2004-06-20,0.6752628684043884
2004-06-21,0.6617600321769714
2004-06-22,0.6458155512809753
2004-06-23,0.6320133209228516
2004-06-24,0.6198146939277649
2004-06-25,0.6090431213378906
2004-06-26,0.6041519045829773
2004-06-27,0.6181427240371704
2004-06-28,0.657453179359436
2004-06-29,0.7092087268829346
2004-06-30,0.704314112663269
2004-07-01,0.6770028471946716
2004-07-02,0.6536810398101807
2004-07-03,0.6363895535469055
2004-07-04,0.6246040463447571
2004-07-05,0.6136497259140015
2004-07-06,0.6032232046127319
2004-07-07,0.5932890176773071
2004-07-08,0.5838144421577454
2004-07-09,0.5747689604759216
2004-07-10,0.5661241412162781
2004-07-11,0.5578539967536926
2004-07-12,0.5499347448348999
2004-07-13,0.5423445105552673
2004-07-14,0.5350632071495056
2004-07-15,0.5280724167823792
2004-07-16,0.5213550329208374
2004-07-17,0.5148953795433044
2004-07-18,0.5086789727210999
2004-07-19,0.5026924014091492
2004-07-20,0.4969232976436615
2004-07-21,0.491360068321228
2004-07-22,0.4862072765827179
2004-07-23,0.48207783699035645
2004-07-24,0.4794149696826935
2004-07-25,0.47779855132102966
2004-07-26,0.47441473603248596
2004-07-27,0.46920427680015564
2004-07-28,0.4638385474681854
2004-07-29,0.4589361250400543
2004-07-30,0.45476359128952026
2004-07-31,0.45194265246391296
2004-08-01,0.4511749744415283
2004-08-02,0.45292696356773376
2004-08-03,0.45576339960098267
2004-08-04,0.4591391980648041
2004-08-05,0.4639805853366852
2004-08-06,0.4616043269634247
2004-08-07,0.4555763006210327
2004-08-08,0.45065000653266907
2004-08-09,0.44722405076026917
2004-08-10,0.44333240389823914
2004-08-11,0.4390560984611511
2004-08-12,0.4352887272834778
2004-08-13,0.4327486753463745
2004-08-14,0.4316509962081909
2004-08-15,0.4312019348144531
2004-08-16,0.4281124174594879
2004-08-17,0.42394256591796875
2004-08-18,0.42006492614746094
2004-08-19,0.4166010618209839
2004-08-20,0.4135178327560425
2004-08-21,0.4105321168899536
2004-08-22,0.4076249897480011
2004-08-23,0.4047934114933014
2004-08-24,0.40203458070755005
2004-08-25,0.3993458151817322
2004-08-26,0.39672455191612244
2004-08-27,0.39416834712028503
2004-08-28,0.39167487621307373
2004-08-29,0.3892419636249542
2004-08-30,0.38789719343185425
2004-08-31,0.3900674283504486
2004-09-01,0.39662033319473267
2004-09-02,0.408846378326416
2004-09-03,0.43988287448883057
2004-09-04,0.5658256411552429
2004-09-05,0.913000762462616
2004-09-06,1.5620689392089844
2004-09-07,2.134979248046875
2004-09-08,2.2293384075164795
2004-09-09,2.087763547897339
2004-09-10,2.035202741622925
2004-09-11,2.112060070037842
2004-09-12,2.172611951828003
2004-09-13,2.4318230152130127
2004-09-14,2.786043643951416
2004-09-15,2.561412811279297
2004-09-16,2.246354103088379
2004-09-17,2.033627986907959
2004-09-18,2.0075509548187256
2004-09-19,2.2100937366485596
2004-09-20,2.485355854034424
2004-09-21,2.384369373321533
2004-09-22,2.4648818969726562
2004-09-23,3.0111939907073975
2004-09-24,3.74090576171875
2004-09-25,3.342682361602783
2004-09-26,2.8178160190582275
2004-09-27,2.4245152473449707
2004-09-28,2.139779806137085
2004-09-29,1.9385902881622314
2004-09-30,1.7759690284729004
2004-10-01,1.6408458948135376
2004-10-02,1.526784896850586
2004-10-03,1.4306076765060425
2004-10-04,1.3536874055862427
2004-10-05,1.2998788356781006
2004-10-06,1.268273949623108
2004-10-07,1.2437766790390015
2004-10-08,1.2372068166732788
2004-10-09,1.280297040939331
2004-10-10,1.3947235345840454
2004-10-11,1.4849716424942017
2004-10-12,1.4186995029449463
2004-10-13,1.3162118196487427
2004-10-14,1.2355916500091553
2004-10-15,1.190334439277649
2004-10-16,1.1811281442642212
2004-10-17,1.1842118501663208
2004-10-18,1.1404560804367065
2004-10-19,1.0837821960449219
2004-10-20,1.033726692199707
2004-10-21,0.9910003542900085
2004-10-22,0.9548139572143555
2004-10-23,0.9218494892120361
2004-10-24,0.8915782570838928
2004-10-25,0.8636890649795532
2004-10-26,0.8379148244857788
2004-10-27,0.8140254616737366
2004-10-28,0.7918224930763245
2004-10-29,0.7711338400840759
2004-10-30,0.7518098950386047
2004-10-31,0.7337198853492737
2004-11-01,0.716749370098114
2004-11-02,0.7007973790168762
2004-11-03,0.6857747435569763
2004-11-04,0.6716024279594421
2004-11-05,0.6582101583480835
2004-11-06,0.6455351114273071
2004-11-07,0.6335209608078003
2004-11-08,0.6221171617507935
2004-11-09,0.6112781763076782
2004-11-10,0.6009629964828491
2004-11-11,0.5911344885826111
2004-11-12,0.5817590355873108
2004-11-13,0.5728060007095337
2004-11-14,0.5642473697662354
2004-11-15,0.5561286211013794
2004-11-16,0.5485966801643372
2004-11-17,0.5416959524154663
2004-11-18,0.5352297425270081
2004-11-19,0.5284526944160461
2004-11-20,0.5220181941986084
2004-11-21,0.5163478851318359
2004-11-22,0.5111943483352661
2004-11-23,0.5052783489227295
2004-11-24,0.49914249777793884
2004-11-25,0.49328744411468506
2004-11-26,0.4877462089061737
2004-11-27,0.4824978709220886
2004-11-28,0.4774339497089386
2004-11-29,0.47253990173339844
2004-11-30,0.46780744194984436
2004-12-01,0.4632287621498108
2004-12-02,0.45879659056663513
2004-12-03,0.454504132270813
2004-12-04,0.4503449499607086
2004-12-05,0.4463130235671997
2004-12-06,0.442402720451355
2004-12-07,0.43860867619514465
2004-12-08,0.43492591381073
2004-12-09,0.43134966492652893
2004-12-10,0.4278755187988281
2004-12-11,0.42449918389320374
2004-12-12,0.4212167263031006
2004-12-13,0.41802436113357544
2004-12-14,0.41491854190826416
2004-12-15,0.41189584136009216
2004-12-16,0.4089530408382416
2004-12-17,0.40608716011047363
2004-12-18,0.40329527854919434
2004-12-19,0.400574654340744
2004-12-20,0.39792266488075256
2004-12-21,0.3953368067741394
2004-12-22,0.3928147554397583
2004-12-23,0.3903542459011078
2004-12-24,0.38796544075012207
2004-12-25,0.3856752812862396
2004-12-26,0.3834914565086365
2004-12-27,0.3813852071762085
2004-12-28,0.3792100250720978
2004-12-29,0.377032607793808
2004-12-30,0.37491318583488464
2004-12-31,0.3728560209274292
2005-01-01,0.37085819244384766
2005-01-02,0.3689051568508148
2005-01-03,0.36699482798576355
2005-01-04,0.3651258647441864
2005-01-05,0.3632969856262207
2005-01-06,0.36150702834129333
2005-01-07,0.3597548007965088
2005-01-08,0.35803917050361633
2005-01-09,0.3563590943813324
2005-01-10,0.354713499546051
2005-01-11,0.3531014323234558
2005-01-12,0.35152193903923035
2005-01-13,0.34997403621673584
2005-01-14,0.3484569191932678
2005-01-15,0.34696969389915466
2005-01-16,0.3455115556716919
2005-01-17,0.34408169984817505
2005-01-18,0.34267935156822205
2005-01-19,0.34130382537841797
2005-01-20,0.33995434641838074
2005-01-21,0.3386302888393402
2005-01-22,0.3373895287513733
2005-01-23,0.33636727929115295
2005-01-24,0.33560478687286377
2005-01-25,0.33498066663742065
2005-01-26,0.33380886912345886
2005-01-27,0.3324088454246521
2005-01-28,0.33107784390449524
2005-01-29,0.3298444449901581
2005-01-30,0.32870104908943176
2005-01-31,0.3275814950466156
2005-02-01,0.32649508118629456
2005-02-02,0.3254726529121399
2005-02-03,0.3245232403278351
2005-02-04,0.32361888885498047
2005-02-05,0.3226141333580017
2005-02-06,0.32165083289146423
2005-02-07,0.32089582085609436
2005-02-08,0.32039594650268555
2005-02-09,0.3200109302997589
2005-02-10,0.3193669021129608
2005-02-11,0.31866052746772766
2005-02-12,0.31763559579849243
2005-02-13,0.316524475812912
2005-02-14,0.3155088722705841
2005-02-15,0.31456315517425537
2005-02-16,0.31367960572242737
2005-02-17,0.31281280517578125
2005-02-18,0.311959832906723
2005-02-19,0.3111204504966736
2005-02-20,0.31029438972473145
2005-02-21,0.30948132276535034
2005-02-22,0.3086874783039093
2005-02-23,0.3082532286643982
2005-02-24,0.3089328110218048
2005-02-25,0.3109351396560669
2005-02-26,0.31479811668395996
2005-02-27,0.31975820660591125
2005-02-28,0.3288143277168274
2005-03-01,0.3412889838218689
2005-03-02,0.3420134484767914
2005-03-03,0.33659231662750244
2005-03-04,0.33178120851516724
2005-03-05,0.3287629783153534
2005-03-06,0.3274376392364502
2005-03-07,0.32690876722335815
2005-03-08,0.32920753955841064
2005-03-09,0.336896687746048
2005-03-10,0.34959906339645386
2005-03-11,0.35867926478385925
2005-03-12,0.35620346665382385
2005-03-13,0.3501943349838257
2005-03-14,0.3456941545009613
2005-03-15,0.34310102462768555
2005-03-16,0.3419851064682007
2005-03-17,0.3420216143131256
2005-03-18,0.3433905839920044
2005-03-19,0.3454294800758362
2005-03-20,0.3443562984466553
2005-03-21,0.3419282138347626
2005-03-22,0.33977916836738586
2005-03-23,0.33806920051574707
2005-03-24,0.3367607295513153
2005-03-25,0.3354962468147278
2005-03-26,0.3342551589012146
2005-03-27,0.33303695917129517
2005-03-28,0.33184072375297546
2005-03-29,0.3306656777858734
2005-03-30,0.329511433839798
2005-03-31,0.3283775746822357
2005-04-01,0.32726365327835083
2005-04-02,0.3261692523956299
2005-04-03,0.3250938355922699
2005-04-04,0.3240370452404022
2005-04-05,0.32299840450286865
2005-04-06,0.3219774663448334
2005-04-07,0.32097387313842773
2005-04-08,0.31998714804649353
2005-04-09,0.3190169930458069
2005-04-10,0.318062961101532
2005-04-11,0.31712475419044495
2005-04-12,0.31620195508003235
2005-04-13,0.3152942955493927
2005-04-14,0.3144013583660126
2005-04-15,0.31352290511131287
2005-04-16,0.31265854835510254
2005-04-17,0.3118080496788025
2005-04-18,0.31097105145454407
2005-04-19,0.31014731526374817
2005-04-20,0.3093365430831909
2005-04-21,0.3085384666919708
2005-04-22,0.3077528476715088
2005-04-23,0.3069828450679779
2005-04-24,0.3064786493778229
2005-04-25,0.30680009722709656
2005-04-26,0.30810317397117615
2005-04-27,0.3098670244216919
2005-04-28,0.3092711865901947
2005-04-29,0.30764859914779663
2005-04-30,0.3062453866004944
2005-05-01,0.30518606305122375
2005-05-02,0.3044360876083374
2005-05-03,0.30371326208114624
2005-05-04,0.30300137400627136
2005-05-05,0.3023001551628113
2005-05-06,0.30160945653915405
2005-05-07,0.3009290397167206
2005-05-08,0.30025866627693176
2005-05-09,0.29959818720817566
2005-05-10,0.29894739389419556
2005-05-11,0.29830610752105713
2005-05-12,0.29776740074157715
2005-05-13,0.2975448966026306
2005-05-14,0.2976987361907959
2005-05-15,0.29838111996650696
2005-05-16,0.30589187145233154
2005-05-17,0.33671507239341736
2005-05-18,0.3981703221797943
2005-05-19,0.4753281772136688
2005-05-20,0.47949159145355225
2005-05-21,0.4522487223148346
2005-05-22,0.43098005652427673
2005-05-23,0.41915106773376465
2005-05-24,0.41558539867401123
2005-05-25,0.4125407636165619
2005-05-26,0.40957731008529663
2005-05-27,0.4070017337799072
2005-05-28,0.41083618998527527
2005-05-29,0.4354349970817566
2005-05-30,0.48961833119392395
2005-05-31,0.5609824657440186
2005-06-01,0.5770901441574097
2005-06-02,0.5552701950073242
2005-06-03,0.5320384502410889
2005-06-04,0.5166029334068298
2005-06-05,0.5086909532546997
2005-06-06,0.5026808381080627
2005-06-07,0.4969600439071655
2005-06-08,0.49142223596572876
2005-06-09,0.4860599935054779
2005-06-10,0.48087385296821594
2005-06-11,0.47586172819137573
2005-06-12,0.47101765871047974
2005-06-13,0.46633344888687134
2005-06-14,0.46180135011672974
2005-06-15,0.4574141204357147
2005-06-16,0.45316487550735474
2005-06-17,0.44904693961143494
2005-06-18,0.4450543224811554
2005-06-19,0.4411815106868744
2005-06-20,0.43742337822914124
2005-06-21,0.43377500772476196
2005-06-22,0.4302317202091217
2005-06-23,0.42678913474082947
2005-06-24,0.42344313859939575
2005-06-25,0.4208274781703949
2005-06-26,0.42044952511787415
2005-06-27,0.422853022813797
2005-06-28,0.4266154170036316
2005-06-29,0.42413583397865295
2005-06-30,0.4190192222595215
2005-07-01,0.4144574999809265
2005-07-02,0.4107387661933899
2005-07-03,0.4077898859977722
2005-07-04,0.40495389699935913
2005-07-05,0.4021908640861511
2005-07-06,0.3994980752468109
2005-07-07,0.39687296748161316
2005-07-08,0.39431309700012207
2005-07-09,0.39181607961654663
2005-07-10,0.38937973976135254
2005-07-11,0.38700196146965027
2005-07-12,0.38468071818351746
2005-07-13,0.3824141025543213
2005-07-14,0.3802002966403961
2005-07-15,0.3780375123023987
2005-07-16,0.3759242594242096
2005-07-17,0.3738592267036438
2005-07-18,0.3718409538269043
2005-07-19,0.369867742061615
2005-07-20,0.3679981231689453
2005-07-21,0.37358781695365906
2005-07-22,0.4197162687778473
2005-07-23,0.5597390532493591
2005-07-24,0.8381021022796631
2005-07-25,1.3253490924835205
2005-07-26,2.5228869915008545
2005-07-27,6.501948356628418
2005-07-28,11.69764232635498
2005-07-29,8.00348949432373
2005-07-30,5.596375942230225
2005-07-31,4.206550598144531
2005-08-01,3.3667099475860596
2005-08-02,2.871492862701416
2005-08-03,2.5315089225769043
2005-08-04,2.2965824604034424
2005-08-05,2.1236767768859863
2005-08-06,1.9522852897644043
2005-08-07,1.8142303228378296
2005-08-08,1.705902099609375
2005-08-09,1.5878697633743286
2005-08-10,1.4794572591781616
2005-08-11,1.386274814605713
2005-08-12,1.3062026500701904
2005-08-13,1.2371392250061035
2005-08-14,1.1761237382888794
2005-08-15,1.1218103170394897
2005-08-16,1.0731661319732666
2005-08-17,1.0293434858322144
2005-08-18,0.9896590113639832
2005-08-19,0.9535551071166992
2005-08-20,0.9205687642097473
2005-08-21,0.8903125524520874
2005-08-22,0.8624598383903503
2005-08-23,0.836733877658844
2005-08-24,0.8128988146781921
2005-08-25,0.7907525300979614
2005-08-26,0.7701205611228943
2005-08-27,0.7508517503738403
2005-08-28,0.7328144907951355
2005-08-29,0.7158938050270081
2005-08-30,0.700210690498352
2005-08-31,0.6862143278121948
2005-09-01,0.6741847395896912
2005-09-02,0.664015531539917
2005-09-03,0.6537157893180847
2005-09-04,0.6484187841415405
2005-09-05,0.6566773056983948
2005-09-06,0.6813672184944153
2005-09-07,0.7360636591911316
2005-09-08,0.8279849290847778
2005-09-09,1.027565598487854
2005-09-10,1.3087469339370728
2005-09-11,1.3012627363204956
2005-09-12,1.1963558197021484
2005-09-13,1.110654592514038
2005-09-14,1.051103949546814
2005-09-15,1.012711524963379
2005-09-16,0.9756349325180054
2005-09-17,0.9406940340995789
2005-09-18,0.9086593389511108
2005-09-19,0.8793517351150513
2005-09-20,0.8524273633956909
2005-09-21,0.8275033235549927
2005-09-22,0.8043653964996338
2005-09-23,0.7828322052955627
2005-09-24,0.7627440094947815
2005-09-25,0.7439607381820679
2005-09-26,0.7263599634170532
2005-09-27,0.7098337411880493
2005-09-28,0.6942867040634155
2005-09-29,0.6796344518661499
2005-09-30,0.6658017635345459
2005-10-01,0.6527215242385864
2005-10-02,0.6403338313102722
2005-10-03,0.707879900932312
2005-10-04,1.4805104732513428
2005-10-05,6.819831848144531
2005-10-06,24.490020751953125
2005-10-07,29.483003616333008
2005-10-08,12.693626403808594
2005-10-09,7.741552352905273
2005-10-10,5.349419116973877
2005-10-11,4.068373203277588
2005-10-12,3.3846323490142822
2005-10-13,2.910404682159424
2005-10-14,2.556563138961792
2005-10-15,2.282346725463867
2005-10-16,2.0637004375457764
2005-10-17,1.8853508234024048
2005-10-18,1.7371153831481934
2005-10-19,1.611959457397461
2005-10-20,1.504923701286316
2005-10-21,1.4124045372009277
2005-10-22,1.3316947221755981
2005-10-23,1.2607169151306152
2005-10-24,1.1978566646575928
2005-10-25,1.141837239265442
2005-10-26,1.0916332006454468
2005-10-27,1.0464096069335938
2005-10-28,1.0054641962051392
2005-10-29,0.9682103395462036
2005-10-30,0.9341687560081482
2005-10-31,0.902946412563324
2005-11-01,0.8742117285728455
2005-11-02,0.8476837873458862
2005-11-03,0.8231241106987
2005-11-04,0.8003255128860474
2005-11-05,0.7790980935096741
2005-11-06,0.7592813372612
2005-11-07,0.740739107131958
2005-11-08,0.7233529686927795
2005-11-09,0.7070189118385315
2005-11-10,0.6916446089744568
2005-11-11,0.6771482825279236
2005-11-12,0.6634570360183716
2005-11-13,0.650505781173706
2005-11-14,0.6382362246513367
2005-11-15,0.6265957951545715
2005-11-16,0.6155374646186829
2005-11-17,0.6050185561180115
2005-11-18,0.5950005650520325
2005-11-19,0.5854485630989075
2005-11-20,0.5764793157577515
2005-11-21,0.5684219002723694
2005-11-22,0.5613898038864136
2005-11-23,0.5549833178520203
2005-11-24,0.5474291443824768
2005-11-25,0.5395812392234802
2005-11-26,0.5321287512779236
2005-11-27,0.5251126885414124
2005-11-28,0.5185026526451111
2005-11-29,0.5121512413024902
2005-11-30,0.5060370564460754
2005-12-01,0.5001471638679504
2005-12-02,0.4944695234298706
2005-12-03,0.48899295926094055
2005-12-04,0.4837070405483246
2005-12-05,0.4786020815372467
2005-12-06,0.47366902232170105
2005-12-07,0.4689786434173584
2005-12-08,0.46491539478302
2005-12-09,0.46204522252082825
2005-12-10,0.4603998064994812
2005-12-11,0.4585784375667572
2005-12-12,0.4545721411705017
2005-12-13,0.4497106671333313
2005-12-14,0.4451308846473694
2005-12-15,0.4409981667995453
2005-12-16,0.4372163712978363
2005-12-17,0.4335741102695465
2005-12-18,0.4300374388694763
2005-12-19,0.4266010522842407
2005-12-20,0.423260897397995
2005-12-21,0.42001309990882874
2005-12-22,0.4168539345264435
2005-12-23,0.4137799143791199
2005-12-24,0.41078776121139526
2005-12-25,0.40787428617477417
2005-12-26,0.4050365388393402
2005-12-27,0.40227171778678894
2005-12-28,0.3995771110057831
2005-12-29,0.3969501852989197
2005-12-30,0.39438846707344055
2005-12-31,0.39188969135284424
2006-01-01,0.38945162296295166
2006-01-02,0.3870721757411957
2006-01-03,0.38474929332733154
2006-01-04,0.38248109817504883
2006-01-05,0.3802657425403595
2006-01-06,0.37810149788856506
2006-01-07,0.37598663568496704
2006-01-08,0.37391960620880127
2006-01-09,0.3718988597393036
2006-01-10,0.3699229061603546
2006-01-11,0.3679903745651245
2006-01-12,0.36609989404678345
2006-01-13,0.36425018310546875
2006-01-14,0.36243999004364014
2006-01-15,0.3606681525707245
2006-01-16,0.3589334785938263
2006-01-17,0.3572348952293396
2006-01-18,0.3555713891983032
2006-01-19,0.3539418578147888
2006-01-20,0.35234540700912476
2006-01-21,0.35078108310699463
2006-01-22,0.3492479622364044
2006-01-23,0.3477451503276825
2006-01-24,0.3462718725204468
2006-01-25,0.3448272943496704
2006-01-26,0.3434106409549713
2006-01-27,0.3420211672782898
2006-01-28,0.34065812826156616
2006-01-29,0.3393208384513855
2006-01-30,0.3380086123943329
2006-01-31,0.33672085404396057
2006-02-01,0.3354763388633728
2006-02-02,0.3343195617198944
2006-02-03,0.3332637846469879
2006-02-04,0.3322683274745941
2006-02-05,0.33110511302948
2006-02-06,0.32987987995147705
2006-02-07,0.3286910057067871
2006-02-08,0.32754769921302795
2006-02-09,0.32644712924957275
2006-02-10,0.32536694407463074
2006-02-11,0.3243054449558258
2006-02-12,0.32326221466064453
2006-02-13,0.3222368061542511
2006-02-14,0.3212288022041321
2006-02-15,0.32023781538009644
2006-02-16,0.3192634582519531
2006-02-17,0.3183053433895111
2006-02-18,0.31736311316490173
2006-02-19,0.31643643975257874
2006-02-20,0.3155249059200287
2006-02-21,0.3146282434463501
2006-02-22,0.3137461245059967
2006-02-23,0.31287819147109985
2006-02-24,0.31202417612075806
2006-02-25,0.31118378043174744
2006-02-26,0.31035667657852173
2006-02-27,0.30954262614250183
2006-02-28,0.30874133110046387
2006-03-01,0.30795252323150635
2006-03-02,0.30717596411705017
2006-03-03,0.30641138553619385
2006-03-04,0.30565857887268066
2006-03-05,0.30491724610328674
2006-03-06,0.30418720841407776
2006-03-07,0.3034681975841522
2006-03-08,0.3027600347995758
2006-03-09,0.3020624816417694
2006-03-10,0.3013753294944763
2006-03-11,0.3006983697414398
2006-03-12,0.3000314235687256
2006-03-13,0.2993742823600769
2006-03-14,0.29872676730155945
2006-03-15,0.2980886995792389
2006-03-16,0.2974598705768585
2006-03-17,0.2968401312828064
2006-03-18,0.2962293326854706
2006-03-19,0.29562726616859436
2006-03-20,0.2950337827205658
2006-03-21,0.29444873332977295
2006-03-22,0.2938719391822815
2006-03-23,0.2933032810688019
2006-03-24,0.29274260997772217
2006-03-25,0.2921897768974304
2006-03-26,0.2916446328163147
2006-03-27,0.29110702872276306
2006-03-28,0.29057684540748596
2006-03-29,0.29005399346351624
2006-03-30,0.28953826427459717
2006-03-31,0.289029598236084
2006-04-01,0.28852781653404236
2006-04-02,0.2880328595638275
2006-04-03,0.2875445783138275
2006-04-04,0.2870628535747528
2006-04-05,0.28658759593963623
2006-04-06,0.28611865639686584
2006-04-07,0.2856559753417969
2006-04-08,0.28519943356513977
2006-04-09,0.284748911857605
2006-04-10,0.28430432081222534
2006-04-11,0.2838655710220337
2006-04-12,0.28343257308006287
2006-04-13,0.2830052077770233
2006-04-14,0.2825833857059479
2006-04-15,0.2821670174598694
2006-04-16,0.28175604343414307
2006-04-17,0.28135034441947937
2006-04-18,0.2809498608112335
2006-04-19,0.28055450320243835
2006-04-20,0.2801641523838043
2006-04-21,0.27977877855300903
2006-04-22,0.2793982923030853
2006-04-23,0.27902260422706604
2006-04-24,0.2786516845226288
2006-04-25,0.27828553318977356
2006-04-26,0.2779427766799927
2006-04-27,0.2776658236980438
2006-04-28,0.27746543288230896
2006-04-29,0.2773059010505676
2006-04-30,0.2769704759120941
2006-05-01,0.27655941247940063
2006-05-02,0.2761688232421875
2006-05-03,0.2758086323738098
2006-05-04,0.2754763066768646
2006-05-05,0.27514931559562683
2006-05-06,0.2748263478279114
2006-05-07,0.2745072841644287
2006-05-08,0.27419209480285645
2006-05-09,0.2738807201385498
2006-05-10,0.273573100566864
2006-05-11,0.2732781767845154
2006-05-12,0.2730560600757599
2006-05-13,0.27307724952697754
2006-05-14,0.27351823449134827
2006-05-15,0.2746771574020386
2006-05-16,0.2769855558872223
2006-05-17,0.2801033556461334
2006-05-18,0.2838239371776581
2006-05-19,0.28347644209861755
2006-05-20,0.28142017126083374
2006-05-21,0.27984321117401123
2006-05-22,0.27888575196266174
2006-05-23,0.2784867286682129
2006-05-24,0.2781221568584442
2006-05-25,0.277762234210968
2006-05-26,0.2774069011211395
2006-05-27,0.2773953378200531
2006-05-28,0.2785010039806366
2006-05-29,0.28191226720809937
2006-05-30,0.28923991322517395
2006-05-31,0.297171413898468
2006-06-01,0.31507954001426697
2006-06-02,0.3555815517902374
2006-06-03,0.4362100660800934
2006-06-04,0.5486282110214233
2006-06-05,0.5564659833908081
2006-06-06,0.5187951326370239
2006-06-07,0.4889853596687317
2006-06-08,0.4719691872596741
2006-06-09,0.46665775775909424
2006-06-10,0.462112694978714
2006-06-11,0.45771172642707825
2006-06-12,0.4534495174884796
2006-06-13,0.4493198096752167
2006-06-14,0.4453166425228119
2006-06-15,0.44143426418304443
2006-06-16,0.4376673996448517
2006-06-17,0.4340110421180725
2006-06-18,0.4304603934288025
2006-06-19,0.4270109534263611
2006-06-20,0.4236585199832916
2006-06-21,0.4203990697860718
2006-06-22,0.4172288477420807
2006-06-23,0.4141443371772766
2006-06-24,0.41114214062690735
2006-06-25,0.4082220196723938
2006-06-26,0.405387818813324
2006-06-27,0.4026389718055725
2006-06-28,0.39996635913848877
2006-06-29,0.3973332643508911
2006-06-30,0.39516204595565796
2006-07-01,0.3944273293018341
2006-07-02,0.3954617977142334
2006-07-03,0.3973723351955414
2006-07-04,0.3953147828578949
2006-07-05,0.3915719985961914
2006-07-06,0.3881979286670685
2006-07-07,0.38554030656814575
2006-07-08,0.38474899530410767
2006-07-09,0.38808387517929077
2006-07-10,0.3973563313484192
2006-07-11,0.40948352217674255
2006-07-12,0.4140474796295166
2006-07-13,0.4090255796909332
2006-07-14,0.40220510959625244
2006-07-15,0.3971153199672699
2006-07-16,0.39378800988197327
2006-07-17,0.39126572012901306
2006-07-18,0.3888414800167084
2006-07-19,0.3864758312702179
2006-07-20,0.38416656851768494
2006-07-21,0.3819116950035095
2006-07-22,0.3797093331813812
2006-07-23,0.3775576949119568
2006-07-24,0.3754551112651825
2006-07-25,0.3733999729156494
2006-07-26,0.37139075994491577
2006-07-27,0.3694268465042114
2006-07-28,0.36750879883766174
2006-07-29,0.3656359016895294
2006-07-30,0.36380505561828613
2006-07-31,0.3620052933692932
2006-08-01,0.36023998260498047
2006-08-02,0.358512282371521
2006-08-03,0.3568370044231415
2006-08-04,0.35530075430870056
2006-08-05,0.3541373312473297
2006-08-06,0.3535947799682617
2006-08-07,0.35345974564552307
2006-08-08,0.3529949188232422
2006-08-09,0.3513330817222595
2006-08-10,0.34931570291519165
2006-08-11,0.34749501943588257
2006-08-12,0.3458980321884155
2006-08-13,0.34445425868034363
2006-08-14,0.3430447578430176
2006-08-15,0.3416622281074524
2006-08-16,0.34030598402023315
2006-08-17,0.33897531032562256
2006-08-18,0.3376695215702057
2006-08-19,0.3363880515098572
2006-08-20,0.3351301848888397
2006-08-21,0.33389538526535034
2006-08-22,0.33268532156944275
2006-08-23,0.3315090835094452
2006-08-24,0.3303777575492859
2006-08-25,0.32928913831710815
2006-08-26,0.3282071053981781
2006-08-27,0.32709309458732605
2006-08-28,0.32598182559013367
2006-08-29,0.32489603757858276
2006-08-30,0.32383716106414795
2006-08-31,0.3228016793727875
2006-09-01,0.3217840790748596
2006-09-02,0.32078373432159424
2006-09-03,0.3198002576828003
2006-09-04,0.31883320212364197
2006-09-05,0.317882239818573
2006-09-06,0.31694698333740234
2006-09-07,0.31602713465690613
2006-09-08,0.3151222765445709
2006-09-09,0.31423279643058777
2006-09-10,0.31368914246559143
2006-09-11,0.31661930680274963
2006-09-12,0.3351757228374481
2006-09-13,0.4253644049167633
2006-09-14,0.7481105327606201
2006-09-15,1.6567296981811523
2006-09-16,3.4537813663482666
2006-09-17,4.282275199890137
2006-09-18,3.794360637664795
2006-09-19,3.4987049102783203
2006-09-20,3.660661458969116
2006-09-21,3.829735517501831
2006-09-22,3.3346097469329834
2006-09-23,2.8305246829986572
2006-09-24,2.550194263458252
2006-09-25,2.706704616546631
2006-09-26,3.4772090911865234
2006-09-27,4.4527106285095215
2006-09-28,3.877060890197754
2006-09-29,3.1939585208892822
2006-09-30,2.699228048324585
2006-10-01,2.348949670791626
2006-10-02,2.1059770584106445
2006-10-03,1.9129705429077148
2006-10-04,1.7549163103103638
2006-10-05,1.6231708526611328
2006-10-06,1.5117214918136597
2006-10-07,1.4162582159042358
2006-10-08,1.3336012363433838
2006-10-09,1.2613458633422852
2006-10-10,1.1976470947265625
2006-10-11,1.1410728693008423
2006-10-12,1.2858401536941528
2006-10-13,2.3606419563293457
2006-10-14,6.215396881103516
2006-10-15,11.820161819458008
2006-10-16,8.079912185668945
2006-10-17,5.644063472747803
2006-10-18,4.242433071136475
2006-10-19,3.3944203853607178
2006-10-20,2.8922629356384277
2006-10-21,2.5290884971618652
2006-10-22,2.251561403274536
2006-10-23,2.032606840133667
2006-10-24,1.8554059267044067
2006-10-25,1.7091344594955444
2006-10-26,1.5863808393478394
2006-10-27,1.481791615486145
2006-10-28,1.3915234804153442
2006-10-29,1.312827706336975
2006-10-30,1.2436716556549072
2006-10-31,1.182469129562378
2006-11-01,1.127931833267212
2006-11-02,1.0806914567947388
2006-11-03,1.0477514266967773
2006-11-04,1.0395554304122925
2006-11-05,1.0550318956375122
2006-11-06,1.0621179342269897
2006-11-07,1.0256481170654297
2006-11-08,0.978786051273346
2006-11-09,0.9380391836166382
2006-11-10,0.9040354490280151
2006-11-11,0.8776563405990601
2006-11-12,0.8639318943023682
2006-11-13,0.8694329261779785
2006-11-14,0.888870120048523
2006-11-15,0.8865299820899963
2006-11-16,0.8583071231842041
2006-11-17,0.8264762759208679
2006-11-18,0.7992565631866455
2006-11-19,0.7768516540527344
2006-11-20,0.7571956515312195
2006-11-21,0.7388501167297363
2006-11-22,0.7216331958770752
2006-11-23,0.7054458856582642
2006-11-24,0.6901999711990356
2006-11-25,0.675815999507904
2006-11-26,0.6622229218482971
2006-11-27,0.6493575572967529
2006-11-28,0.6371632814407349
2006-11-29,0.6255892515182495
2006-11-30,0.6145897507667542
2006-12-01,0.6041234731674194
2006-12-02,0.5941530466079712
2006-12-03,0.5846445560455322
2006-12-04,0.5755668878555298
2006-12-05,0.5668914318084717
2006-12-06,0.5585920810699463
2006-12-07,0.5506448745727539
2006-12-08,0.5447707772254944
2006-12-09,0.5451654195785522
2006-12-10,0.5535750985145569
2006-12-11,0.5657614469528198
2006-12-12,0.5604928731918335
2006-12-13,0.5481647849082947
2006-12-14,0.5372775197029114
2006-12-15,0.52852463722229
2006-12-16,0.5217220187187195
2006-12-17,0.5152631998062134
2006-12-18,0.5090445876121521
2006-12-19,0.5030536651611328
2006-12-20,0.49737656116485596
2006-12-21,0.4922366738319397
2006-12-22,0.48783808946609497
2006-12-23,0.4842395484447479
2006-12-24,0.48038917779922485
2006-12-25,0.476539671421051
2006-12-26,0.47166845202445984
2006-12-27,0.46653270721435547
2006-12-28,0.461732417345047
2006-12-29,0.45722144842147827
2006-12-30,0.45297494530677795
2006-12-31,0.44886550307273865
2007-01-01,0.44488051533699036
2007-01-02,0.44101473689079285
2007-01-03,0.43726301193237305
2007-01-04,0.4336206018924713
2007-01-05,0.43008288741111755
2007-01-06,0.42664557695388794
2007-01-07,0.4233045279979706
2007-01-08,0.42005568742752075
2007-01-09,0.41689544916152954
2007-01-10,0.4138203561306
2007-01-11,0.4108271896839142
2007-01-12,0.4079127311706543
2007-01-13,0.4050740599632263
2007-01-14,0.40230831503868103
2007-01-15,0.39961278438568115
2007-01-16,0.3969849646091461
2007-01-17,0.39442241191864014
2007-01-18,0.39192283153533936
2007-01-19,0.3894839882850647
2007-01-20,0.387103796005249
2007-01-21,0.38478022813796997
2007-01-22,0.38251131772994995
2007-01-23,0.3803035616874695
2007-01-24,0.3782337009906769
2007-01-25,0.3764607012271881
2007-01-26,0.37504732608795166
2007-01-27,0.37378373742103577
2007-01-28,0.371995210647583
2007-01-29,0.3698713779449463
2007-01-30,0.3677891790866852
2007-01-31,0.36580219864845276
2007-02-01,0.36392441391944885
2007-02-02,0.36211028695106506
2007-02-03,0.36064717173576355
2007-02-04,0.3632027506828308
2007-02-05,0.37703385949134827
2007-02-06,0.4043687582015991
2007-02-07,0.4355752468109131
2007-02-08,0.43520480394363403
2007-02-09,0.42191246151924133
2007-02-10,0.41215649247169495
2007-02-11,0.40921711921691895
2007-02-12,0.41310644149780273
2007-02-13,0.4188607335090637
2007-02-14,0.41684478521347046
2007-02-15,0.4115019142627716
2007-02-16,0.40680837631225586
2007-02-17,0.40313419699668884
2007-02-18,0.400394082069397
2007-02-19,0.39776554703712463
2007-02-20,0.3951987326145172
2007-02-21,0.392691433429718
2007-02-22,0.39024195075035095
2007-02-23,0.3878488540649414
2007-02-24,0.3855110704898834
2007-02-25,0.38322731852531433
2007-02-26,0.3809961676597595
2007-02-27,0.37881606817245483
2007-02-28,0.37668558955192566
2007-03-01,0.3746032416820526
2007-03-02,0.3725675344467163
2007-03-03,0.37057700753211975
2007-03-04,0.3686302900314331
2007-03-05,0.3667260408401489
2007-03-06,0.36486297845840454
2007-03-07,0.3630398213863373
2007-03-08,0.36125537753105164
2007-03-09,0.3595084846019745
2007-03-10,0.3577980399131775
2007-03-11,0.3561229407787323
2007-03-12,0.3544822037220001
2007-03-13,0.35287484526634216
2007-03-14,0.35129988193511963
2007-03-15,0.3497564196586609
2007-03-16,0.3482435941696167
2007-03-17,0.3467605710029602
2007-03-18,0.34530648589134216
2007-03-19,0.3438805937767029
2007-03-20,0.3424821197986603
2007-03-21,0.34111031889915466
2007-03-22,0.3397645056247711
2007-03-23,0.3384439945220947
2007-03-24,0.33714815974235535
2007-03-25,0.3358762860298157
2007-03-26,0.3346293866634369
2007-03-27,0.33341050148010254
2007-03-28,0.3322201073169708
2007-03-29,0.3310544788837433
2007-03-30,0.3298948109149933
2007-03-31,0.32874906063079834
2007-04-01,0.3276784420013428
2007-04-02,0.3270428776741028
2007-04-03,0.3279326260089874
2007-04-04,0.3320437967777252
2007-04-05,0.33992111682891846
2007-04-06,0.3488750755786896
2007-04-07,0.3536301255226135
2007-04-08,0.35236600041389465
2007-04-09,0.3479972779750824
2007-04-10,0.34412312507629395
2007-04-11,0.34164959192276
2007-04-12,0.3400295376777649
2007-04-13,0.3386935889720917
2007-04-14,0.33739322423934937
2007-04-15,0.33611634373664856
2007-04-16,0.33486291766166687
2007-04-17,0.3336326479911804
2007-04-18,0.33242490887641907
2007-04-19,0.33123907446861267
2007-04-20,0.3300745487213135
2007-04-21,0.32893070578575134
2007-04-22,0.32780706882476807
2007-04-23,0.32670313119888306
2007-04-24,0.3256184756755829
2007-04-25,0.32455259561538696
2007-04-26,0.32350513339042664
2007-04-27,0.3224755525588989
2007-04-28,0.32146352529525757
2007-04-29,0.32046857476234436
2007-04-30,0.31949037313461304
2007-05-01,0.3185284733772278
2007-05-02,0.31758254766464233
2007-05-03,0.31665223836898804
2007-05-04,0.31573721766471863
2007-05-05,0.3148467540740967
2007-05-06,0.31400278210639954
2007-05-07,0.31321147084236145
2007-05-08,0.3126097321510315
2007-05-09,0.3124455213546753
2007-05-10,0.31287726759910583
2007-05-11,0.3136409819126129
2007-05-12,0.3129093647003174
2007-05-13,0.31153106689453125
2007-05-14,0.3102966248989105
2007-05-15,0.30928555130958557
2007-05-16,0.30847811698913574
2007-05-17,0.30769336223602295
2007-05-18,0.3069207966327667
2007-05-19,0.30616018176078796
2007-05-20,0.3054780066013336
2007-05-21,0.30567285418510437
2007-05-22,0.30827799439430237
2007-05-23,0.31361570954322815
2007-05-24,0.3196362257003784
2007-05-25,0.3202591836452484
2007-05-26,0.3262555003166199
2007-05-27,0.35183990001678467
2007-05-28,0.4014151692390442
2007-05-29,0.456748902797699
2007-05-30,0.47101977467536926
2007-05-31,0.47102075815200806
2007-06-01,0.4574541449546814
2007-06-02,0.4428468942642212
2007-06-03,0.43471598625183105
2007-06-04,0.43023574352264404
2007-06-05,0.43517768383026123
2007-06-06,0.4575631320476532
2007-06-07,0.4992010295391083
2007-06-08,0.5385080575942993
2007-06-09,0.5436108708381653
2007-06-10,0.564570426940918
2007-06-11,0.6336233615875244
2007-06-12,0.7336148619651794
2007-06-13,0.7359263896942139
2007-06-14,0.6971266269683838
2007-06-15,0.665423572063446
2007-06-16,0.6459637880325317
2007-06-17,0.6384204030036926
2007-06-18,0.6329132914543152
2007-06-19,0.622543454170227
2007-06-20,0.6105077266693115
2007-06-21,0.5992903113365173
2007-06-22,0.5890657305717468
2007-06-23,0.5797597169876099
2007-06-24,0.5815083384513855
2007-06-25,0.6208540201187134
2007-06-26,0.7137248516082764
2007-06-27,0.8395611643791199
2007-06-28,0.8514243364334106
2007-06-29,0.837600588798523
2007-06-30,0.8935965895652771
2007-07-01,1.069639801979065
2007-07-02,1.440739393234253
2007-07-03,1.827341079711914
2007-07-04,2.041313886642456
2007-07-05,2.401003122329712
2007-07-06,3.205571174621582
2007-07-07,4.385471820831299
2007-07-08,4.156702995300293
2007-07-09,3.4509310722351074
2007-07-10,2.8811638355255127
2007-07-11,2.476970911026001
2007-07-12,2.198385238647461
2007-07-13,1.9858026504516602
2007-07-14,1.8137236833572388
2007-07-15,1.6715002059936523
2007-07-16,1.5520251989364624
2007-07-17,1.4780619144439697
2007-07-18,1.5154517889022827
2007-07-19,1.7061560153961182
2007-07-20,1.9677793979644775
2007-07-21,1.9102550745010376
2007-07-22,1.8019113540649414
2007-07-23,1.7304178476333618
2007-07-24,1.6070759296417236
2007-07-25,1.4903564453125
2007-07-26,1.3933863639831543
2007-07-27,1.3206793069839478
2007-07-28,1.2993406057357788
2007-07-29,1.3801134824752808
2007-07-30,1.5735384225845337
2007-07-31,1.7924031019210815
2007-08-01,1.7140624523162842
2007-08-02,1.5603981018066406
2007-08-03,1.4336962699890137
2007-08-04,1.336034893989563
2007-08-05,1.262747883796692
2007-08-06,1.1987906694412231
2007-08-07,1.142004370689392
2007-08-08,1.0912604331970215
2007-08-09,1.0456501245498657
2007-08-10,1.0044351816177368
2007-08-11,0.9670100212097168
2007-08-12,0.9328741431236267
2007-08-13,0.9016110897064209
2007-08-14,0.8728712201118469
2007-08-15,0.8463594913482666
2007-08-16,0.8218249082565308
2007-08-17,0.7990529537200928
2007-08-18,0.7778592705726624
2007-08-19,0.758084237575531
2007-08-20,0.7395892143249512
2007-08-21,0.7237318158149719
2007-08-22,0.7402580380439758
2007-08-23,0.8614510297775269
2007-08-24,1.1477209329605103
2007-08-25,1.5231516361236572
2007-08-26,1.537980556488037
2007-08-27,1.5799506902694702
2007-08-28,2.011549711227417
2007-08-29,3.0452120304107666
2007-08-30,4.203483581542969
2007-08-31,4.958795070648193
2007-09-01,5.913469314575195
2007-09-02,6.36218786239624
2007-09-03,10.25256061553955
2007-09-04,22.300371170043945
2007-09-05,29.885421752929688
2007-09-06,12.644452095031738
2007-09-07,7.725024223327637
2007-09-08,5.345625400543213
2007-09-09,4.0370049476623535
2007-09-10,3.3443219661712646
2007-09-11,2.8670897483825684
2007-09-12,2.513232469558716
2007-09-13,2.240402936935425
2007-09-14,2.0236876010894775
2007-09-15,1.8474870920181274
2007-09-16,1.701521396636963
2007-09-17,1.6177732944488525
2007-09-18,1.6899641752243042
2007-09-19,1.9851716756820679
2007-09-20,2.373812198638916
2007-09-21,2.235797643661499
2007-09-22,1.9841984510421753
2007-09-23,1.7811006307601929
2007-09-24,1.6270064115524292
2007-09-25,1.514052391052246
2007-09-26,1.4182380437850952
2007-09-27,1.3352686166763306
2007-09-28,1.2627464532852173
2007-09-29,1.1988296508789062
2007-09-30,1.1420830488204956
2007-10-01,1.091372013092041
2007-10-02,1.0457861423492432
2007-10-03,1.0045857429504395
2007-10-04,0.9671672582626343
2007-10-05,0.9330323934555054
2007-10-06,0.9017663598060608
2007-10-07,0.8736713528633118
2007-10-08,0.8500332236289978
2007-10-09,0.831255316734314
2007-10-10,0.8175047039985657
2007-10-11,0.8065718412399292
2007-10-12,0.8048861026763916
2007-10-13,0.8087851405143738
2007-10-14,0.7910188436508179
2007-10-15,0.7660476565361023
2007-10-16,0.7435904145240784
2007-10-17,0.7242621183395386
2007-10-18,0.7077805995941162
2007-10-19,0.6923596858978271
2007-10-20,0.6782076954841614
2007-10-21,0.6661891341209412
2007-10-22,0.6567081809043884
2007-10-23,0.6488872766494751
2007-10-24,0.6382016539573669
2007-10-25,0.6267158389091492
2007-10-26,0.6151436567306519
2007-10-27,0.6041153073310852
2007-10-28,0.5939702987670898
2007-10-29,0.5843898057937622
2007-10-30,0.5753170847892761
2007-10-31,0.5666501522064209
2007-11-01,0.5583588480949402
2007-11-02,0.5504193902015686
2007-11-03,0.5428098440170288
2007-11-04,0.5355101823806763
2007-11-05,0.5285018682479858
2007-11-06,0.5217679738998413
2007-11-07,0.5152927041053772
2007-11-08,0.5090615749359131
2007-11-09,0.5030611157417297
2007-11-10,0.4972788095474243
2007-11-11,0.491703063249588
2007-11-12,0.48632311820983887
2007-11-13,0.48112890124320984
2007-11-14,0.4761110842227936
2007-11-15,0.4712608754634857
2007-11-16,0.4665701389312744
2007-11-17,0.46203121542930603
2007-11-18,0.4576481282711029
2007-11-19,0.45382949709892273
2007-11-20,0.45150434970855713
2007-11-21,0.450982004404068
2007-11-22,0.451229989528656
2007-11-23,0.4476930797100067
2007-11-24,0.4426364004611969
2007-11-25,0.4379849135875702
2007-11-26,0.433904230594635
2007-11-27,0.43033716082572937
2007-11-28,0.42689257860183716
2007-11-29,0.4235444962978363
2007-11-30,0.42028898000717163
2007-12-01,0.41712233424186707
2007-12-02,0.41404110193252563
2007-12-03,0.4110419452190399
2007-12-04,0.4081217348575592
2007-12-05,0.4052775502204895
2007-12-06,0.4025065004825592
2007-12-07,0.3998059332370758
2007-12-08,0.3971732556819916
2007-12-09,0.3946060538291931
2007-12-10,0.3921019434928894
2007-12-11,0.38965871930122375
2007-12-12,0.38727429509162903
2007-12-13,0.3849466145038605
2007-12-14,0.38267379999160767
2007-12-15,0.3804539740085602
2007-12-16,0.37828537821769714
2007-12-17,0.37616637349128723
2007-12-18,0.37409529089927673
2007-12-19,0.3720706105232239
2007-12-20,0.37009087204933167
2007-12-21,0.3681546747684479
2007-12-22,0.3662606179714203
2007-12-23,0.3644074499607086
2007-12-24,0.3625939190387726
2007-12-25,0.3608188331127167
2007-12-26,0.3590810000896454
2007-12-27,0.35737937688827515
2007-12-28,0.355712890625
2007-12-29,0.3540804982185364
2007-12-30,0.35248124599456787
2007-12-31,0.3509141802787781
2008-01-01,0.34937840700149536
2008-01-02,0.3478730618953705
2008-01-03,0.3463972508907318
2008-01-04,0.34495025873184204
2008-01-05,0.34353122115135193
2008-01-06,0.34213942289352417
2008-01-07,0.34077414870262146
2008-01-08,0.3394346833229065
2008-01-09,0.33812034130096436
2008-01-10,0.33684042096138
2008-01-11,0.3356172740459442
2008-01-12,0.3344573676586151
2008-01-13,0.3333396017551422
2008-01-14,0.3321474492549896
2008-01-15,0.3309345245361328
2008-01-16,0.3297507166862488
2008-01-17,0.3286004364490509
2008-01-18,0.3274820148944855
2008-01-19,0.3263837993144989
2008-01-20,0.32530471682548523
2008-01-21,0.32424429059028625
2008-01-22,0.32320210337638855
2008-01-23,0.3221777081489563
2008-01-24,0.32117071747779846
2008-01-25,0.3201807141304016
2008-01-26,0.3192073106765747
2008-01-27,0.3182501196861267
2008-01-28,0.31730881333351135
2008-01-29,0.3163830041885376
2008-01-30,0.3154723644256592
2008-01-31,0.31457656621932983
2008-02-01,0.3136952817440033
2008-02-02,0.3128281533718109
2008-02-03,0.3119749426841736
2008-02-04,0.31113532185554504
2008-02-05,0.3103089928627014
2008-02-06,0.3094956874847412
2008-02-07,0.30869510769844055
2008-02-08,0.3079070448875427
2008-02-09,0.30713117122650146
2008-02-10,0.30636730790138245
2008-02-11,0.30562278628349304
2008-02-12,0.3049149513244629
2008-02-13,0.304248571395874
2008-02-14,0.303608238697052
2008-02-15,0.30290475487709045
2008-02-16,0.3021792471408844
2008-02-17,0.301470547914505
2008-02-18,0.3007824420928955
2008-02-19,0.3001137673854828
2008-02-20,0.2994554042816162
2008-02-21,0.29880669713020325
2008-02-22,0.29816746711730957
2008-02-23,0.29753750562667847
2008-02-24,0.296916663646698
2008-02-25,0.29630473256111145
2008-02-26,0.2957015931606293
2008-02-27,0.29510706663131714
2008-02-28,0.2945209741592407
2008-02-29,0.2939431667327881
2008-03-01,0.2933735251426697
2008-03-02,0.29281187057495117
2008-03-03,0.2922761142253876
2008-03-04,0.29180750250816345
2008-03-05,0.2914172410964966
2008-03-06,0.29106995463371277
2008-03-07,0.29055526852607727
2008-03-08,0.2899704575538635
2008-03-09,0.28940820693969727
2008-03-10,0.28887784481048584
2008-03-11,0.28837695717811584
2008-03-12,0.28788402676582336
2008-03-13,0.28739774227142334
2008-03-14,0.2869179844856262
2008-03-15,0.28644466400146484
2008-03-16,0.28597766160964966
2008-03-17,0.2855168282985687
2008-03-18,0.28506213426589966
2008-03-19,0.2846134305000305
2008-03-20,0.28417062759399414
2008-03-21,0.28373363614082336
2008-03-22,0.28330233693122864
2008-03-23,0.2828766405582428
2008-03-24,0.28245651721954346
2008-03-25,0.2820417881011963
2008-03-26,0.2816324234008789
2008-03-27,0.28122830390930176
2008-03-28,0.28082937002182007
2008-03-29,0.28043556213378906
2008-03-30,0.2800467312335968
2008-03-31,0.2796628475189209
2008-04-01,0.2792838215827942
2008-04-02,0.2789095938205719
2008-04-03,0.2785400450229645
2008-04-04,0.27817514538764954
2008-04-05,0.2778148353099823
2008-04-06,0.2774589955806732
2008-04-07,0.2771075665950775
2008-04-08,0.2767605185508728
2008-04-09,0.2764177620410919
2008-04-10,0.2760792374610901
2008-04-11,0.27574485540390015
2008-04-12,0.2754145860671997
2008-04-13,0.2750883400440216
2008-04-14,0.27476608753204346
2008-04-15,0.2744477689266205
2008-04-16,0.2741332948207855
2008-04-17,0.2738226354122162
2008-04-18,0.2735157310962677
2008-04-19,0.2732125222682953
2008-04-20,0.2729129493236542
2008-04-21,0.272616982460022
2008-04-22,0.2723245322704315
2008-04-23,0.2720356583595276
2008-04-24,0.2717505097389221
2008-04-25,0.2714690566062927
2008-04-26,0.2712285816669464
2008-04-27,0.27601540088653564
2008-04-28,0.3090673089027405
2008-04-29,0.40622708201408386
2008-04-30,0.5867730379104614
2008-05-01,0.7619742155075073
2008-05-02,0.7579143047332764
2008-05-03,0.6920489072799683
2008-05-04,0.6429380178451538
2008-05-05,0.6163985729217529
2008-05-06,0.605238139629364
2008-05-07,0.5953072905540466
2008-05-08,0.5858227610588074
2008-05-09,0.576766312122345
2008-05-10,0.5680856704711914
2008-05-11,0.5597552061080933
2008-05-12,0.551766037940979
2008-05-13,0.5441082715988159
2008-05-14,0.5367686748504639
2008-05-15,0.5297245383262634
2008-05-16,0.5280783772468567
2008-05-17,0.5580289363861084
2008-05-18,0.6632039546966553
2008-05-19,0.8646358251571655
2008-05-20,1.0558130741119385
2008-05-21,1.0415749549865723
2008-05-22,0.9625917673110962
2008-05-23,0.8999238610267639
2008-05-24,0.85866379737854
2008-05-25,0.832710325717926
2008-05-26,0.8092318773269653
2008-05-27,0.787372350692749
2008-05-28,0.7669832706451416
2008-05-29,0.7479264736175537
2008-05-30,0.7300776839256287
2008-05-31,0.7133262157440186
2008-06-01,0.6975740194320679
2008-06-02,0.6827340722084045
2008-06-03,0.6687293648719788
2008-06-04,0.655491054058075
2008-06-05,0.6429579257965088
2008-06-06,0.6319046020507812
2008-06-07,0.6242926716804504
2008-06-08,0.6233386993408203
2008-06-09,0.6328644752502441
2008-06-10,0.6455530524253845
2008-06-11,0.6612334847450256
2008-06-12,0.6563585996627808
2008-06-13,0.647472620010376
2008-06-14,0.6433821320533752
2008-06-15,0.6312688589096069
2008-06-16,0.6174466609954834
2008-06-17,0.6049172878265381
2008-06-18,0.5939391851425171
2008-06-19,0.5843853950500488
2008-06-20,0.5753142237663269
2008-06-21,0.5666707158088684
2008-06-22,0.5585221648216248
2008-06-23,0.550946056842804
2008-06-24,0.5438868403434753
2008-06-25,0.5369449257850647
2008-06-26,0.5298694968223572
2008-06-27,0.522953450679779
2008-06-28,0.5163458585739136
2008-06-29,0.5100427269935608
2008-06-30,0.5040044784545898
2008-07-01,0.4981880187988281
2008-07-02,0.49257996678352356
2008-07-03,0.5092348456382751
2008-07-04,0.6056745648384094
2008-07-05,0.8314173817634583
2008-07-06,1.1889170408248901
2008-07-07,1.3535791635513306
2008-07-08,1.5870420932769775
2008-07-09,1.9383399486541748
2008-07-10,1.9044380187988281
2008-07-11,1.9290385246276855
2008-07-12,2.235819101333618
2008-07-13,2.6741905212402344
2008-07-14,2.490591049194336
2008-07-15,2.1847121715545654
2008-07-16,1.9411057233810425
2008-07-17,1.7576595544815063
2008-07-18,1.6239224672317505
2008-07-19,1.5118995904922485
2008-07-20,1.4160434007644653
2008-07-21,1.3331665992736816
2008-07-22,1.2608299255371094
2008-07-23,1.1970845460891724
2008-07-24,1.1404802799224854
2008-07-25,1.0899007320404053
2008-07-26,1.0444432497024536
2008-07-27,1.0033568143844604
2008-07-28,0.9660357236862183
2008-07-29,0.9319860339164734
2008-07-30,0.9007963538169861
2008-07-31,0.8721207976341248
2008-08-01,0.8456658124923706
2008-08-02,0.8211817145347595
2008-08-03,0.7984550595283508
2008-08-04,0.777302086353302
2008-08-05,0.7575637698173523
2008-08-06,0.7391019463539124
2008-08-07,0.721795916557312
2008-08-08,0.7055400013923645
2008-08-09,0.6902409195899963
2008-08-10,0.6758161187171936
2008-08-11,0.6621924638748169
2008-08-12,0.6493048071861267
2008-08-13,0.6370947360992432
2008-08-14,0.625510036945343
2008-08-15,0.6147745847702026
2008-08-16,0.6055005788803101
2008-08-17,0.5979103446006775
2008-08-18,0.591334879398346
2008-08-19,0.58357173204422
2008-08-20,0.5783648490905762
2008-08-21,0.5776544809341431
2008-08-22,0.5792985558509827
2008-08-23,0.5750773549079895
2008-08-24,0.5731085538864136
2008-08-25,0.5849213600158691
2008-08-26,0.6141255497932434
2008-08-27,0.6650340557098389
2008-08-28,0.7058871388435364
2008-08-29,0.7066190838813782
2008-08-30,0.7106311917304993
2008-08-31,0.7447508573532104
2008-09-01,0.7896963357925415
2008-09-02,0.8600086569786072
2008-09-03,0.9013464450836182
2008-09-04,0.8742417693138123
2008-09-05,0.8510988354682922
2008-09-06,0.9729126691818237
2008-09-07,1.5261656045913696
2008-09-08,2.918654441833496
2008-09-09,4.416806221008301
2008-09-10,3.9094302654266357
2008-09-11,3.1906473636627197
2008-09-12,2.6723480224609375
2008-09-13,2.4356377124786377
2008-09-14,3.19563627243042
2008-09-15,7.563772678375244
2008-09-16,18.506086349487305
2008-09-17,22.03936004638672
2008-09-18,11.111763954162598
2008-09-19,7.051322937011719
2008-09-20,5.014339447021484
2008-09-21,3.8854849338531494
2008-09-22,3.249985456466675
2008-09-23,2.8040125370025635
2008-09-24,2.4696457386016846
2008-09-25,2.209493637084961
2008-09-26,2.001396894454956
2008-09-27,1.8312822580337524
2008-09-28,1.6897270679473877
2008-09-29,1.5701569318771362
2008-09-30,1.4678655862808228
2008-10-01,1.3794033527374268
2008-10-02,1.3021831512451172
2008-10-03,1.2342159748077393
2008-10-04,1.1739556789398193
2008-10-05,1.1201800107955933
2008-10-06,1.071912169456482
2008-10-07,1.0299609899520874
2008-10-08,0.997561514377594
2008-10-09,0.9758107662200928
2008-10-10,0.9593955874443054
2008-10-11,0.9293250441551208
2008-10-12,0.8958684206008911
2008-10-13,0.868367075920105
2008-10-14,0.8539249897003174
2008-10-15,0.8552928566932678
2008-10-16,0.8645592927932739
2008-10-17,0.8548277616500854
2008-10-18,0.8556334376335144
2008-10-19,0.8803744316101074
2008-10-20,0.9013986587524414
2008-10-21,0.8787180781364441
2008-10-22,0.842878520488739
2008-10-23,0.8119863867759705
2008-10-24,0.7870578765869141
2008-10-25,0.7666319608688354
2008-10-26,0.7476698160171509
2008-10-27,0.7314426898956299
2008-10-28,0.7216271162033081
2008-10-29,0.7197603583335876
2008-10-30,0.7215511798858643
2008-10-31,0.7083417177200317
2008-11-01,0.6897446513175964
2008-11-02,0.672849178314209
2008-11-03,0.6581382751464844
2008-11-04,0.64542555809021
2008-11-05,0.6334347724914551
2008-11-06,0.6220481991767883
2008-11-07,0.6112222075462341
2008-11-08,0.600916862487793
2008-11-09,0.5910958647727966
2008-11-10,0.5817264914512634
2008-11-11,0.5727786421775818
2008-11-12,0.5642246007919312
2008-11-13,0.5562203526496887
2008-11-14,0.5491801500320435
2008-11-15,0.5432529449462891
2008-11-16,0.5379660725593567
2008-11-17,0.5311555862426758
2008-11-18,0.5238687992095947
2008-11-19,0.5169621109962463
2008-11-20,0.5104938745498657
2008-11-21,0.5046475529670715
2008-11-22,0.49976029992103577
2008-11-23,0.496005654335022
2008-11-24,0.49285680055618286
2008-11-25,0.4877649247646332
2008-11-26,0.48195889592170715
2008-11-27,0.47647520899772644
2008-11-28,0.4713955819606781
2008-11-29,0.4666901230812073
2008-11-30,0.462147980928421
2008-12-01,0.45775049924850464
2008-12-02,0.4534910321235657
2008-12-03,0.4493633210659027
2008-12-04,0.4453614056110382
2008-12-05,0.44147974252700806
2008-12-06,0.43771305680274963
2008-12-07,0.43405646085739136
2008-12-08,0.43050527572631836
2008-12-09,0.42705512046813965
2008-12-10,0.42370176315307617
2008-12-11,0.4204413592815399
2008-12-12,0.41727015376091003
2008-12-13,0.4141846299171448
2008-12-14,0.4111814498901367
2008-12-15,0.40825745463371277
2008-12-16,0.40540963411331177
2008-12-17,0.4026351273059845
2008-12-18,0.3999312222003937
2008-12-19,0.39729535579681396
2008-12-20,0.3947250545024872
2008-12-21,0.3922180235385895
2008-12-22,0.389771968126297
2008-12-23,0.3873848021030426
2008-12-24,0.38505449891090393
2008-12-25,0.38277915120124817
2008-12-26,0.3805568814277649
2008-12-27,0.37838590145111084
2008-12-28,0.3762646019458771
2008-12-29,0.3741912841796875
2008-12-30,0.3721644878387451
2008-12-31,0.37018266320228577
2009-01-01,0.3682444393634796
2009-01-02,0.3663484454154968
2009-01-03,0.36449339985847473
2009-01-04,0.36267802119255066
2009-01-05,0.3609011471271515
2009-01-06,0.3591616153717041
2009-01-07,0.35745832324028015
2009-01-08,0.3557901978492737
2009-01-09,0.3541562259197235
2009-01-10,0.35255545377731323
2009-01-11,0.35098689794540405
2009-01-12,0.34944966435432434
2009-01-13,0.34794291853904724
2009-01-14,0.3464657664299011
2009-01-15,0.3450174033641815
2009-01-16,0.3436151444911957
2009-01-17,0.3423002064228058
2009-01-18,0.34108489751815796
2009-01-19,0.339930921792984
2009-01-20,0.3386262357234955
2009-01-21,0.3372690677642822
2009-01-22,0.33595043420791626
2009-01-23,0.33467864990234375
2009-01-24,0.33345094323158264
2009-01-25,0.33224666118621826
2009-01-26,0.33106404542922974
2009-01-27,0.32990261912345886
2009-01-28,0.3287618160247803
2009-01-29,0.32764118909835815
2009-01-30,0.3265490233898163
2009-01-31,0.3255053162574768
2009-02-01,0.3245157301425934
2009-02-02,0.32356178760528564
2009-02-03,0.32253992557525635
2009-02-04,0.3214977979660034
2009-02-05,0.32048001885414124
2009-02-06,0.3194906413555145
2009-02-07,0.3185282051563263
2009-02-08,0.31758227944374084
2009-02-09,0.31665197014808655
2009-02-10,0.31573694944381714
2009-02-11,0.3148368299007416
2009-02-12,0.3139513432979584
2009-02-13,0.3130801022052765
2009-02-14,0.3122228682041168
2009-02-15,0.3113792836666107
2009-02-16,0.3105491101741791
2009-02-17,0.30973201990127563
2009-02-18,0.3089277744293213
2009-02-19,0.30813607573509216
2009-02-20,0.30735665559768677
2009-02-21,0.3066398799419403
2009-02-22,0.3061016798019409
2009-02-23,0.3057752847671509
2009-02-24,0.30555984377861023
2009-02-25,0.3048655092716217
2009-02-26,0.3039657473564148
2009-02-27,0.3031192719936371
2009-02-28,0.3023519515991211
2009-03-01,0.30165719985961914
2009-03-02,0.30097606778144836
2009-03-03,0.300305038690567
2009-03-04,0.299643874168396
2009-03-05,0.29899242520332336
2009-03-06,0.2983504831790924
2009-03-07,0.2977178692817688
2009-03-08,0.2970944046974182
2009-03-09,0.2964799404144287
2009-03-10,0.29587429761886597
2009-03-11,0.29527729749679565
2009-03-12,0.29468879103660583
2009-03-13,0.29410862922668457
2009-03-14,0.29353663325309753
2009-03-15,0.2929726839065552
2009-03-16,0.29241663217544556
2009-03-17,0.29186832904815674
2009-03-18,0.29132765531539917
2009-03-19,0.2907944321632385
2009-03-20,0.2902688980102539
2009-03-21,0.2897516191005707
2009-03-22,0.2892427146434784
2009-03-23,0.2887413799762726
2009-03-24,0.2882438004016876
2009-03-25,0.28775155544281006
2009-03-26,0.28726619482040405
2009-03-27,0.2867877781391144
2009-03-28,0.2863161861896515
2009-03-29,0.28585085272789
2009-03-30,0.28539174795150757
2009-03-31,0.2849386930465698
2009-04-01,0.2844915986061096
2009-04-02,0.2840504050254822
2009-04-03,0.28361496329307556
2009-04-04,0.283185213804245
2009-04-05,0.2827610671520233
2009-04-06,0.28234240412712097
2009-04-07,0.2819291651248932
2009-04-08,0.2815212607383728
2009-04-09,0.28111857175827026
2009-04-10,0.2807210385799408
2009-04-11,0.2803286015987396
2009-04-12,0.2799411416053772
2009-04-13,0.27955859899520874
2009-04-14,0.2791808843612671
2009-04-15,0.27880793809890747
2009-04-16,0.2784397006034851
2009-04-17,0.27807605266571045
2009-04-18,0.2777169644832611
2009-04-19,0.2773906886577606
2009-04-20,0.27736249566078186
2009-04-21,0.2781071066856384
2009-04-22,0.2796937823295593
2009-04-23,0.2814096212387085
2009-04-24,0.28106486797332764
2009-04-25,0.2798862159252167
2009-04-26,0.27892622351646423
2009-04-27,0.2782886326313019
2009-04-28,0.27791324257850647
2009-04-29,0.27755609154701233
2009-04-30,0.27720341086387634
2009-05-01,0.27685514092445374
2009-05-02,0.27651116251945496
2009-05-03,0.27617147564888
2009-05-04,0.27583596110343933
2009-05-05,0.2755095064640045
2009-05-06,0.27520328760147095
2009-05-07,0.27492016553878784
2009-05-08,0.2746506631374359
2009-05-09,0.27433741092681885
2009-05-10,0.2740068733692169
2009-05-11,0.27368438243865967
2009-05-12,0.2733725905418396
2009-05-13,0.273070752620697
2009-05-14,0.2727729082107544
2009-05-15,0.2724897861480713
2009-05-16,0.27224674820899963
2009-05-17,0.2760903537273407
2009-05-18,0.293361634016037
2009-05-19,0.3273839056491852
2009-05-20,0.37139105796813965
2009-05-21,0.3739570677280426
2009-05-22,0.3580089211463928
2009-05-23,0.345563679933548
2009-05-24,0.3388049602508545
2009-05-25,0.3372260630130768
2009-05-26,0.33594802021980286
2009-05-27,0.3346942067146301
2009-05-28,0.333464115858078
2009-05-29,0.340143084526062
2009-05-30,0.37797051668167114
2009-05-31,0.4742368757724762
2009-06-01,0.6461943984031677
2009-06-02,0.7889984250068665
2009-06-03,0.880574643611908
2009-06-04,0.9008132219314575
2009-06-05,0.8824072480201721
2009-06-06,0.8416139483451843
2009-06-07,0.8030135035514832
2009-06-08,0.7753995656967163
2009-06-09,0.7537389397621155
2009-06-10,0.7355495691299438
2009-06-11,0.7185409665107727
2009-06-12,0.7025284171104431
2009-06-13,0.6874451637268066
2009-06-14,0.6732206344604492
2009-06-15,0.6597654223442078
2009-06-16,0.6470170021057129
2009-06-17,0.6349274516105652
2009-06-18,0.6234513521194458
2009-06-19,0.6125456690788269
2009-06-20,0.6021689176559448
2009-06-21,0.5922834277153015
2009-06-22,0.5828551054000854
2009-06-23,0.5738527774810791
2009-06-24,0.5670278072357178
2009-06-25,0.5786323547363281
2009-06-26,0.6414356827735901
2009-06-27,0.7725957632064819
2009-06-28,0.9216390252113342
2009-06-29,0.9173290729522705
2009-06-30,0.8580913543701172
2009-07-01,0.8103707432746887
2009-07-02,0.7803359627723694
2009-07-03,0.7658805847167969
2009-07-04,0.7543366551399231
2009-07-05,0.7373932003974915
2009-07-06,0.7189733386039734
2009-07-07,0.7018956542015076
2009-07-08,0.6863030195236206
2009-07-09,0.6720738410949707
2009-07-10,0.6586540937423706
2009-07-11,0.6459538340568542
2009-07-12,0.6339166760444641
2009-07-13,0.6224918961524963
2009-07-14,0.611633837223053
2009-07-15,0.6013010740280151
2009-07-16,0.591456413269043
2009-07-17,0.5820659399032593
2009-07-18,0.5730989575386047
2009-07-19,0.5645274519920349
2009-07-20,0.5563257932662964
2009-07-21,0.5484705567359924
2009-07-22,0.5409402847290039
2009-07-23,0.5337153077125549
2009-07-24,0.526777446269989
2009-07-25,0.520110011100769
2009-07-26,0.5136975049972534
2009-07-27,0.5075256824493408
2009-07-28,0.5015813708305359
2009-07-29,0.49585217237472534
2009-07-30,0.49032682180404663
2009-07-31,0.4849946200847626
2009-08-01,0.4798457622528076
2009-08-02,0.47487103939056396
2009-08-03,0.4700618386268616
2009-08-04,0.46541011333465576
2009-08-05,0.4609083831310272
2009-08-06,0.4565495550632477
2009-08-07,0.45232707262039185
2009-08-08,0.4482347071170807
2009-08-09,0.4442666172981262
2009-08-10,0.4404173493385315
2009-08-11,0.43668171763420105
2009-08-12,0.4330548346042633
2009-08-13,0.42953217029571533
2009-08-14,0.42610934376716614
2009-08-15,0.4227822422981262
2009-08-16,0.41954705119132996
2009-08-17,0.41640007495880127
2009-08-18,0.4133378267288208
2009-08-19,0.4103570580482483
2009-08-20,0.40745460987091064
2009-08-21,0.4046275019645691
2009-08-22,0.4018729627132416
2009-08-23,0.3991883099079132
2009-08-24,0.39657098054885864
2009-08-25,0.39401859045028687
2009-08-26,0.39152878522872925
2009-08-27,0.3890993893146515
2009-08-28,0.38672831654548645
2009-08-29,0.38441354036331177
2009-08-30,0.3825070858001709
2009-08-31,0.38183844089508057
2009-09-01,0.38268810510635376
2009-09-02,0.38429203629493713
2009-09-03,0.38648489117622375
2009-09-04,0.41514137387275696
2009-09-05,0.5249233245849609
2009-09-06,0.7772575616836548
2009-09-07,1.1305899620056152
2009-09-08,1.3299750089645386
2009-09-09,1.4363908767700195
2009-09-10,2.165992021560669
2009-09-11,5.483769416809082
2009-09-12,14.25241470336914
2009-09-13,23.804105758666992
2009-09-14,20.934898376464844
2009-09-15,20.949851989746094
2009-09-16,10.761961936950684
2009-09-17,6.963899612426758
2009-09-18,5.470880508422852
2009-09-19,5.152824401855469
2009-09-20,5.225650310516357
2009-09-21,4.303590297698975
2009-09-22,3.507375478744507
2009-09-23,2.9497809410095215
2009-09-24,2.5533976554870605
2009-09-25,2.26967191696167
2009-09-26,2.0470170974731445
2009-09-27,1.8670384883880615
2009-09-28,1.7184418439865112
2009-09-29,1.5935826301574707
2009-09-30,1.4871851205825806
2009-10-01,1.3954944610595703
2009-10-02,1.3157241344451904
2009-10-03,1.2802927494049072
2009-10-04,1.3771580457687378
2009-10-05,1.6749581098556519
2009-10-06,2.07218861579895
2009-10-07,1.9873932600021362
2009-10-08,1.7799136638641357
2009-10-09,1.6100621223449707
2009-10-10,1.4818917512893677
2009-10-11,1.389675498008728
2009-10-12,1.310523509979248
2009-10-13,1.241131067276001
2009-10-14,1.1797970533370972
2009-10-15,1.1251919269561768
2009-10-16,1.0762689113616943
2009-10-17,1.0321911573410034
2009-10-18,0.9922791123390198
2009-10-19,0.9559734463691711
2009-10-20,0.9228084683418274
2009-10-21,0.8923919796943665
2009-10-22,0.864393949508667
2009-10-23,0.8385354280471802
2009-10-24,0.8145792484283447
2009-10-25,0.7923222184181213
2009-10-26,0.7715891599655151
2009-10-27,0.7602455615997314
2009-10-28,0.7781312465667725
2009-10-29,0.8358956575393677
2009-10-30,0.9125741124153137
2009-10-31,0.9011126756668091
2009-11-01,0.8572452664375305
2009-11-02,0.8195778131484985
2009-11-03,0.7907341122627258
2009-11-04,0.7699140310287476
2009-11-05,0.7507670521736145
2009-11-06,0.7328185439109802
2009-11-07,0.7159613966941833
2009-11-08,0.7001007199287415
2009-11-09,0.6851518750190735
2009-11-10,0.6710394024848938
2009-11-11,0.6576959490776062
2009-11-12,0.6450614333152771
2009-11-13,0.6330816745758057
2009-11-14,0.6217076778411865
2009-11-15,0.6108947396278381
2009-11-16,0.6006025075912476
2009-11-17,0.5907943248748779
2009-11-18,0.5814369320869446
2009-11-19,0.5725001692771912
2009-11-20,0.5639565587043762
2009-11-21,0.5557807683944702
2009-11-22,0.5479494333267212
2009-11-23,0.5404413938522339
2009-11-24,0.5332544445991516
2009-11-25,0.5264120697975159
2009-11-26,0.5199134945869446
2009-11-27,0.5137009620666504
2009-11-28,0.5075564384460449
2009-11-29,0.5015672445297241
2009-11-30,0.4958380460739136
2009-12-01,0.49217450618743896
2009-12-02,0.4947578012943268
2009-12-03,0.5051866173744202
2009-12-04,0.5190243721008301
2009-12-05,0.5153583884239197
2009-12-06,0.504525899887085
2009-12-07,0.4951232075691223
2009-12-08,0.48792383074760437
2009-12-09,0.4828275442123413
2009-12-10,0.4782107472419739
2009-12-11,0.473855197429657
2009-12-12,0.4691709578037262
2009-12-13,0.4644315242767334
2009-12-14,0.4598708152770996
2009-12-15,0.4557577967643738
2009-12-16,0.4526868462562561
2009-12-17,0.45082733035087585
2009-12-18,0.4495850205421448
2009-12-19,0.4459471106529236
2009-12-20,0.44135162234306335
2009-12-21,0.43704843521118164
2009-12-22,0.43314528465270996
2009-12-23,0.4296111464500427
2009-12-24,0.42619022727012634
2009-12-25,0.42286449670791626
2009-12-26,0.4203762114048004
2009-12-27,0.42049017548561096
2009-12-28,0.4238490164279938
2009-12-29,0.4287959337234497
2009-12-30,0.42642244696617126
2009-12-31,0.420946329832077
2010-01-01,0.4161036014556885
2010-01-02,0.4122315049171448
2010-01-03,0.40924566984176636
2010-01-04,0.4063791036605835
2010-01-05,0.4035862386226654
2010-01-06,0.40086451172828674
2010-01-07,0.39821070432662964
2010-01-08,0.3956509232521057
2010-01-09,0.39325058460235596
2010-01-10,0.3910306692123413
2010-01-11,0.38892632722854614
2010-01-12,0.38729923963546753
2010-01-13,0.3879568874835968
2010-01-14,0.39161959290504456
2010-01-15,0.3970754146575928
2010-01-16,0.396633505821228
2010-01-17,0.3944099247455597
2010-01-18,0.39333412051200867
2010-01-19,0.3904202878475189
2010-01-20,0.3871486783027649
2010-01-21,0.38418349623680115
2010-01-22,0.38161343336105347
2010-01-23,0.3794061243534088
2010-01-24,0.37726467847824097
2010-01-25,0.37517109513282776
2010-01-26,0.3731241226196289
2010-01-27,0.37112247943878174
2010-01-28,0.3691648244857788
2010-01-29,0.36724984645843506
2010-01-30,0.36537617444992065
2010-01-31,0.3635425865650177
2010-02-01,0.36174795031547546
2010-02-02,0.3599911332130432
2010-02-03,0.35875603556632996
2010-02-04,0.35986045002937317
2010-02-05,0.36529698967933655
2010-02-06,0.37463364005088806
2010-02-07,0.3806464970111847
2010-02-08,0.37780213356018066
2010-02-09,0.37240514159202576
2010-02-10,0.3682015538215637
2010-02-11,0.3654686510562897
2010-02-12,0.3635961711406708
2010-02-13,0.3618048429489136
2010-02-14,0.36005115509033203
2010-02-15,0.35833391547203064
2010-02-16,0.3566514253616333
2010-02-17,0.35500258207321167
2010-02-18,0.3538740277290344
2010-02-19,0.35440322756767273
2010-02-20,0.3569636940956116
2010-02-21,0.3605402410030365
2010-02-22,0.3593652844429016
2010-02-23,0.3561275005340576
2010-02-24,0.353306382894516
2010-02-25,0.3511403799057007
2010-02-26,0.34957194328308105
2010-02-27,0.3480641841888428
2010-02-28,0.34658583998680115
2010-03-01,0.34513601660728455
2010-03-02,0.34371405839920044
2010-03-03,0.34231922030448914
2010-03-04,0.3409508466720581
2010-03-05,0.3396082818508148
2010-03-06,0.33829089999198914
2010-03-07,0.3369980454444885
2010-03-08,0.33574074506759644
2010-03-09,0.3345453143119812
2010-03-10,0.33341941237449646
2010-03-11,0.3323385417461395
2010-03-12,0.33116620779037476
2010-03-13,0.3299652934074402
2010-03-14,0.3287944793701172
2010-03-15,0.3276589810848236
2010-03-16,0.3265569508075714
2010-03-17,0.3254748582839966
2010-03-18,0.3244115114212036
2010-03-19,0.3233664631843567
2010-03-20,0.3223392963409424
2010-03-21,0.3213295638561249
2010-03-22,0.32033687829971313
2010-03-23,0.3193608522415161
2010-03-24,0.31840112805366516
2010-03-25,0.31745731830596924
2010-03-26,0.3165290653705597
2010-03-27,0.31561604142189026
2010-03-28,0.3147179186344147
2010-03-29,0.3138343095779419
2010-03-30,0.3129649758338928
2010-03-31,0.3121095597743988
2010-04-01,0.31126779317855835
2010-04-02,0.3104393780231476
2010-04-03,0.3096240162849426
2010-04-04,0.3088214695453644
2010-04-05,0.3080314099788666
2010-04-06,0.3072536289691925
2010-04-07,0.3064878582954407
2010-04-08,0.305733859539032
2010-04-09,0.30499139428138733
2010-04-10,0.3042602241039276
2010-04-11,0.3035401403903961
2010-04-12,0.30283087491989136
2010-04-13,0.302653431892395
2010-04-14,0.30743488669395447
2010-04-15,0.3251363933086395
2010-04-16,0.38721343874931335
2010-04-17,0.5949921607971191
2010-04-18,1.1895543336868286
2010-04-19,2.8562569618225098
2010-04-20,4.939009666442871
2010-04-21,5.810441970825195
2010-04-22,4.71031379699707
2010-04-23,3.7368977069854736
2010-04-24,3.122420072555542
2010-04-25,2.7276113033294678
2010-04-26,2.422149181365967
2010-04-27,2.1724612712860107
2010-04-28,1.9703140258789062
2010-04-29,1.8045121431350708
2010-04-30,1.666908860206604
2010-05-01,1.5502902269363403
2010-05-02,1.4501937627792358
2010-05-03,1.3634181022644043
2010-05-04,1.2875897884368896
2010-05-05,1.220850944519043
2010-05-06,1.1617077589035034
2010-05-07,1.108952522277832
2010-05-08,1.0616127252578735
2010-05-09,1.0189017057418823
2010-05-10,0.9806382060050964
2010-05-11,0.947722852230072
2010-05-12,0.9209297895431519
2010-05-13,0.8991002440452576
2010-05-14,0.8767149448394775
2010-05-15,0.8544595837593079
2010-05-16,0.8366198539733887
2010-05-17,0.820516049861908
2010-05-18,0.8246469497680664
2010-05-19,0.904945433139801
2010-05-20,1.1093852519989014
2010-05-21,1.3887550830841064
2010-05-22,1.376029133796692
2010-05-23,1.2678800821304321
2010-05-24,1.1787148714065552
2010-05-25,1.1094366312026978
2010-05-26,1.0608998537063599
2010-05-27,1.0178920030593872
2010-05-28,0.9790669083595276
2010-05-29,0.9439280033111572
2010-05-30,0.9117810130119324
2010-05-31,0.8822510242462158
2010-06-01,0.8550323843955994
2010-06-02,0.8298648595809937
2010-06-03,0.8090701699256897
2010-06-04,0.7986804842948914
2010-06-05,0.8012987971305847
2010-06-06,0.8096561431884766
2010-06-07,0.7928468585014343
2010-06-08,0.7679620385169983
2010-06-09,0.7483255863189697
2010-06-10,0.7354410290718079
2010-06-11,0.7269007563591003
2010-06-12,0.7117758989334106
2010-06-13,0.6945858597755432
2010-06-14,0.6786982417106628
2010-06-15,0.6643021106719971
2010-06-16,0.6513056755065918
2010-06-17,0.6391506195068359
2010-06-18,0.627784788608551
2010-06-19,0.6170663237571716
2010-06-20,0.606534481048584
2010-06-21,0.5963638424873352
2010-06-22,0.5866851210594177
2010-06-23,0.5774794220924377
2010-06-24,0.5687142014503479
2010-06-25,0.5603328943252563
2010-06-26,0.5523092746734619
2010-06-27,0.5446210503578186
2010-06-28,0.5372476577758789
2010-06-29,0.5304175615310669
2010-06-30,0.5259161591529846
2010-07-01,0.6164122223854065
2010-07-02,1.133873701095581
2010-07-03,2.9927165508270264
2010-07-04,6.7735819816589355
2010-07-05,6.448485374450684
2010-07-06,5.166460990905762
2010-07-07,5.134167671203613
2010-07-08,7.105700969696045
2010-07-09,10.849081993103027
2010-07-10,12.087289810180664
2010-07-11,14.562620162963867
2010-07-12,14.996705055236816
2010-07-13,8.977388381958008
2010-07-14,6.075491905212402
2010-07-15,4.515966415405273
2010-07-16,3.594741106033325
2010-07-17,3.0349597930908203
2010-07-18,2.6333558559417725
2010-07-19,2.329249143600464
2010-07-20,2.091230869293213
2010-07-21,1.9000898599624634
2010-07-22,1.7714184522628784
2010-07-23,2.038592576980591
2010-07-24,3.863297462463379
2010-07-25,9.54443073272705
2010-07-26,14.88730525970459
2010-07-27,9.151453018188477
2010-07-28,6.2955193519592285
2010-07-29,4.957197666168213
2010-07-30,4.354348659515381
2010-07-31,3.875175714492798
2010-08-01,3.282660961151123
2010-08-02,2.8040924072265625
2010-08-03,2.4483482837677
2010-08-04,2.180947780609131
2010-08-05,1.9733796119689941
2010-08-06,1.8044744729995728
2010-08-07,1.6643192768096924
2010-08-08,1.546278715133667
2010-08-09,1.4455900192260742
2010-08-10,1.3721940517425537
2010-08-11,1.3563531637191772
2010-08-12,1.4129843711853027
2010-08-13,1.4973816871643066
2010-08-14,1.4358022212982178
2010-08-15,1.3345327377319336
2010-08-16,1.2482001781463623
2010-08-17,1.1785683631896973
2010-08-18,1.1235860586166382
2010-08-19,1.0747321844100952
2010-08-20,1.0307379961013794
2010-08-21,0.9909140467643738
2010-08-22,0.9546940326690674
2010-08-23,0.9216088056564331
2010-08-24,0.891266942024231
2010-08-25,0.8633391857147217
2010-08-26,0.8375468850135803
2010-08-27,0.8136528134346008
2010-08-28,0.7914535999298096
2010-08-29,0.7707741260528564
2010-08-30,0.7514625787734985
2010-08-31,0.7333868145942688
2010-09-01,0.716431200504303
2010-09-02,0.7004941701889038
2010-09-03,0.6864558458328247
2010-09-04,0.6956188678741455
2010-09-05,0.7787633538246155
2010-09-06,0.9720224738121033
2010-09-07,1.2307735681533813
2010-09-08,1.2707427740097046
2010-09-09,1.271715760231018
2010-09-10,1.3062223196029663
2010-09-11,1.247815489768982
2010-09-12,1.1717369556427002
2010-09-13,1.1065467596054077
2010-09-14,1.0535398721694946
2010-09-15,1.0114866495132446
2010-09-16,0.9735672473907471
2010-09-17,0.9389521479606628
2010-09-18,0.9128968715667725
2010-09-19,0.9204304814338684
2010-09-20,1.018149733543396
2010-09-21,1.3697352409362793
2010-09-22,2.3538331985473633
2010-09-23,4.589733600616455
2010-09-24,7.331063270568848
2010-09-25,6.74930477142334
2010-09-26,5.6438493728637695
2010-09-27,6.0434746742248535
2010-09-28,8.053126335144043
2010-09-29,9.052022933959961
2010-09-30,6.554860591888428
2010-10-01,4.851578712463379
2010-10-02,3.8149755001068115
2010-10-03,3.1583657264709473
2010-10-04,2.7307488918304443
2010-10-05,2.4118781089782715
2010-10-06,2.164051055908203
2010-10-07,1.9664260149002075
2010-10-08,1.8047236204147339
2010-10-09,1.669286847114563
2010-10-10,1.5540803670883179
2010-10-11,1.4549559354782104
2010-10-12,1.3688327074050903
2010-10-13,1.293365240097046
2010-10-14,1.2267346382141113
2010-10-15,1.167517900466919
2010-10-16,1.1145802736282349
2010-10-17,1.0670030117034912
2010-10-18,1.024027705192566
2010-10-19,0.9850243926048279
2010-10-20,0.9494704604148865
2010-10-21,0.9169307351112366
2010-10-22,0.8870407938957214
2010-10-23,0.859492838382721
2010-10-24,0.8340242505073547
2010-10-25,0.8104093074798584
2010-10-26,0.7884534001350403
2010-10-27,0.767987847328186
2010-10-28,0.7510402202606201
2010-10-29,0.7437836527824402
2010-10-30,0.7509241104125977
2010-10-31,0.7676440477371216
2010-11-01,0.7645339369773865
2010-11-02,0.7433120012283325
2010-11-03,0.7203241586685181
2010-11-04,0.7008407115936279
2010-11-05,0.6849509477615356
2010-11-06,0.6708089709281921
2010-11-07,0.6574803590774536
2010-11-08,0.6448608636856079
2010-11-09,0.6328954100608826
2010-11-10,0.6215341091156006
2010-11-11,0.6107321977615356
2010-11-12,0.6004495620727539
2010-11-13,0.5908799767494202
2010-11-14,0.582546055316925
2010-11-15,0.5756374001502991
2010-11-16,0.5695402026176453
2010-11-17,0.56151282787323
2010-11-18,0.5528926849365234
2010-11-19,0.5447515845298767
2010-11-20,0.5371595025062561
2010-11-21,0.5300762057304382
2010-11-22,0.5232822895050049
2010-11-23,0.5167502760887146
2010-11-24,0.5104653239250183
2010-11-25,0.5044137239456177
2010-11-26,0.49858295917510986
2010-11-27,0.49296119809150696
2010-11-28,0.48753756284713745
2010-11-29,0.48230186104774475
2010-11-30,0.47724461555480957
2010-12-01,0.472356915473938
2010-12-02,0.46763044595718384
2010-12-03,0.4630575180053711
2010-12-04,0.4586308002471924
2010-12-05,0.4543435573577881
2010-12-06,0.4501893222332001
2010-12-07,0.4461621344089508
2010-12-08,0.442256361246109
2010-12-09,0.4384666383266449
2010-12-10,0.4347880184650421
2010-12-11,0.43121573328971863
2010-12-12,0.42774537205696106
2010-12-13,0.42437270283699036
2010-12-14,0.42109373211860657
2010-12-15,0.41790470480918884
2010-12-16,0.41480210423469543
2010-12-17,0.41178250312805176
2010-12-18,0.40884271264076233
2010-12-19,0.4059796929359436
2010-12-20,0.403190553188324
2010-12-21,0.40047258138656616
2010-12-22,0.39782312512397766
2010-12-23,0.39523977041244507
2010-12-24,0.392720103263855
2010-12-25,0.3902618885040283
2010-12-26,0.3878629803657532
2010-12-27,0.3855213224887848
2010-12-28,0.38323500752449036
2010-12-29,0.38100212812423706
2010-12-30,0.37882092595100403
2010-12-31,0.37668970227241516
