date,qsim_mm
1981-01-01,0.7874960899353027
1981-01-02,1.012468934059143
1981-01-03,1.157717227935791
1981-01-04,1.2907084226608276
1981-01-05,1.4067003726959229
1981-01-06,3.1134049892425537
1981-01-07,4.115426540374756
1981-01-08,4.335319519042969
1981-01-09,4.320036888122559
1981-01-10,3.741424322128296
1981-01-11,3.388112783432007
1981-01-12,3.1143078804016113
1981-01-13,2.8921594619750977
1981-01-14,2.7050657272338867
1981-01-15,2.5437796115875244
1981-01-16,2.4029977321624756
1981-01-17,2.279942035675049
1981-01-18,2.172962188720703
1981-01-19,2.078782796859741
1981-01-20,1.9933617115020752
1981-01-21,1.9172122478485107
1981-01-22,2.517071008682251
1981-01-23,2.7910213470458984
1981-01-24,2.4538402557373047
1981-01-25,2.285747528076172
1981-01-26,2.144411087036133
1981-01-27,2.021599769592285
1981-01-28,1.913385272026062
1981-01-29,1.8170711994171143
1981-01-30,1.730755090713501
1981-01-31,1.652770757675171
1981-02-01,1.9548879861831665
1981-02-02,2.096475124359131
1981-02-03,1.8839911222457886
1981-02-04,1.779346227645874
1981-02-05,1.6887292861938477
1981-02-06,1.6083945035934448
1981-02-07,1.5366374254226685
1981-02-08,1.4718950986862183
1981-02-09,1.4131145477294922
1981-02-10,1.3594046831130981
1981-02-11,1.3103293180465698
1981-02-12,1.2657077312469482
1981-02-13,1.2249337434768677
1981-02-14,1.1874498128890991
1981-02-15,1.1528418064117432
1981-02-16,1.1206908226013184
1981-02-17,1.0907235145568848
1981-02-18,1.0627185106277466
1981-02-19,1.0364960432052612
1981-02-20,1.0119141340255737
1981-02-21,0.9888478517532349
1981-02-22,0.9877992868423462
1981-02-23,0.981155514717102
1981-02-24,0.9522737860679626
1981-02-25,0.9327878952026367
1981-02-26,0.9145348072052002
1981-02-27,0.8973143100738525
1981-02-28,0.8810580968856812
1981-03-01,0.8657034635543823
1981-03-02,0.8511808514595032
1981-03-03,0.8374439477920532
1981-03-04,0.8244307637214661
1981-03-05,0.8120713829994202
1981-03-06,0.8003370761871338
1981-03-07,0.7891860008239746
1981-03-08,0.7796776294708252
1981-03-09,0.7703530192375183
1981-03-10,0.7601713538169861
1981-03-11,0.7509449124336243
1981-03-12,0.7421467900276184
1981-03-13,0.7337429523468018
1981-03-14,0.7257076501846313
1981-03-15,0.7180184125900269
1981-03-16,0.7106569409370422
1981-03-17,0.7036060094833374
1981-03-18,0.6968446373939514
1981-03-19,0.6903557777404785
1981-03-20,0.6841258406639099
1981-03-21,0.6781403422355652
1981-03-22,0.6723861694335938
1981-03-23,0.6668516993522644
1981-03-24,0.661525547504425
1981-03-25,0.6563969254493713
1981-03-26,0.6514557003974915
1981-03-27,0.6466928124427795
1981-03-28,0.6420996785163879
1981-03-29,0.6376681923866272
1981-03-30,0.6333901286125183
1981-03-31,0.6292585730552673
1981-04-01,0.6252668499946594
1981-04-02,0.6214085221290588
1981-04-03,0.6176776885986328
1981-04-04,0.6140686869621277
1981-04-05,0.6105762124061584
1981-04-06,0.6071951985359192
1981-04-07,0.6039209961891174
1981-04-08,0.600749135017395
1981-04-09,0.5976752638816833
1981-04-10,0.5946954488754272
1981-04-11,0.5918059349060059
1981-04-12,0.5890031456947327
1981-04-13,0.5862835645675659
1981-04-14,0.5848768353462219
1981-04-15,0.5832065343856812
1981-04-16,0.5799710154533386
1981-04-17,0.5786406397819519
1981-04-18,0.5783603191375732
1981-04-19,0.5762798190116882
1981-04-20,0.5732004046440125
1981-04-21,0.570925235748291
1981-04-22,0.5687239170074463
1981-04-23,0.5672039985656738
1981-04-24,0.5655731558799744
1981-04-25,0.5631669163703918
1981-04-26,0.5611726641654968
1981-04-27,0.5592371225357056
1981-04-28,0.5573530793190002
1981-04-29,0.5575264096260071
1981-04-30,0.5602541565895081
1981-05-01,0.5594955682754517
1981-05-02,0.902759850025177
1981-05-03,1.1603161096572876
1981-05-04,0.9691948294639587
1981-05-05,0.9463152885437012
1981-05-06,0.9271735548973083
1981-05-07,0.9090937376022339
1981-05-08,0.8920193910598755
1981-05-09,0.8758904337882996
1981-05-10,0.8606537580490112
1981-05-11,0.9262005090713501
1981-05-12,0.9668398499488831
1981-05-13,0.9135351777076721
1981-05-14,0.8955070376396179
1981-05-15,0.9514137506484985
1981-05-16,0.9845244884490967
1981-05-17,0.9336962103843689
1981-05-18,0.9143874049186707
1981-05-19,0.8967119455337524
1981-05-20,1.2031515836715698
1981-05-21,3.554993152618408
1981-05-22,5.230118274688721
1981-05-23,5.126954555511475
1981-05-24,4.476197242736816
1981-05-25,3.628530979156494
1981-05-26,3.112380027770996
1981-05-27,2.7380013465881348
1981-05-28,2.4525370597839355
1981-05-29,4.8650712966918945
1981-05-30,5.548589706420898
1981-05-31,4.136821746826172
1981-06-01,3.4485890865325928
1981-06-02,2.977797269821167
1981-06-03,2.6319658756256104
1981-06-04,2.3666746616363525
1981-06-05,2.9505739212036133
1981-06-06,3.1178314685821533
1981-06-07,2.6353390216827393
1981-06-08,2.3755321502685547
1981-06-09,2.170531749725342
1981-06-10,2.00146484375
1981-06-11,1.8602204322814941
1981-06-12,1.7405966520309448
1981-06-13,1.6380443572998047
1981-06-14,1.6498609781265259
1981-06-15,2.664083480834961
1981-06-16,27.166397094726562
1981-06-17,27.13408660888672
1981-06-18,12.471888542175293
1981-06-19,7.3926100730896
1981-06-20,5.422657489776611
1981-06-21,6.0649800300598145
1981-06-22,5.608231067657471
1981-06-23,5.991561412811279
1981-06-24,8.022493362426758
1981-06-25,6.844603538513184
1981-06-26,5.019426345825195
1981-06-27,4.073111534118652
1981-06-28,3.453648090362549
1981-06-29,3.011909008026123
1981-06-30,2.679537296295166
1981-07-01,2.4194836616516113
1981-07-02,2.2099955081939697
1981-07-03,2.037531852722168
1981-07-04,1.8931093215942383
1981-07-05,1.7704793214797974
1981-07-06,1.6651639938354492
1981-07-07,2.392019033432007
1981-07-08,2.737277030944824
1981-07-09,2.3085901737213135
1981-07-10,2.1084940433502197
1981-07-11,1.948093295097351
1981-07-12,1.81454336643219
1981-07-13,1.7010632753372192
1981-07-14,1.6036115884780884
1981-07-15,1.5190540552139282
1981-07-16,1.4450145959854126
1981-07-17,1.3796820640563965
1981-07-18,1.3216286897659302
1981-07-19,1.2697196006774902
1981-07-20,1.2230470180511475
1981-07-21,1.180869460105896
1981-07-22,1.1425763368606567
1981-07-23,1.1076624393463135
1981-07-24,1.0757054090499878
1981-07-25,1.0463491678237915
1981-07-26,1.0192968845367432
1981-07-27,0.9950236082077026
1981-07-28,0.9723140001296997
1981-07-29,0.9504019618034363
1981-07-30,0.9302505850791931
1981-07-31,0.9114317297935486
1981-08-01,0.8938156366348267
1981-08-02,0.8772923350334167
1981-08-03,0.8617648482322693
1981-08-04,0.8471474051475525
1981-08-05,0.8333636522293091
1981-08-06,0.8203457593917847
1981-08-07,0.8080329298973083
1981-08-08,0.7963708639144897
1981-08-09,0.7857146263122559
1981-08-10,0.7754891514778137
1981-08-11,0.7652879357337952
1981-08-12,0.755759060382843
1981-08-13,0.7466830611228943
1981-08-14,0.7380270957946777
1981-08-15,0.7297636866569519
1981-08-16,0.7218677401542664
1981-08-17,0.7143162488937378
1981-08-18,0.7070881724357605
1981-08-19,0.7001641988754272
1981-08-20,0.6935263276100159
1981-08-21,0.6871581077575684
1981-08-22,0.6837846636772156
1981-08-23,0.6798461675643921
1981-08-24,0.6801055073738098
1981-08-25,0.6958353519439697
1981-08-26,0.6976074576377869
1981-08-27,0.6830524802207947
1981-08-28,0.6769909858703613
1981-08-29,0.8921773433685303
1981-08-30,1.0450857877731323
1981-08-31,0.9226379990577698
1981-09-01,0.9032500386238098
1981-09-02,0.8864701986312866
1981-09-03,1.0836567878723145
1981-09-04,1.7642874717712402
1981-09-05,5.314726829528809
1981-09-06,6.235018730163574
1981-09-07,4.492676258087158
1981-09-08,3.6863434314727783
1981-09-09,3.151416301727295
1981-09-10,2.7660412788391113
1981-09-11,2.474395513534546
1981-09-12,2.2454946041107178
1981-09-13,2.060853958129883
1981-09-14,1.9086849689483643
1981-09-15,1.7810730934143066
1981-09-16,2.5705811977386475
1981-09-17,2.9242186546325684
1981-09-18,2.4489357471466064
1981-09-19,2.2213101387023926
1981-09-20,2.0407021045684814
1981-09-21,1.8917688131332397
1981-09-22,1.7667222023010254
1981-09-23,1.660229206085205
1981-09-24,1.5684783458709717
1981-09-25,1.488612413406372
1981-09-26,1.418470025062561
1981-09-27,1.356396198272705
1981-09-28,1.3010916709899902
1981-09-29,1.2515164613723755
1981-09-30,1.2068284749984741
1981-10-01,1.1663413047790527
1981-10-02,1.1294939517974854
1981-10-03,1.0958220958709717
1981-10-04,1.0649381875991821
1981-10-05,1.036514401435852
1981-10-06,1.0102711915969849
1981-10-07,0.9859700798988342
1981-10-08,0.9772194027900696
1981-10-09,0.965249240398407
1981-10-10,0.9388607144355774
1981-10-11,0.9194318652153015
1981-10-12,0.9013364315032959
1981-10-13,0.8843717575073242
1981-10-14,0.8684373497962952
1981-10-15,0.8534445762634277
1981-10-16,0.8393144011497498
1981-10-17,0.8259760737419128
1981-10-18,0.8221973776817322
1981-10-19,0.8162819743156433
1981-10-20,0.8003330826759338
1981-10-21,0.7890211939811707
1981-10-22,0.7783408761024475
1981-10-23,0.787296712398529
1981-10-24,0.7908392548561096
1981-10-25,0.7714189887046814
1981-10-26,0.7614874839782715
1981-10-27,0.7521597743034363
1981-10-28,0.7432659864425659
1981-10-29,0.7347776293754578
1981-10-30,0.7266688942909241
1981-10-31,0.7278420925140381
1981-11-01,0.7388158440589905
1981-11-02,0.735293447971344
1981-11-03,0.721333920955658
1981-11-04,0.7137430310249329
1981-11-05,0.7065597176551819
1981-11-06,0.6996742486953735
1981-11-07,0.6930698752403259
1981-11-08,0.6867309212684631
1981-11-09,0.6806429028511047
1981-11-10,0.6747926473617554
1981-11-11,0.6691676378250122
1981-11-12,0.6637557148933411
1981-11-13,0.658545732498169
1981-11-14,0.6535276770591736
1981-11-15,0.6486919522285461
1981-11-16,0.644028902053833
1981-11-17,0.6395305395126343
1981-11-18,0.6351889967918396
1981-11-19,0.630996823310852
1981-11-20,0.6269472241401672
1981-11-21,0.6230337023735046
1981-11-22,0.6192500591278076
1981-11-23,0.6155904531478882
1981-11-24,0.6120494604110718
1981-11-25,0.6086220741271973
1981-11-26,0.6053032875061035
1981-11-27,0.6020886301994324
1981-11-28,0.5989737510681152
1981-11-29,0.5959545373916626
1981-11-30,0.5930271744728088
1981-12-01,0.5901879668235779
1981-12-02,0.587433397769928
1981-12-03,0.5847602486610413
1981-12-04,0.5821653008460999
1981-12-05,0.5796456933021545
1981-12-06,0.5771984457969666
1981-12-07,0.5748209357261658
1981-12-08,0.5725106000900269
1981-12-09,0.570264995098114
1981-12-10,0.5680817365646362
1981-12-11,0.5659586787223816
1981-12-12,0.5638936758041382
1981-12-13,0.5618847012519836
1981-12-14,0.5599298477172852
1981-12-15,0.5580272078514099
1981-12-16,0.5561751127243042
1981-12-17,0.5543717741966248
1981-12-18,0.5526156425476074
1981-12-19,0.5509051084518433
1981-12-20,0.5492388010025024
1981-12-21,0.5476151704788208
1981-12-22,0.5460329651832581
1981-12-23,0.5444907546043396
1981-12-24,0.5429874062538147
1981-12-25,0.5415216088294983
1981-12-26,0.5400922894477844
1981-12-27,0.5386983156204224
1981-12-28,0.5373386144638062
1981-12-29,0.5360121130943298
1981-12-30,0.534717857837677
1981-12-31,0.5334548950195312
1982-01-01,0.532222330570221
1982-01-02,0.5310192108154297
1982-01-03,0.5298447608947754
1982-01-04,0.5286980867385864
1982-01-05,0.5275785326957703
1982-01-06,0.5264851450920105
1982-01-07,0.5254173278808594
1982-01-08,0.5243743062019348
1982-01-09,0.5233554840087891
1982-01-10,0.5223600268363953
1982-01-11,0.5213874578475952
1982-01-12,0.5204371213912964
1982-01-13,0.5195083618164062
1982-01-14,0.5186006426811218
1982-01-15,0.5177134275436401
1982-01-16,0.5168461203575134
1982-01-17,0.5159981846809387
1982-01-18,0.5151692032814026
1982-01-19,0.514358639717102
1982-01-20,0.5135660171508789
1982-01-21,0.512790858745575
1982-01-22,0.5120327472686768
1982-01-23,0.5112912058830261
1982-01-24,0.5105658769607544
1982-01-25,0.5098563432693481
1982-01-26,0.509162187576294
1982-01-27,0.5084829926490784
1982-01-28,0.5078184604644775
1982-01-29,0.5071682333946228
1982-01-30,0.5065670013427734
1982-01-31,0.5059701800346375
1982-02-01,0.5053379535675049
1982-02-02,0.504740297794342
1982-02-03,0.5041555762290955
1982-02-04,0.5035832524299622
1982-02-05,0.5030229091644287
1982-02-06,0.5024743676185608
1982-02-07,0.5019373297691345
1982-02-08,0.5014115571975708
1982-02-09,0.500896692276001
1982-02-10,0.500392496585846
1982-02-11,0.4998988211154938
1982-02-12,0.4994153082370758
1982-02-13,0.4989418089389801
1982-02-14,0.4984780550003052
1982-02-15,0.4980238378047943
1982-02-16,0.4975789487361908
1982-02-17,0.4971431493759155
1982-02-18,0.4967162311077118
1982-02-19,0.49629804491996765
1982-02-20,0.4958883225917816
1982-02-21,0.49548694491386414
1982-02-22,0.4950937032699585
1982-02-23,0.494708389043808
1982-02-24,0.49433085322380066
1982-02-25,0.49974170327186584
1982-02-26,0.5044448375701904
1982-02-27,0.500909149646759
1982-02-28,0.49986904859542847
1982-03-01,0.5051739811897278
1982-03-02,0.508982241153717
1982-03-03,0.5047681927680969
1982-03-04,0.5041345953941345
1982-03-05,0.50356525182724
1982-03-06,0.5030074119567871
1982-03-07,0.5024610757827759
1982-03-08,0.5019259452819824
1982-03-09,0.5014016628265381
1982-03-10,0.5008879899978638
1982-03-11,0.5003848075866699
1982-03-12,0.49989181756973267
1982-03-13,0.49940890073776245
1982-03-14,0.4989358186721802
1982-03-15,0.4984724223613739
1982-03-16,0.4980184733867645
1982-03-17,0.4975738227367401
1982-03-18,0.49713820219039917
1982-03-19,0.49671146273612976
1982-03-20,0.49629339575767517
1982-03-21,0.4958838224411011
1982-03-22,0.4967700242996216
1982-03-23,0.49732765555381775
1982-03-24,0.4961029291152954
1982-03-25,0.49568575620651245
1982-03-26,0.49588507413864136
1982-03-27,0.49593645334243774
1982-03-28,0.49516603350639343
1982-03-29,0.4947740435600281
1982-03-30,0.49439525604248047
1982-03-31,0.4940240979194641
1982-04-01,0.4936603903770447
1982-04-02,0.49330398440361023
1982-04-03,0.49295470118522644
1982-04-04,0.49261239171028137
1982-04-05,0.4922769069671631
1982-04-06,0.49194809794425964
1982-04-07,0.4916943311691284
1982-04-08,0.49142909049987793
1982-04-09,0.49107465147972107
1982-04-10,0.4907691180706024
1982-04-11,0.4904702603816986
1982-04-12,0.4901772737503052
1982-04-13,0.48989009857177734
1982-04-14,0.4896085560321808
1982-04-15,0.4893325865268707
1982-04-16,0.48906201124191284
1982-04-17,0.48879674077033997
1982-04-18,0.488615483045578
1982-04-19,0.48853471875190735
1982-04-20,0.48831868171691895
1982-04-21,0.49914422631263733
1982-04-22,0.5101686716079712
1982-04-23,0.5234560966491699
1982-04-24,0.5346778035163879
1982-04-25,0.5222082734107971
1982-04-26,0.5210909843444824
1982-04-27,0.5201584696769714
1982-04-28,0.5448951721191406
1982-04-29,0.5629204511642456
1982-04-30,0.6952866315841675
1982-05-01,0.8181059956550598
1982-05-02,0.8337928056716919
1982-05-03,0.8851550221443176
1982-05-04,0.8278902173042297
1982-05-05,0.8152311444282532
1982-05-06,0.825556218624115
1982-05-07,0.829738974571228
1982-05-08,0.8082082867622375
1982-05-09,0.7970789074897766
1982-05-10,0.7865827083587646
1982-05-11,0.7764679193496704
1982-05-12,1.1546655893325806
1982-05-13,1.416644811630249
1982-05-14,1.2174665927886963
1982-05-15,1.9821646213531494
1982-05-16,2.764371871948242
1982-05-17,3.910717487335205
1982-05-18,4.792220592498779
1982-05-19,4.128608703613281
1982-05-20,3.4031364917755127
1982-05-21,2.952409029006958
1982-05-22,2.6193296909332275
1982-05-23,2.3618249893188477
1982-05-24,2.156318426132202
1982-05-25,1.9883053302764893
1982-05-26,1.8483539819717407
1982-05-27,1.7299857139587402
1982-05-28,1.628606915473938
1982-05-29,1.6053072214126587
1982-05-30,1.5642707347869873
1982-05-31,1.4689791202545166
1982-06-01,1.4007734060287476
1982-06-02,1.340525507926941
1982-06-03,1.2867270708084106
1982-06-04,1.2384170293807983
1982-06-05,1.1948869228363037
1982-06-06,1.155442476272583
1982-06-07,1.1194698810577393
1982-06-08,1.0865676403045654
1982-06-09,1.056367039680481
1982-06-10,1.0285542011260986
1982-06-11,1.0068905353546143
1982-06-12,0.9856964349746704
1982-06-13,0.961632490158081
1982-06-14,0.9407086968421936
1982-06-15,0.9212089776992798
1982-06-16,0.902974545955658
1982-06-17,0.8858883380889893
1982-06-18,0.8698470592498779
1982-06-19,0.8547595143318176
1982-06-20,0.8405447006225586
1982-06-21,0.8271304965019226
1982-06-22,0.8144524693489075
1982-06-23,0.8024531006813049
1982-06-24,0.7910805940628052
1982-06-25,0.7802883386611938
1982-06-26,0.7700341939926147
1982-06-27,0.760280191898346
1982-06-28,0.750991702079773
1982-06-29,0.7423208355903625
1982-06-30,0.7339993715286255
1982-07-01,0.7258293628692627
1982-07-02,0.7181044816970825
1982-07-03,0.7107149362564087
1982-07-04,0.703639030456543
1982-07-05,0.6968581676483154
1982-07-06,0.6903551816940308
1982-07-07,0.6841142177581787
1982-07-08,0.6781205534934998
1982-07-09,0.6723607182502747
1982-07-10,0.6668220162391663
1982-07-11,0.6614927053451538
1982-07-12,0.6563619375228882
1982-07-13,0.6514195203781128
1982-07-14,0.6466559767723083
1982-07-15,0.6420624852180481
1982-07-16,0.6376307606697083
1982-07-17,0.6333597898483276
1982-07-18,0.6292335987091064
1982-07-19,0.6252386569976807
1982-07-20,0.6213808655738831
1982-07-21,0.6176506876945496
1982-07-22,0.614042341709137
1982-07-23,0.6105505228042603
1982-07-24,0.6071702837944031
1982-07-25,0.6038967967033386
1982-07-26,0.600725531578064
1982-07-27,0.5976523756980896
1982-07-28,0.5946732759475708
1982-07-29,0.5917844176292419
1982-07-30,0.5889821648597717
1982-07-31,0.5862632393836975
1982-08-01,0.5836242437362671
1982-08-02,0.5810622572898865
1982-08-03,0.5785742998123169
1982-08-04,0.5761575698852539
1982-08-05,0.5738094449043274
1982-08-06,0.5715274214744568
1982-08-07,0.5693091154098511
1982-08-08,0.5671522617340088
1982-08-09,0.5650545954704285
1982-08-10,0.5630141496658325
1982-08-11,0.5610288977622986
1982-08-12,0.5590969324111938
1982-08-13,0.5572164058685303
1982-08-14,0.5553857088088989
1982-08-15,0.5536030530929565
1982-08-16,0.551866888999939
1982-08-17,0.5501757860183716
1982-08-18,0.5485281348228455
1982-08-19,0.5469228029251099
1982-08-20,0.5453581809997559
1982-08-21,0.5439119935035706
1982-08-22,0.5424827933311462
1982-08-23,0.5409835577011108
1982-08-24,0.5395668745040894
1982-08-25,0.5381858348846436
1982-08-26,0.5371227264404297
1982-08-27,0.5360162854194641
1982-08-28,0.5345550179481506
1982-08-29,0.5332935452461243
1982-08-30,0.5320647954940796
1982-08-31,0.530865490436554
1982-09-01,0.529694676399231
1982-09-02,0.5285515785217285
1982-09-03,0.528052568435669
1982-09-04,0.5415201783180237
1982-09-05,0.5621802806854248
1982-09-06,0.5608428120613098
1982-09-07,0.5930394530296326
1982-09-08,0.6213377118110657
1982-09-09,0.5947200059890747
1982-09-10,0.5915369391441345
1982-09-11,0.5887769460678101
1982-09-12,0.5860894322395325
1982-09-13,0.7546300292015076
1982-09-14,0.8778058290481567
1982-09-15,0.7784697413444519
1982-09-16,0.7673646211624146
1982-09-17,0.7580013275146484
1982-09-18,0.7490200400352478
1982-09-19,0.7404083013534546
1982-09-20,0.7321516871452332
1982-09-21,0.8593182563781738
1982-09-22,0.9468905925750732
1982-09-23,0.8684311509132385
1982-09-24,0.852892279624939
1982-09-25,0.8390762805938721
1982-09-26,0.8259661793708801
1982-09-27,0.8135203719139099
1982-09-28,0.8016989827156067
1982-09-29,0.7904635071754456
1982-09-30,0.7797768712043762
1982-10-01,0.7696038484573364
1982-10-02,0.7599127888679504
1982-10-03,0.7506736516952515
1982-10-04,0.7418583035469055
1982-10-05,0.7334405779838562
1982-10-06,0.7253957986831665
1982-10-07,0.9594048857688904
1982-10-08,1.3196816444396973
1982-10-09,1.3153514862060547
1982-10-10,2.089019775390625
1982-10-11,2.5767128467559814
1982-10-12,2.1475112438201904
1982-10-13,2.481457233428955
1982-10-14,2.57899808883667
1982-10-15,2.250561237335205
1982-10-16,2.067232847213745
1982-10-17,1.9174516201019287
1982-10-18,1.7916032075881958
1982-10-19,1.6842650175094604
1982-10-20,1.5915937423706055
1982-10-21,1.5107910633087158
1982-10-22,1.439723253250122
1982-10-23,1.3767367601394653
1982-10-24,1.3205292224884033
1982-10-25,1.270054817199707
1982-10-26,1.224480390548706
1982-10-27,1.1831248998641968
1982-10-28,1.1454236507415771
1982-10-29,1.1109189987182617
1982-10-30,1.0792267322540283
1982-10-31,1.0500223636627197
1982-11-01,1.0230315923690796
1982-11-02,0.9980200529098511
1982-11-03,0.974791944026947
1982-11-04,0.9531780481338501
1982-11-05,0.9330188035964966
1982-11-06,0.9141690731048584
1982-11-07,0.8965045809745789
1982-11-08,0.8799200654029846
1982-11-09,0.8643226027488708
1982-11-10,0.849628210067749
1982-11-11,0.8357629776000977
1982-11-12,0.8226614594459534
1982-11-13,0.8102653622627258
1982-11-14,0.7985209226608276
1982-11-15,0.7873793244361877
1982-11-16,0.7767974138259888
1982-11-17,0.7667354941368103
1982-11-18,0.7571572065353394
1982-11-19,0.7480296492576599
1982-11-20,0.7393231391906738
1982-11-21,0.7310106158256531
1982-11-22,0.7230672240257263
1982-11-23,0.7154700756072998
1982-11-24,0.7081983089447021
1982-11-25,0.7124637961387634
1982-11-26,0.715487003326416
1982-11-27,0.7040969133377075
1982-11-28,0.6963562369346619
1982-11-29,0.689875066280365
1982-11-30,0.6865525841712952
1982-12-01,0.6826277375221252
1982-12-02,0.6752662062644958
1982-12-03,0.6696053147315979
1982-12-04,0.6641803979873657
1982-12-05,0.6589579582214355
1982-12-06,0.6539275050163269
1982-12-07,0.6490793824195862
1982-12-08,0.6444047093391418
1982-12-09,0.722206175327301
1982-12-10,0.8061606884002686
1982-12-11,0.7760453224182129
1982-12-12,0.7534539699554443
1982-12-13,0.7455443739891052
1982-12-14,0.7366039156913757
1982-12-15,0.7286251187324524
1982-12-16,0.7209815382957458
1982-12-17,0.713647723197937
1982-12-18,0.7066038846969604
1982-12-19,0.6998353600502014
1982-12-20,0.693329393863678
1982-12-21,0.6870724558830261
1982-12-22,0.6810513734817505
1982-12-23,0.675254225730896
1982-12-24,0.6696698069572449
1982-12-25,0.6642888188362122
1982-12-26,0.6591072678565979
1982-12-27,0.6541152000427246
1982-12-28,0.649298369884491
1982-12-29,0.644649863243103
1982-12-30,0.6401631236076355
1982-12-31,0.6474459171295166
1983-01-01,0.6515833735466003
1983-01-02,0.6408182382583618
1983-01-03,0.6363860964775085
1983-01-04,0.6321932673454285
1983-01-05,0.6281387805938721
1983-01-06,0.6272375583648682
1983-01-07,0.6256133913993835
1983-01-08,0.6201732754707336
1983-01-09,0.616485595703125
1983-01-10,0.612938404083252
1983-01-11,0.6095021963119507
1983-01-12,0.6061727404594421
1983-01-13,0.6029458045959473
1983-01-14,0.5998173356056213
1983-01-15,0.6130374073982239
1983-01-16,0.6218539476394653
1983-01-17,0.6093376874923706
1983-01-18,0.6058936715126038
1983-01-19,0.613861083984375
1983-01-20,0.6188241243362427
1983-01-21,0.609184980392456
1983-01-22,0.6057945489883423
1983-01-23,0.6025958061218262
1983-01-24,0.599492073059082
1983-01-25,0.5964798927307129
1983-01-26,0.5935564637184143
1983-01-27,0.590718686580658
1983-01-28,0.5879635810852051
1983-01-29,0.5852875113487244
1983-01-30,0.5826876759529114
1983-01-31,0.5801616311073303
1983-02-01,0.5777067542076111
1983-02-02,0.5753208994865417
1983-02-03,0.575014591217041
1983-02-04,0.5742221474647522
1983-02-05,0.5708032250404358
1983-02-06,0.5685932636260986
1983-02-07,0.566460371017456
1983-02-08,0.5643852353096008
1983-02-09,0.5623657703399658
1983-02-10,0.5604003071784973
1983-02-11,0.558487057685852
1983-02-12,0.5566244125366211
1983-02-13,0.5548107624053955
1983-02-14,0.5530443787574768
1983-02-15,0.5513237714767456
1983-02-16,0.5496475100517273
1983-02-17,0.5480141639709473
1983-02-18,0.5464223623275757
1983-02-19,0.5448708534240723
1983-02-20,0.543358325958252
1983-02-21,0.5418835878372192
1983-02-22,0.5404455661773682
1983-02-23,0.5390430688858032
1983-02-24,0.5376750230789185
1983-02-25,0.5371509790420532
1983-02-26,0.5370298027992249
1983-02-27,0.5356793999671936
1983-02-28,0.5340412259101868
1983-03-01,0.5327898263931274
1983-03-02,0.531573474407196
1983-03-03,0.5303860306739807
1983-03-04,0.5292267203330994
1983-03-05,0.5280947685241699
1983-03-06,0.5269894003868103
1983-03-07,0.5259099006652832
1983-03-08,0.5248555541038513
1983-03-09,0.5238255858421326
1983-03-10,0.52323317527771
1983-03-11,0.5225538611412048
1983-03-12,0.5213297605514526
1983-03-13,0.5289114117622375
1983-03-14,0.5342589020729065
1983-03-15,0.5279299020767212
1983-03-16,0.5267561674118042
1983-03-17,0.5256838202476501
1983-03-18,0.5246360301971436
1983-03-19,0.5236122608184814
1983-03-20,0.5226117372512817
1983-03-21,0.521634042263031
1983-03-22,0.5206786394119263
1983-03-23,0.5197448134422302
1983-03-24,0.5188320875167847
1983-03-25,0.5179398655891418
1983-03-26,0.5170676708221436
1983-03-27,0.5162149667739868
1983-03-28,0.5153812766075134
1983-03-29,0.5145660638809204
1983-03-30,0.5137689113616943
1983-03-31,0.512989342212677
1983-04-01,0.5122268795967102
1983-04-02,0.5114811658859253
1983-04-03,0.5107517242431641
1983-04-04,0.5100381374359131
1983-04-05,0.5093400478363037
1983-04-06,0.5086570382118225
1983-04-07,0.5079887509346008
1983-04-08,0.5073348879814148
1983-04-09,0.5066949725151062
1983-04-10,0.506068766117096
1983-04-11,0.5054558515548706
1983-04-12,0.5048560500144958
1983-04-13,0.5042688846588135
1983-04-14,0.5036941170692444
1983-04-15,0.5031315088272095
1983-04-16,0.5025807023048401
1983-04-17,0.5020413994789124
1983-04-18,0.5015134215354919
1983-04-19,0.5009964108467102
1983-04-20,0.5004901885986328
1983-04-21,0.4999944865703583
1983-04-22,0.4995090067386627
1983-04-23,0.4990335702896118
1983-04-24,0.49856793880462646
1983-04-25,0.49811187386512756
1983-04-26,0.4976651668548584
1983-04-27,0.49722760915756226
1983-04-28,0.49679896235466003
1983-04-29,0.4963790774345398
1983-04-30,0.4959677457809448
1983-05-01,0.4955647587776184
1983-05-02,0.49516990780830383
1983-05-03,0.49478307366371155
1983-05-04,0.49440404772758484
1983-05-05,0.4940326511859894
1983-05-06,0.49366870522499084
1983-05-07,0.4933120906352997
1983-05-08,0.49296262860298157
1983-05-09,0.4926280677318573
1983-05-10,0.49229827523231506
1983-05-11,0.4919641315937042
1983-05-12,0.49164149165153503
1983-05-13,0.491325318813324
1983-05-14,0.4910154342651367
1983-05-15,0.49071168899536133
1983-05-16,0.49041393399238586
1983-05-17,0.49012207984924316
1983-05-18,0.4898359775543213
1983-05-19,0.4895555078983307
1983-05-20,0.4892805814743042
1983-05-21,0.4890110194683075
1983-05-22,0.4890880584716797
1983-05-23,0.49271488189697266
1983-05-24,0.5028414726257324
1983-05-25,0.828869640827179
1983-05-26,1.4664620161056519
1983-05-27,1.549983263015747
1983-05-28,7.159145832061768
1983-05-29,8.983602523803711
1983-05-30,15.503114700317383
1983-05-31,12.340279579162598
1983-06-01,7.219048500061035
1983-06-02,5.2913737297058105
1983-06-03,4.2326459884643555
1983-06-04,3.55383563041687
1983-06-05,3.0782806873321533
1983-06-06,2.7249064445495605
1983-06-07,2.77657151222229
1983-06-08,2.6919913291931152
1983-06-09,2.3786017894744873
1983-06-10,2.1730802059173584
1983-06-11,2.0050272941589355
1983-06-12,1.86447012424469
1983-06-13,1.7462959289550781
1983-06-14,1.6451709270477295
1983-06-15,1.5567903518676758
1983-06-16,1.4792816638946533
1983-06-17,1.4110692739486694
1983-06-18,1.350502371788025
1983-06-19,1.2961541414260864
1983-06-20,1.2472501993179321
1983-06-21,1.2030514478683472
1983-06-22,1.1629369258880615
1983-06-23,1.1263835430145264
1983-06-24,1.0929509401321411
1983-06-25,1.062269687652588
1983-06-26,1.0340213775634766
1983-06-27,1.0079331398010254
1983-06-28,0.9837726950645447
1983-06-29,0.961338460445404
1983-06-30,0.9404552578926086
1983-07-01,0.9209702014923096
1983-07-02,0.9030561447143555
1983-07-03,0.8861883878707886
1983-07-04,0.9116443395614624
1983-07-05,0.9244992136955261
1983-07-06,0.8891316652297974
1983-07-07,0.8726568222045898
1983-07-08,0.8574222922325134
1983-07-09,0.8430680632591248
1983-07-10,0.8546962141990662
1983-07-11,0.8589925765991211
1983-07-12,0.8338258862495422
1983-07-13,0.8206399083137512
1983-07-14,0.8083273768424988
1983-07-15,0.7966609597206116
1983-07-16,0.8189960718154907
1983-07-17,0.8949136734008789
1983-07-18,0.9106534719467163
1983-07-19,1.2218676805496216
1983-07-20,1.4470123052597046
1983-07-21,1.3437273502349854
1983-07-22,1.3455556631088257
1983-07-23,1.268958330154419
1983-07-24,1.2229951620101929
1983-07-25,1.1815571784973145
1983-07-26,1.1437336206436157
1983-07-27,1.1091020107269287
1983-07-28,1.077298641204834
1983-07-29,1.0480098724365234
1983-07-30,1.020964503288269
1983-07-31,0.9959261417388916
1983-08-01,0.9787241816520691
1983-08-02,0.9610564708709717
1983-08-03,0.9379542469978333
1983-08-04,0.9186370968818665
1983-08-05,0.9052832126617432
1983-08-06,0.8986146450042725
1983-08-07,0.885125458240509
1983-08-08,0.8662267327308655
1983-08-09,0.8513306975364685
1983-08-10,0.8373286724090576
1983-08-11,0.8241051435470581
1983-08-12,0.8115994930267334
1983-08-13,0.7997568249702454
1983-08-14,0.788529098033905
1983-08-15,0.7782765626907349
1983-08-16,0.7684249877929688
1983-08-17,0.7585676312446594
1983-08-18,0.7493593692779541
1983-08-19,0.7405819296836853
1983-08-20,0.7322044968605042
1983-08-21,0.7242014408111572
1983-08-22,0.7165493369102478
1983-08-23,0.7092266082763672
1983-08-24,0.70221346616745
1983-08-25,0.69549161195755
1983-08-26,0.6890442967414856
1983-08-27,0.6828557252883911
1983-08-28,0.6800438761711121
1983-08-29,0.6951213479042053
1983-08-30,0.701007604598999
1983-08-31,0.6850738525390625
1983-09-01,0.6789106726646423
1983-09-02,0.6731253266334534
1983-09-03,0.6675612330436707
1983-09-04,0.6622068285942078
1983-09-05,0.6570515632629395
1983-09-06,0.6520853042602539
1983-09-07,0.6472987532615662
1983-09-08,0.6460093855857849
1983-09-09,0.7601306438446045
1983-09-10,0.837506115436554
1983-09-11,0.8254460692405701
1983-09-12,1.425431489944458
1983-09-13,2.033423662185669
1983-09-14,2.997469663619995
1983-09-15,5.356700420379639
1983-09-16,5.260654926300049
1983-09-17,4.034031867980957
1983-09-18,3.3910818099975586
1983-09-19,2.9441771507263184
1983-09-20,2.6124815940856934
1983-09-21,5.779933452606201
1983-09-22,6.523128509521484
1983-09-23,4.683443546295166
1983-09-24,3.815035581588745
1983-09-25,3.2465052604675293
1983-09-26,2.8407113552093506
1983-09-27,2.5356385707855225
1983-09-28,2.297440767288208
1983-09-29,2.1060070991516113
1983-09-30,1.9486340284347534
1983-10-01,1.8168795108795166
1983-10-02,1.704880714416504
1983-10-03,1.6084792613983154
1983-10-04,1.524638295173645
1983-10-05,1.4510512351989746
1983-10-06,1.3859491348266602
1983-10-07,1.3279576301574707
1983-10-08,1.2759920358657837
1983-10-09,1.2291808128356934
1983-10-10,1.5620956420898438
1983-10-11,1.7515954971313477
1983-10-12,1.5485215187072754
1983-10-13,1.4701602458953857
1983-10-14,1.402844786643982
1983-10-15,1.3430503606796265
1983-10-16,1.2895764112472534
1983-10-17,1.2414778470993042
1983-10-18,1.197996735572815
1983-10-19,1.1585144996643066
1983-10-20,1.122506856918335
1983-10-21,1.2864422798156738
1983-10-22,1.3801772594451904
1983-10-23,1.2615618705749512
1983-10-24,1.2153655290603638
1983-10-25,1.1744800806045532
1983-10-26,1.1372500658035278
1983-10-27,1.103217601776123
1983-10-28,1.0719870328903198
1983-10-29,1.0432274341583252
1983-10-30,1.016658902168274
1983-10-31,0.9920411109924316
1983-11-01,0.9691714644432068
1983-11-02,0.9959100484848022
1983-11-03,1.0076392889022827
1983-11-04,0.9655182957649231
1983-11-05,0.9442451000213623
1983-11-06,0.9246572852134705
1983-11-07,0.906321108341217
1983-11-08,0.889123260974884
1983-11-09,0.8729643225669861
1983-11-10,0.8577585816383362
1983-11-11,0.8434286117553711
1983-11-12,0.8299010992050171
1983-11-13,0.8171110153198242
1983-11-14,0.8050013780593872
1983-11-15,0.7935219407081604
1983-11-16,0.782627522945404
1983-11-17,0.772275984287262
1983-11-18,0.7624285221099854
1983-11-19,0.7530503869056702
1983-11-20,0.7441104650497437
1983-11-21,0.7355803847312927
1983-11-22,0.7274332642555237
1983-11-23,0.7328618764877319
1983-11-24,0.7346628308296204
1983-11-25,0.7202578783035278
1983-11-26,0.7126959562301636
1983-11-27,0.7055494785308838
1983-11-28,0.6987008452415466
1983-11-29,0.6921326518058777
1983-11-30,0.6858285069465637
1983-12-01,0.6797739267349243
1983-12-02,0.673955500125885
1983-12-03,0.6683604121208191
1983-12-04,0.6629770398139954
1983-12-05,0.6577944159507751
1983-12-06,0.6528022289276123
1983-12-07,0.6479911208152771
1983-12-08,0.6433521509170532
1983-12-09,0.6388768553733826
1983-12-10,0.6345573663711548
1983-12-11,0.6303863525390625
1983-12-12,0.6263570189476013
1983-12-13,0.622462809085846
1983-12-14,0.6186977028846741
1983-12-15,0.6189655661582947
1983-12-16,0.6182510256767273
1983-12-17,0.6125293970108032
1983-12-18,0.609056830406189
1983-12-19,0.6057255864143372
1983-12-20,0.6024989485740662
1983-12-21,0.5993724465370178
1983-12-22,0.5963419079780579
1983-12-23,0.5934036374092102
1983-12-24,0.590553879737854
1983-12-25,0.5877892971038818
1983-12-26,0.5851064324378967
1983-12-27,0.5825020670890808
1983-12-28,0.5799732208251953
1983-12-29,0.5775170922279358
1983-12-30,0.5751309990882874
1983-12-31,0.5728123784065247
1984-01-01,0.5705587267875671
1984-01-02,0.5683676600456238
1984-01-03,0.5721951723098755
1984-01-04,0.6662318706512451
1984-01-05,0.7278125286102295
1984-01-06,0.6716926097869873
1984-01-07,0.6656219363212585
1984-01-08,0.6604832410812378
1984-01-09,0.6555139422416687
1984-01-10,0.650708794593811
1984-01-11,0.6460673809051514
1984-01-12,0.6415826082229614
1984-01-13,0.6372442841529846
1984-01-14,0.6330477595329285
1984-01-15,0.6289877891540527
1984-01-16,0.6250591278076172
1984-01-17,0.6212558746337891
1984-01-18,0.6175829172134399
1984-01-19,0.6161572337150574
1984-01-20,0.6242964267730713
1984-01-21,0.6269553899765015
1984-01-22,0.617721438407898
1984-01-23,0.6140877604484558
1984-01-24,0.6106426119804382
1984-01-25,0.6073017120361328
1984-01-26,0.6040613651275635
1984-01-27,0.6009174585342407
1984-01-28,0.5978661775588989
1984-01-29,0.5949038863182068
1984-01-30,0.6223544478416443
1984-01-31,0.6415643095970154
1984-02-01,0.620885968208313
1984-02-02,0.6169961094856262
1984-02-03,0.6134651303291321
1984-02-04,0.6100398302078247
1984-02-05,0.606717050075531
1984-02-06,0.6034939885139465
1984-02-07,0.6003674864768982
1984-02-08,0.597332775592804
1984-02-09,0.5943860411643982
1984-02-10,0.5915245413780212
1984-02-11,0.5887453556060791
1984-02-12,0.5860458016395569
1984-02-13,0.5834236741065979
1984-02-14,0.5808762311935425
1984-02-15,0.5784006118774414
1984-02-16,0.5759944915771484
1984-02-17,0.5736556053161621
1984-02-18,0.5713814496994019
1984-02-19,0.5691701173782349
1984-02-20,0.5670196413993835
1984-02-21,0.5649279952049255
1984-02-22,0.5628930330276489
1984-02-23,0.5609126687049866
1984-02-24,0.5589851140975952
1984-02-25,0.5571086406707764
1984-02-26,0.5570821166038513
1984-02-27,0.5566154718399048
1984-02-28,0.5537683367729187
1984-02-29,0.5520139336585999
1984-03-01,0.5503199696540833
1984-03-02,0.5486694574356079
1984-03-03,0.5470611453056335
1984-03-04,0.5454936027526855
1984-03-05,0.5439655780792236
1984-03-06,0.5424758791923523
1984-03-07,0.541023313999176
1984-03-08,0.5396066308021545
1984-03-09,0.5382248759269714
1984-03-10,0.5368769764900208
1984-03-11,0.5355618596076965
1984-03-12,0.5342786312103271
1984-03-13,0.5330263376235962
1984-03-14,0.531804084777832
1984-03-15,0.5306110382080078
1984-03-16,0.5294463038444519
1984-03-17,0.5283091068267822
1984-03-18,0.5271986126899719
1984-03-19,0.5261141657829285
1984-03-20,0.5250549912452698
1984-03-21,0.5240204334259033
1984-03-22,0.523009717464447
1984-03-23,0.5220222473144531
1984-03-24,0.5210574269294739
1984-03-25,0.520114541053772
1984-03-26,0.5191931128501892
1984-03-27,0.5182925462722778
1984-03-28,0.5174121856689453
1984-03-29,0.516551673412323
1984-03-30,0.5157103538513184
1984-03-31,0.5148877501487732
1984-04-01,0.5140833854675293
1984-04-02,0.5132968425750732
1984-04-03,0.5125276446342468
1984-04-04,0.5117752552032471
1984-04-05,0.5110393762588501
1984-04-06,0.5103195309638977
1984-04-07,0.5096153020858765
1984-04-08,0.5089263916015625
1984-04-09,0.5082523226737976
1984-04-10,0.5075927376747131
1984-04-11,0.5069473385810852
1984-04-12,0.5063157081604004
1984-04-13,0.5056975483894348
1984-04-14,0.5050925612449646
1984-04-15,0.5045003890991211
1984-04-16,0.5039207935333252
1984-04-17,0.5033533573150635
1984-04-18,0.5027979016304016
1984-04-19,0.502254068851471
1984-04-20,0.5017216205596924
1984-04-21,0.5012003183364868
1984-04-22,0.5006898641586304
1984-04-23,0.500190019607544
1984-04-24,0.49970048666000366
1984-04-25,0.4992210865020752
1984-04-26,0.49875158071517944
1984-04-27,0.4982917606830597
1984-04-28,0.49784135818481445
1984-04-29,0.4974001944065094
1984-04-30,0.49696803092956543
1984-05-01,0.4965447187423706
1984-05-02,0.49612998962402344
1984-05-03,0.4957237243652344
1984-05-04,0.49532565474510193
1984-05-05,0.49493566155433655
1984-05-06,0.4945535659790039
1984-05-07,0.4941791594028473
1984-05-08,0.5074018836021423
1984-05-09,0.5170988440513611
1984-05-10,0.5079281330108643
1984-05-11,0.5232769846916199
1984-05-12,0.5345476865768433
1984-05-13,0.5236133933067322
1984-05-14,0.5224791765213013
1984-05-15,0.5441343188285828
1984-05-16,0.5697803497314453
1984-05-17,0.6167900562286377
1984-05-18,0.6690848469734192
1984-05-19,0.6485374569892883
1984-05-20,0.6493646502494812
1984-05-21,0.6568698883056641
1984-05-22,0.6436952948570251
1984-05-23,0.6391869187355042
1984-05-24,0.6776610612869263
1984-05-25,0.7042603492736816
1984-05-26,0.6758425831794739
1984-05-27,0.7394587397575378
1984-05-28,0.7836865186691284
1984-05-29,0.8418421149253845
1984-05-30,0.9046081900596619
1984-05-31,0.8432009220123291
1984-06-01,0.8293752074241638
1984-06-02,0.8168922066688538
1984-06-03,0.8049958348274231
1984-06-04,0.8606812953948975
1984-06-05,0.989351212978363
1984-06-06,1.0074079036712646
1984-06-07,0.946672260761261
1984-06-08,0.9266138076782227
1984-06-09,0.9083212614059448
1984-06-10,0.9421963691711426
1984-06-11,1.0974323749542236
1984-06-12,1.3581284284591675
1984-06-13,1.4068317413330078
1984-06-14,1.281963586807251
1984-06-15,1.2342774868011475
1984-06-16,1.1919479370117188
1984-06-17,1.153308629989624
1984-06-18,1.1179356575012207
1984-06-19,1.0854650735855103
1984-06-20,1.0555790662765503
1984-06-21,1.0279924869537354
1984-06-22,1.0024588108062744
1984-06-23,0.9787677526473999
1984-06-24,0.9567352533340454
1984-06-25,0.9361994862556458
1984-06-26,0.9170185327529907
1984-06-27,0.8990668654441833
1984-06-28,0.8822333216667175
1984-06-29,0.86641925573349
1984-06-30,1.0140799283981323
1984-07-01,1.1100834608078003
1984-07-02,1.0159317255020142
1984-07-03,0.9903945326805115
1984-07-04,0.9676311016082764
1984-07-05,0.9464139342308044
1984-07-06,0.9266020059585571
1984-07-07,0.9080686569213867
1984-07-08,0.8906988501548767
1984-07-09,0.8743938207626343
1984-07-10,0.8590674996376038
1984-07-11,0.8446298241615295
1984-07-12,0.8334479928016663
1984-07-13,0.8222327828407288
1984-07-14,0.8109392523765564
1984-07-15,0.8558095097541809
1984-07-16,0.8813939690589905
1984-07-17,0.8420469760894775
1984-07-18,0.8282731771469116
1984-07-19,0.8155908584594727
1984-07-20,0.8035717010498047
1984-07-21,0.7921698689460754
1984-07-22,0.781342625617981
1984-07-23,0.7710552215576172
1984-07-24,0.7612688541412354
1984-07-25,0.751943826675415
1984-07-26,0.7430527210235596
1984-07-27,0.7345674633979797
1984-07-28,0.7264623641967773
1984-07-29,0.7717881798744202
1984-07-30,0.8389606475830078
1984-07-31,0.8288348317146301
1984-08-01,0.7992358803749084
1984-08-02,0.7878851890563965
1984-08-03,0.7773261666297913
1984-08-04,0.7672702670097351
1984-08-05,0.7576870322227478
1984-08-06,0.7485536336898804
1984-08-07,0.7398396134376526
1984-08-08,0.731514573097229
1984-08-09,0.7235577702522278
1984-08-10,0.715943455696106
1984-08-11,0.708653450012207
1984-08-12,0.7016691565513611
1984-08-13,0.6949730515480042
1984-08-14,0.6885489225387573
1984-08-15,0.6823817491531372
1984-08-16,0.6764573454856873
1984-08-17,0.6707625985145569
1984-08-18,0.6766197681427002
1984-08-19,0.67939293384552
1984-08-20,0.6678598523139954
1984-08-21,0.6624090671539307
1984-08-22,0.6780407428741455
1984-08-23,0.6878727078437805
1984-08-24,0.6712225079536438
1984-08-25,0.6655808687210083
1984-08-26,0.6603078842163086
1984-08-27,0.6552289724349976
1984-08-28,0.6503329277038574
1984-08-29,0.6456120014190674
1984-08-30,0.6410580277442932
1984-08-31,0.6366632580757141
1984-09-01,0.6324203014373779
1984-09-02,0.6283220648765564
1984-09-03,1.3828401565551758
1984-09-04,1.9361885786056519
1984-09-05,1.5591071844100952
1984-09-06,1.478790044784546
1984-09-07,1.4118139743804932
1984-09-08,1.3519957065582275
1984-09-09,1.2982947826385498
1984-09-10,1.2498424053192139
1984-09-11,1.2059375047683716
1984-09-12,1.1660007238388062
1984-09-13,1.1295424699783325
1984-09-14,2.5916647911071777
1984-09-15,3.4414124488830566
1984-09-16,2.7253453731536865
1984-09-17,2.436424970626831
1984-09-18,2.214703321456909
1984-09-19,2.035679340362549
1984-09-20,1.8879778385162354
1984-09-21,1.7639541625976562
1984-09-22,1.7586880922317505
1984-09-23,1.7209923267364502
1984-09-24,1.5988187789916992
1984-09-25,1.515257477760315
1984-09-26,1.4423859119415283
1984-09-27,1.377987265586853
1984-09-28,1.3206678628921509
1984-09-29,1.269346833229065
1984-09-30,1.2231688499450684
1984-10-01,1.1813913583755493
1984-10-02,1.1433948278427124
1984-10-03,1.1086914539337158
1984-10-04,1.0768766403198242
1984-10-05,1.0476089715957642
1984-10-06,1.0205981731414795
1984-10-07,0.9955981969833374
1984-10-08,1.0704007148742676
1984-10-09,1.1127986907958984
1984-10-10,1.04541015625
1984-10-11,1.0181210041046143
1984-10-12,0.993399441242218
1984-10-13,1.012523889541626
1984-10-14,1.0186545848846436
1984-10-15,0.9782160520553589
1984-10-16,0.9560920000076294
1984-10-17,0.9356971979141235
1984-10-18,0.9166299104690552
1984-10-19,0.8987681269645691
1984-10-20,0.8820056915283203
1984-10-21,0.8662475347518921
1984-10-22,0.8514097332954407
1984-10-23,0.8374180197715759
1984-10-24,0.8242048621177673
1984-10-25,0.8117076754570007
1984-10-26,0.7998710870742798
1984-10-27,0.7886457443237305
1984-10-28,0.7779873013496399
1984-10-29,0.7678554058074951
1984-10-30,0.7582135200500488
1984-10-31,0.749028205871582
1984-11-01,0.7402690052986145
1984-11-02,0.7323474287986755
1984-11-03,0.72466641664505
1984-11-04,0.7167881727218628
1984-11-05,0.7094544172286987
1984-11-06,0.702433705329895
1984-11-07,0.6957045197486877
1984-11-08,0.6892498731613159
1984-11-09,0.6830542087554932
1984-11-10,0.6771032214164734
1984-11-11,0.6713835000991821
1984-11-12,0.6658826470375061
1984-11-13,0.6605891585350037
1984-11-14,0.6554921865463257
1984-11-15,0.6505818367004395
1984-11-16,0.6458486914634705
1984-11-17,0.6412840485572815
1984-11-18,0.6368797421455383
1984-11-19,0.6326281428337097
1984-11-20,0.6300329566001892
1984-11-21,0.6313541531562805
1984-11-22,0.6296480298042297
1984-11-23,0.6234057545661926
1984-11-24,0.6195777654647827
1984-11-25,0.6159084439277649
1984-11-26,0.6123579740524292
1984-11-27,0.6089214086532593
1984-11-28,0.6055938005447388
1984-11-29,0.6023706793785095
1984-11-30,0.5992475748062134
1984-12-01,0.5962204337120056
1984-12-02,0.5932853817939758
1984-12-03,0.590438723564148
1984-12-04,0.5876770615577698
1984-12-05,0.5849969387054443
1984-12-06,0.5823953747749329
1984-12-07,0.579869270324707
1984-12-08,0.5774158239364624
1984-12-09,0.5750322937965393
1984-12-10,0.5727161169052124
1984-12-11,0.5704648494720459
1984-12-12,0.5682761669158936
1984-12-13,0.5663152933120728
1984-12-14,0.56436687707901
1984-12-15,0.5622501373291016
1984-12-16,0.5602841377258301
1984-12-17,0.5583721399307251
1984-12-18,0.5565109252929688
1984-12-19,0.5546988248825073
1984-12-20,0.5529341697692871
1984-12-21,0.5512154698371887
1984-12-22,0.549541175365448
1984-12-23,0.5479098558425903
1984-12-24,0.5463201403617859
1984-12-25,0.5452824234962463
1984-12-26,0.5441458225250244
1984-12-27,0.5423533320426941
1984-12-28,0.5408990979194641
1984-12-29,0.5394852161407471
1984-12-30,0.5381062030792236
1984-12-31,0.5401963591575623
1985-01-01,0.5413987040519714
1985-01-02,0.5379600524902344
1985-01-03,0.5365898609161377
1985-01-04,0.5352824926376343
1985-01-05,0.534006655216217
1985-01-06,0.5327615141868591
1985-01-07,0.5315461158752441
1985-01-08,0.53035968542099
1985-01-09,0.5292012691497803
1985-01-10,0.5280702114105225
1985-01-11,0.5271637439727783
1985-01-12,0.5262303948402405
1985-01-13,0.525725781917572
1985-01-14,0.526438295841217
1985-01-15,0.5289056301116943
1985-01-16,0.5292922854423523
1985-01-17,0.5263758897781372
1985-01-18,0.5252867937088013
1985-01-19,0.5242486596107483
1985-01-20,0.523234486579895
1985-01-21,0.5222436785697937
1985-01-22,0.5212754011154175
1985-01-23,0.5203289985656738
1985-01-24,0.5194039344787598
1985-01-25,0.5184996128082275
1985-01-26,0.5176154971122742
1985-01-27,0.5167511701583862
1985-01-28,0.515906035900116
1985-01-29,0.5150796175003052
1985-01-30,0.5142714977264404
1985-01-31,0.5134811997413635
1985-02-01,0.5127082467079163
1985-02-02,0.51195228099823
1985-02-03,0.5112128257751465
1985-02-04,0.5104894638061523
1985-02-05,0.5097817778587341
1985-02-06,0.5090894103050232
1985-02-07,0.5084120035171509
1985-02-08,0.5077491402626038
1985-02-09,0.507100522518158
1985-02-10,0.5064657926559448
1985-02-11,0.5058445334434509
1985-02-12,0.5052365064620972
1985-02-13,0.5046414136886597
1985-02-14,0.504058837890625
1985-02-15,0.5034886002540588
1985-02-16,0.5029303431510925
1985-02-17,0.5023837685585022
1985-02-18,0.5018486380577087
1985-02-19,0.5013247132301331
1985-02-20,0.5008116364479065
1985-02-21,0.5005277395248413
1985-02-22,0.5001969337463379
1985-02-23,0.4995732009410858
1985-02-24,0.49909451603889465
1985-02-25,0.498627632856369
1985-02-26,0.4981703460216522
1985-02-27,0.49772244691848755
1985-02-28,0.4972837269306183
1985-03-01,0.4968539774417877
1985-03-02,0.49643296003341675
1985-03-03,0.49602052569389343
1985-03-04,0.49561646580696106
1985-03-05,0.4952206015586853
1985-03-06,0.49483272433280945
1985-03-07,0.49445268511772156
1985-03-08,0.4940803050994873
1985-03-09,0.49371543526649475
1985-03-10,0.4933578670024872
1985-03-11,0.49300748109817505
1985-03-12,0.492664098739624
1985-03-13,0.49232757091522217
1985-03-14,0.49199777841567993
1985-03-15,0.4916745126247406
1985-03-16,0.4913577139377594
1985-03-17,0.4910471737384796
1985-03-18,0.4907428026199341
1985-03-19,0.49044445157051086
1985-03-20,0.490151971578598
1985-03-21,0.4898652732372284
1985-03-22,0.4895842373371124
1985-03-23,0.4893087148666382
1985-03-24,0.4890386164188385
1985-03-25,0.48877382278442383
1985-03-26,0.4885142147541046
1985-03-27,0.4882596731185913
1985-03-28,0.48801010847091675
1985-03-29,0.4877654016017914
1985-03-30,0.48752549290657043
1985-03-31,0.48729023337364197
1985-04-01,0.4870595633983612
1985-04-02,0.4868333637714386
1985-04-03,0.486611545085907
1985-04-04,0.4863940477371216
1985-04-05,0.48618075251579285
1985-04-06,0.4859715700149536
1985-04-07,0.4858298599720001
1985-04-08,0.4897434711456299
1985-04-09,0.5135660767555237
1985-04-10,0.6317428350448608
1985-04-11,0.6963278651237488
1985-04-12,0.631020188331604
1985-04-13,0.6262722611427307
1985-04-14,0.6225228905677795
1985-04-15,0.618864893913269
1985-04-16,0.6152995228767395
1985-04-17,0.6118288040161133
1985-04-18,0.608454704284668
1985-04-19,0.6051766276359558
1985-04-20,0.601992130279541
1985-04-21,0.5988993048667908
1985-04-22,0.5958962440490723
1985-04-23,0.5929805636405945
1985-04-24,0.6002308130264282
1985-04-25,0.664651095867157
1985-04-26,0.6993851065635681
1985-04-27,0.6614583134651184
1985-04-28,0.6559303998947144
1985-04-29,0.6510724425315857
1985-04-30,0.6463845372200012
1985-05-01,0.6418468356132507
1985-05-02,0.6483297348022461
1985-05-03,0.6652887463569641
1985-05-04,0.6645087003707886
1985-05-05,0.6523705720901489
1985-05-06,0.647540271282196
1985-05-07,0.6429581642150879
1985-05-08,0.6385257244110107
1985-05-09,0.6342391967773438
1985-05-10,0.6300939321517944
1985-05-11,0.6260849833488464
1985-05-12,0.6310856342315674
1985-05-13,0.6406176090240479
1985-05-14,0.636741578578949
1985-05-15,0.6741771101951599
1985-05-16,0.7027881741523743
1985-05-17,0.6728830933570862
1985-05-18,0.6670416593551636
1985-05-19,0.7469247579574585
1985-05-20,0.8027175664901733
1985-05-21,0.7505647540092468
1985-05-22,1.0379301309585571
1985-05-23,1.2384953498840332
1985-05-24,1.0811465978622437
1985-05-25,1.0504809617996216
1985-05-26,1.023803472518921
1985-05-27,1.0708966255187988
1985-05-28,1.0944914817810059
1985-05-29,1.0384924411773682
1985-05-30,1.012024998664856
1985-05-31,0.9878252148628235
1985-06-01,0.965287446975708
1985-06-02,0.9442624449729919
1985-06-03,0.9246152639389038
1985-06-04,0.9062239527702332
1985-06-05,0.918639600276947
1985-06-06,0.9421246647834778
1985-06-07,0.925152599811554
1985-06-08,0.8986807465553284
1985-06-09,0.8818073868751526
1985-06-10,0.8660604357719421
1985-06-11,0.9319745302200317
1985-06-12,1.4411276578903198
1985-06-13,2.1097412109375
1985-06-14,2.0986099243164062
1985-06-15,1.8516414165496826
1985-06-16,1.8269113302230835
1985-06-17,1.7755497694015503
1985-06-18,1.64815354347229
1985-06-19,2.0453524589538574
1985-06-20,2.2275967597961426
1985-06-21,1.9485392570495605
1985-06-22,1.9268556833267212
1985-06-23,1.8724792003631592
1985-06-24,1.7292892932891846
1985-06-25,1.6290545463562012
1985-06-26,1.542306900024414
1985-06-27,1.4662511348724365
1985-06-28,1.399096131324768
1985-06-29,1.3394088745117188
1985-06-30,1.6302446126937866
1985-07-01,1.7848353385925293
1985-07-02,1.5889370441436768
1985-07-03,1.5050898790359497
1985-07-04,1.4330114126205444
1985-07-05,1.3692572116851807
1985-07-06,1.3124881982803345
1985-07-07,1.261642575263977
1985-07-08,1.3788630962371826
1985-07-09,1.4360331296920776
1985-07-10,1.3246169090270996
1985-07-11,1.2718020677566528
1985-07-12,1.2250593900680542
1985-07-13,1.182787299156189
1985-07-14,1.144391417503357
1985-07-15,1.1228588819503784
1985-07-16,1.099265694618225
1985-07-17,1.063491702079773
1985-07-18,1.0350804328918457
1985-07-19,1.0089179277420044
1985-07-20,0.9846906661987305
1985-07-21,0.9621959328651428
1985-07-22,0.9412574172019958
1985-07-23,0.9217217564582825
1985-07-24,0.9034566879272461
1985-07-25,0.8863449096679688
1985-07-26,0.8702797293663025
1985-07-27,0.8551688194274902
1985-07-28,0.8409320116043091
1985-07-29,0.8685880899429321
1985-07-30,0.9198094010353088
1985-07-31,0.9107698798179626
1985-08-01,0.8782593011856079
1985-08-02,0.8625063896179199
1985-08-03,0.8478887677192688
1985-08-04,0.8341003060340881
1985-08-05,0.8210728764533997
1985-08-06,0.8087396025657654
1985-08-07,0.7970532774925232
1985-08-08,0.7859668135643005
1985-08-09,0.7754371166229248
1985-08-10,0.7654251456260681
1985-08-11,0.75589519739151
1985-08-12,0.7468147873878479
1985-08-13,0.7381540536880493
1985-08-14,0.7298860549926758
1985-08-15,0.7219859957695007
1985-08-16,0.7144305109977722
1985-08-17,0.7071981430053711
1985-08-18,0.7002699375152588
1985-08-19,0.6936280131340027
1985-08-20,0.6872559189796448
1985-08-21,0.6811384558677673
1985-08-22,0.6752614378929138
1985-08-23,0.6696118116378784
1985-08-24,0.6641774773597717
1985-08-25,0.6589471101760864
1985-08-26,0.6574223041534424
1985-08-27,0.6649784445762634
1985-08-28,0.6653331518173218
1985-08-29,0.6695009469985962
1985-08-30,0.7051598429679871
1985-08-31,0.7136518955230713
1985-09-01,0.69134122133255
1985-09-02,0.6848706007003784
1985-09-03,0.6788735389709473
1985-09-04,0.6731035113334656
1985-09-05,0.6675529479980469
1985-09-06,0.6622101664543152
1985-09-07,0.6570613384246826
1985-09-08,0.6520995497703552
1985-09-09,0.6473159193992615
1985-09-10,0.6427021622657776
1985-09-11,0.6382503509521484
1985-09-12,0.6339528560638428
1985-09-13,0.6298026442527771
1985-09-14,0.6257929801940918
1985-09-15,0.6687664985656738
1985-09-16,0.698747992515564
1985-09-17,0.7111375331878662
1985-09-18,0.736120879650116
1985-09-19,0.7068375945091248
1985-09-20,0.7914335131645203
1985-09-21,0.8498495221138
1985-09-22,0.7939432263374329
1985-09-23,0.7825873494148254
1985-09-24,0.7723907828330994
1985-09-25,0.7626527547836304
1985-09-26,0.7533509135246277
1985-09-27,0.7444639801979065
1985-09-28,0.7359685897827148
1985-09-29,0.727841317653656
1985-09-30,0.720064103603363
1985-10-01,0.7126190662384033
1985-10-02,0.7054864168167114
1985-10-03,0.6986473202705383
1985-10-04,0.6920851469039917
1985-10-05,0.7450751066207886
1985-10-06,0.7810429334640503
1985-10-07,0.7425006628036499
1985-10-08,0.7336867451667786
1985-10-09,0.725679337978363
1985-10-10,0.7180095911026001
1985-10-11,0.7106605172157288
1985-10-12,0.7036152482032776
1985-10-13,0.6968570947647095
1985-10-14,0.6903706192970276
1985-10-15,0.6841417551040649
1985-10-16,0.6781572699546814
1985-10-17,0.6724041700363159
1985-10-18,0.6668700575828552
1985-10-19,0.6615438461303711
1985-10-20,0.6564149856567383
1985-10-21,0.690278172492981
1985-10-22,1.0060235261917114
1985-10-23,1.1886773109436035
1985-10-24,1.0316941738128662
1985-10-25,1.0049723386764526
1985-10-26,0.9819236993789673
1985-10-27,0.9603572487831116
1985-10-28,0.940152108669281
1985-10-29,0.9211902618408203
1985-10-30,0.9033680558204651
1985-10-31,0.8865999579429626
1985-11-01,0.8707961440086365
1985-11-02,0.8558849096298218
1985-11-03,0.8418074250221252
1985-11-04,0.828495979309082
1985-11-05,0.8158904314041138
1985-11-06,0.8039370179176331
1985-11-07,0.7925877571105957
1985-11-08,0.7818011045455933
1985-11-09,0.7715389728546143
1985-11-10,0.7617661356925964
1985-11-11,0.752450704574585
1985-11-12,0.7435633540153503
1985-11-13,0.7350776195526123
1985-11-14,0.7269687652587891
1985-11-15,0.7192139029502869
1985-11-16,0.7117920517921448
1985-11-17,0.7046834826469421
1985-11-18,0.6978697776794434
1985-11-19,0.6913340091705322
1985-11-20,0.6850609183311462
1985-11-21,0.6790362000465393
1985-11-22,0.6732461452484131
1985-11-23,0.6676779389381409
1985-11-24,0.6623200178146362
1985-11-25,0.6571614742279053
1985-11-26,0.652192234992981
1985-11-27,0.6474028825759888
1985-11-28,0.660956859588623
1985-11-29,0.6694858074188232
1985-11-30,0.6547149419784546
1985-12-01,0.6497058272361755
1985-12-02,0.6450154185295105
1985-12-03,0.6404904127120972
1985-12-04,0.6361227035522461
1985-12-05,0.6319047212600708
1985-12-06,0.6278299689292908
1985-12-07,0.6238917708396912
1985-12-08,0.6200839281082153
1985-12-09,0.6164005994796753
1985-12-10,0.6128363609313965
1985-12-11,0.6093862056732178
1985-12-12,0.6060453653335571
1985-12-13,0.602809488773346
1985-12-14,0.5996741652488708
1985-12-15,0.5966352820396423
1985-12-16,0.5936887860298157
1985-12-17,0.5908310413360596
1985-12-18,0.5880585312843323
1985-12-19,0.5912654995918274
1985-12-20,0.5929242372512817
1985-12-21,0.5905323028564453
1985-12-22,0.6026716828346252
1985-12-23,0.6066760420799255
1985-12-24,0.5967386960983276
1985-12-25,0.5937058925628662
1985-12-26,0.5908617377281189
1985-12-27,0.5881003141403198
1985-12-28,0.5854187607765198
1985-12-29,0.5828143954277039
1985-12-30,0.5802842974662781
1985-12-31,0.5778257250785828
1986-01-01,0.5754363536834717
1986-01-02,0.5731138586997986
1986-01-03,0.5708558559417725
1986-01-04,0.5686600804328918
1986-01-05,0.5665244460105896
1986-01-06,0.5644469261169434
1986-01-07,0.5624254941940308
1986-01-08,0.5604583024978638
1986-01-09,0.5585436820983887
1986-01-10,0.5566797852516174
1986-01-11,0.5548648834228516
1986-01-12,0.5530973672866821
1986-01-13,0.551375687122345
1986-01-14,0.5496984124183655
1986-01-15,0.5480639934539795
1986-01-16,0.5464712381362915
1986-01-17,0.5456783175468445
1986-01-18,0.5447198748588562
1986-01-19,0.5427699089050293
1986-01-20,0.541303813457489
1986-01-21,0.5398805141448975
1986-01-22,0.5384922623634338
1986-01-23,0.537138044834137
1986-01-24,0.5358167886734009
1986-01-25,0.534527599811554
1986-01-26,0.533269464969635
1986-01-27,0.5321740508079529
1986-01-28,0.5310725569725037
1986-01-29,0.5298187732696533
1986-01-30,0.5286718010902405
1986-01-31,0.5275529623031616
1986-02-01,0.5264602899551392
1986-02-02,0.5253931879997253
1986-02-03,0.5243508219718933
1986-02-04,0.5233325362205505
1986-02-05,0.5223377346992493
1986-02-06,0.5213657021522522
1986-02-07,0.5204159021377563
1986-02-08,0.5194876194000244
1986-02-09,0.518580436706543
1986-02-10,0.5176936388015747
1986-02-11,0.5168268084526062
1986-02-12,0.5159793496131897
1986-02-13,0.5155093669891357
1986-02-14,0.5149628520011902
1986-02-15,0.5139407515525818
1986-02-16,0.5131542086601257
1986-02-17,0.5123881697654724
1986-02-18,0.511638879776001
1986-02-19,0.5109059810638428
1986-02-20,0.5101890563964844
1986-02-21,0.5094876885414124
1986-02-22,0.5088014602661133
1986-02-23,0.5081301331520081
1986-02-24,0.5074731707572937
1986-02-25,0.5068303346633911
1986-02-26,0.5062012076377869
1986-02-27,0.5055855512619019
1986-02-28,0.5049828886985779
1986-03-01,0.5043931007385254
1986-03-02,0.5038157105445862
1986-03-03,0.5032505393028259
1986-03-04,0.5029466152191162
1986-03-05,0.5025887489318848
1986-03-06,0.5018966794013977
1986-03-07,0.5013694763183594
1986-03-08,0.5008555054664612
1986-03-09,0.5003522038459778
1986-03-10,0.4998593330383301
1986-03-11,0.49937668442726135
1986-03-12,0.49890395998954773
1986-03-13,0.49844101071357727
1986-03-14,0.4979875385761261
1986-03-15,0.4975433945655823
1986-03-16,0.4971083104610443
1986-03-17,0.4966821074485779
1986-03-18,0.49626460671424866
1986-03-19,0.4958555996417999
1986-03-20,0.495454877614975
1986-03-21,0.4950622618198395
1986-03-22,0.4946776032447815
1986-03-23,0.4943006932735443
1986-03-24,0.493931382894516
1986-03-25,0.4935694634914398
1986-03-26,0.49321484565734863
1986-03-27,0.4928673207759857
1986-03-28,0.49252673983573914
1986-03-29,0.49219295382499695
1986-03-30,0.4918658137321472
1986-03-31,0.4915452003479004
1986-04-01,0.49123093485832214
1986-04-02,0.4909229278564453
1986-04-03,0.49062100052833557
1986-04-04,0.49032506346702576
1986-04-05,0.49003496766090393
1986-04-06,0.48975056409835815
1986-04-07,0.48947179317474365
1986-04-08,0.4891984760761261
1986-04-09,0.4889305531978607
1986-04-10,0.4886678457260132
1986-04-11,0.4884103238582611
1986-04-12,0.48815780878067017
1986-04-13,0.4879102408885956
1986-04-14,0.4876675009727478
1986-04-15,0.48804542422294617
1986-04-16,0.4882676303386688
1986-04-17,0.48763391375541687
1986-04-18,0.48739099502563477
1986-04-19,0.4871583878993988
1986-04-20,0.4869302809238434
1986-04-21,0.48670661449432373
1986-04-22,0.4864872694015503
1986-04-23,0.48767831921577454
1986-04-24,0.509251594543457
1986-04-25,0.523507297039032
1986-04-26,0.5097764730453491
1986-04-27,0.508906900882721
1986-04-28,0.5111164450645447
1986-04-29,0.5188564658164978
1986-04-30,0.5209962129592896
1986-05-01,0.5162643790245056
1986-05-02,0.731774091720581
1986-05-03,0.8935293555259705
1986-05-04,0.7663868069648743
1986-05-05,0.7555722594261169
1986-05-06,0.840653121471405
1986-05-07,0.8979436755180359
1986-05-08,1.375048041343689
1986-05-09,1.7260679006576538
1986-05-10,1.4621107578277588
1986-05-11,1.394310474395752
1986-05-12,1.336318850517273
1986-05-13,1.2840694189071655
1986-05-14,1.2370084524154663
1986-05-15,1.1945286989212036
1986-05-16,1.1557705402374268
1986-05-17,1.1202800273895264
1986-05-18,1.088906168937683
1986-05-19,1.0598114728927612
1986-05-20,1.031785488128662
1986-05-21,1.0061312913894653
1986-05-22,0.9823005199432373
1986-05-23,0.9601097702980042
1986-05-24,0.9394063949584961
1986-05-25,0.9200565218925476
1986-05-26,0.9019407629966736
1986-05-27,0.8849506974220276
1986-05-28,0.8689891695976257
1986-05-29,0.8539690375328064
1986-05-30,0.883314847946167
1986-05-31,0.9439964294433594
1986-06-01,0.9389193654060364
1986-06-02,1.1195553541183472
1986-06-03,1.7289607524871826
1986-06-04,2.8899078369140625
1986-06-05,3.116478681564331
1986-06-06,2.5896425247192383
1986-06-07,2.3324978351593018
1986-06-08,2.130267381668091
1986-06-09,3.3967652320861816
1986-06-10,4.153926372528076
1986-06-11,3.4650471210479736
1986-06-12,2.960402011871338
1986-06-13,3.1996407508850098
1986-06-14,4.665144920349121
1986-06-15,4.6141791343688965
1986-06-16,3.6459388732910156
1986-06-17,3.1168479919433594
1986-06-18,2.737002372741699
1986-06-19,2.448894739151001
1986-06-20,2.2226059436798096
1986-06-21,3.7627902030944824
1986-06-22,4.297542572021484
1986-06-23,3.3793163299560547
1986-06-24,2.921459674835205
1986-06-25,2.587733030319214
1986-06-26,2.332029104232788
1986-06-27,2.1293795108795166
1986-06-28,1.963850736618042
1986-06-29,1.8262113332748413
1986-06-30,1.7099872827529907
1986-07-01,1.610556960105896
1986-07-02,1.5245487689971924
1986-07-03,1.4494508504867554
1986-07-04,1.383329153060913
1986-07-05,1.3246787786483765
1986-07-06,1.2723164558410645
1986-07-07,1.225294589996338
1986-07-08,1.182869791984558
1986-07-09,1.1444120407104492
1986-07-10,1.1093578338623047
1986-07-11,1.077266812324524
1986-07-12,1.0477912425994873
1986-07-13,1.0206372737884521
1986-07-14,0.9955401420593262
1986-07-15,0.9722731113433838
1986-07-16,0.9506462812423706
1986-07-17,0.9304866194725037
1986-07-18,0.9116551876068115
1986-07-19,0.8940268158912659
1986-07-20,0.8774919509887695
1986-07-21,0.8619534969329834
1986-07-22,0.8473256826400757
1986-07-23,0.8335323333740234
1986-07-24,0.8205054402351379
1986-07-25,0.8081842660903931
1986-07-26,0.7965142726898193
1986-07-27,0.7854465246200562
1986-07-28,0.7749367356300354
1986-07-29,0.7649450302124023
1986-07-30,0.7554351687431335
1986-07-31,0.746374249458313
1986-08-01,0.7377323508262634
1986-08-02,0.7294820547103882
1986-08-03,0.7215984463691711
1986-08-04,0.7140585780143738
1986-08-05,0.7068414092063904
1986-08-06,0.6999276876449585
1986-08-07,0.6932994723320007
1986-08-08,0.6869404315948486
1986-08-09,0.6808353066444397
1986-08-10,0.6749700307846069
1986-08-11,0.6693315505981445
1986-08-12,0.6639077067375183
1986-08-13,0.6586873531341553
1986-08-14,0.6536598801612854
1986-08-15,0.6488155722618103
1986-08-16,0.6441453099250793
1986-08-17,0.6396405100822449
1986-08-18,0.635293185710907
1986-08-19,0.6310958862304688
1986-08-20,0.6270416378974915
1986-08-21,0.6231237649917603
1986-08-22,0.6193361282348633
1986-08-23,0.6156728863716125
1986-08-24,0.6121286153793335
1986-08-25,0.6086981296539307
1986-08-26,0.6053764820098877
1986-08-27,0.6021591424942017
1986-08-28,0.5990418195724487
1986-08-29,0.5963537693023682
1986-08-30,0.5936719179153442
1986-08-31,0.5906354188919067
1986-09-01,0.5878608226776123
1986-09-02,0.5851748585700989
1986-09-03,0.5837907791137695
1986-09-04,0.7092944383621216
1986-09-05,0.7991946935653687
1986-09-06,0.7234716415405273
1986-09-07,0.7150338888168335
1986-09-08,0.9093999266624451
1986-09-09,1.0455594062805176
1986-09-10,0.9338020086288452
1986-09-11,0.9140352606773376
1986-09-12,0.8967226147651672
1986-09-13,0.8803732991218567
1986-09-14,0.8649262189865112
1986-09-15,0.8503232002258301
1986-09-16,0.83650803565979
1986-09-17,0.8234509825706482
1986-09-18,0.8110888600349426
1986-09-19,0.7993442416191101
1986-09-20,0.7881897687911987
1986-09-21,0.7775864005088806
1986-09-22,0.7674973607063293
1986-09-23,0.7578892111778259
1986-09-24,0.7487310767173767
1986-09-25,0.7399941682815552
1986-09-26,0.7337000370025635
1986-09-27,0.7313757538795471
1986-09-28,0.7255787253379822
1986-09-29,0.7158520817756653
1986-09-30,0.7085371613502502
1986-10-01,0.7929413318634033
1986-10-02,0.8508191704750061
1986-10-03,0.7948883771896362
1986-10-04,0.7833760976791382
1986-10-05,0.7730604410171509
1986-10-06,0.7632318139076233
1986-10-07,0.7538608908653259
1986-10-08,0.7449192404747009
1986-10-09,0.7363789081573486
1986-10-10,0.7282161116600037
1986-10-11,0.7204086184501648
1986-10-12,0.810714066028595
1986-10-13,1.1431646347045898
1986-10-14,1.475322961807251
1986-10-15,1.4582806825637817
1986-10-16,1.3322850465774536
1986-10-17,1.280771017074585
1986-10-18,1.2350834608078003
1986-10-19,1.193487286567688
1986-10-20,1.155465841293335
1986-10-21,1.120596170425415
1986-10-22,1.0885089635849
1986-10-23,1.05888032913208
1986-10-24,1.0314607620239258
1986-10-25,1.006042242050171
1986-10-26,0.9824264049530029
1986-10-27,0.9604266285896301
1986-10-28,0.9398872256278992
1986-10-29,0.9206734895706177
1986-10-30,0.9026661515235901
1986-10-31,0.8857578635215759
1986-11-01,0.8698533773422241
1986-11-02,0.8548706769943237
1986-11-03,0.8407354950904846
1986-11-04,0.8273801207542419
1986-11-05,0.8875271081924438
1986-11-06,0.9253526926040649
1986-11-07,0.8766032457351685
1986-11-08,0.8608337044715881
1986-11-09,0.8464232683181763
1986-11-10,0.8328058123588562
1986-11-11,0.8199232816696167
1986-11-12,0.8077235221862793
1986-11-13,0.7961585521697998
1986-11-14,0.7851828932762146
1986-11-15,0.7747508883476257
1986-11-16,0.7648215293884277
1986-11-17,0.7553611397743225
1986-11-18,0.7463389039039612
1986-11-19,0.7377272844314575
1986-11-20,0.729500949382782
1986-11-21,0.7216365337371826
1986-11-22,0.7141118049621582
1986-11-23,0.7069061398506165
1986-11-24,0.7000025510787964
1986-11-25,0.6933838129043579
1986-11-26,0.6870318055152893
1986-11-27,0.6965804696083069
1986-11-28,0.70179283618927
1986-11-29,0.6873608827590942
1986-11-30,0.6811457872390747
1986-12-01,0.6752883195877075
1986-12-02,0.6696550846099854
1986-12-03,0.664234459400177
1986-12-04,0.6590152382850647
1986-12-05,0.6539873480796814
1986-12-06,0.6491411328315735
1986-12-07,0.6444675922393799
1986-12-08,0.6399585008621216
1986-12-09,0.6356061100959778
1986-12-10,0.659274160861969
1986-12-11,0.6752126216888428
1986-12-12,0.655187726020813
1986-12-13,0.6501124501228333
1986-12-14,0.6454306840896606
1986-12-15,0.6409103870391846
1986-12-16,0.6365442872047424
1986-12-17,0.6323257088661194
1986-12-18,0.6282483339309692
1986-12-19,0.6246955394744873
1986-12-20,0.6272766590118408
1986-12-21,0.6332368850708008
1986-12-22,0.6300063729286194
1986-12-23,0.6230720281600952
1986-12-24,0.6192722916603088
1986-12-25,0.6156367659568787
1986-12-26,0.6121156811714172
1986-12-27,0.6087051033973694
1986-12-28,0.6054006218910217
1986-12-29,0.6021981835365295
1986-12-30,0.5990939736366272
1986-12-31,0.5960837602615356
1987-01-01,0.5931636095046997
1987-01-02,0.5903299450874329
1987-01-03,0.5875796675682068
1987-01-04,0.5849097967147827
1987-01-05,0.5823172330856323
1987-01-06,0.5797990560531616
1987-01-07,0.5773524641990662
1987-01-08,0.5749748349189758
1987-01-09,0.5726638436317444
1987-01-10,0.5704171061515808
1987-01-11,0.5682325959205627
1987-01-12,0.5661081075668335
1987-01-13,0.568230152130127
1987-01-14,0.5692681074142456
1987-01-15,0.5647410154342651
1987-01-16,0.5626780390739441
1987-01-17,0.5607051849365234
1987-01-18,0.5587848424911499
1987-01-19,0.5569154024124146
1987-01-20,0.5670087933540344
1987-01-21,0.5865421295166016
1987-01-22,0.5866678953170776
1987-01-23,0.5768677592277527
1987-01-24,0.574421763420105
1987-01-25,0.5721452832221985
1987-01-26,0.569929301738739
1987-01-27,0.567771852016449
1987-01-28,0.5656713247299194
1987-01-29,0.5636258125305176
1987-01-30,0.5616338849067688
1987-01-31,0.5596939921379089
1987-02-01,0.5652550458908081
1987-02-02,0.5698757767677307
1987-02-03,0.5642493367195129
1987-02-04,0.5616020560264587
1987-02-05,0.5596579909324646
1987-02-06,0.5577725768089294
1987-02-07,0.5559361577033997
1987-02-08,0.5541470050811768
1987-02-09,0.5524033904075623
1987-02-10,0.5507040023803711
1987-02-11,0.5490475296974182
1987-02-12,0.5474326610565186
1987-02-13,0.5458582043647766
1987-02-14,0.5443229675292969
1987-02-15,0.5428257584571838
1987-02-16,0.5413656234741211
1987-02-17,0.5399415493011475
1987-02-18,0.538552463054657
1987-02-19,0.5371973514556885
1987-02-20,0.5358752012252808
1987-02-21,0.534585177898407
1987-02-22,0.5333261489868164
1987-02-23,0.5320972800254822
1987-02-24,0.5308977961540222
1987-02-25,0.5297268033027649
1987-02-26,0.5285834670066833
1987-02-27,0.5274670124053955
1987-02-28,0.5263766646385193
1987-03-01,0.5253116488456726
1987-03-02,0.5252612233161926
1987-03-03,0.5249714851379395
1987-03-04,0.523349404335022
1987-03-05,0.5223458409309387
1987-03-06,0.5213738679885864
1987-03-07,0.5204240679740906
1987-03-08,0.5194957852363586
1987-03-09,0.5185885429382324
1987-03-10,0.5177016854286194
1987-03-11,0.5168347358703613
1987-03-12,0.5159871578216553
1987-03-13,0.515158474445343
1987-03-14,0.5143482089042664
1987-03-15,0.5135558247566223
1987-03-16,0.5127809643745422
1987-03-17,0.5120230913162231
1987-03-18,0.5112817883491516
1987-03-19,0.510556697845459
1987-03-20,0.5098474025726318
1987-03-21,0.509153425693512
1987-03-22,0.5086072683334351
1987-03-23,0.5080406665802002
1987-03-24,0.5073049664497375
1987-03-25,0.506664514541626
1987-03-26,0.5060389637947083
1987-03-27,0.5054267644882202
1987-03-28,0.5048274993896484
1987-03-29,0.5042409896850586
1987-03-30,0.5036668181419373
1987-03-31,0.5031047463417053
1987-04-01,0.5025544762611389
1987-04-02,0.5020157694816589
1987-04-03,0.5014883279800415
1987-04-04,0.5009718537330627
1987-04-05,0.5004661679267883
1987-04-06,0.4999709129333496
1987-04-07,0.49962669610977173
1987-04-08,0.49925556778907776
1987-04-09,0.4986988604068756
1987-04-10,0.49823886156082153
1987-04-11,0.49778956174850464
1987-04-12,0.49734944105148315
1987-04-13,0.49691832065582275
1987-04-14,0.4964960217475891
1987-04-15,0.49608227610588074
1987-04-16,0.4956769645214081
1987-04-17,0.49527987837791443
1987-04-18,0.49489080905914307
1987-04-19,0.49450960755348206
1987-04-20,0.4941360652446747
1987-04-21,0.49590662121772766
1987-04-22,0.4971265494823456
1987-04-23,0.4953802227973938
1987-04-24,0.4949701130390167
1987-04-25,0.4945874512195587
1987-04-26,0.49421247839927673
1987-04-27,0.49384498596191406
1987-04-28,0.49348488450050354
1987-04-29,0.49313199520111084
1987-04-30,0.49278613924980164
1987-05-01,0.4924471974372864
1987-05-02,0.4921150207519531
1987-05-03,0.49178946018218994
1987-05-04,0.4914703667163849
1987-05-05,0.5044136643409729
1987-05-06,0.5139221549034119
1987-05-07,0.5049977898597717
1987-05-08,0.5042924284934998
1987-05-09,0.5136702060699463
1987-05-10,0.5849390625953674
1987-05-11,0.625796914100647
1987-05-12,0.5848715305328369
1987-05-13,0.6033483147621155
1987-05-14,0.6634806990623474
1987-05-15,0.6822680234909058
1987-05-16,0.6518353819847107
1987-05-17,0.646844208240509
1987-05-18,0.6888729929924011
1987-05-19,0.7179243564605713
1987-05-20,0.687305748462677
1987-05-21,0.6809635162353516
1987-05-22,0.6751832365989685
1987-05-23,0.6695999503135681
1987-05-24,0.664221465587616
1987-05-25,0.6590369939804077
1987-05-26,0.6540250182151794
1987-05-27,0.6491870284080505
1987-05-28,0.6445189118385315
1987-05-29,0.6418819427490234
1987-05-30,0.6388711929321289
1987-05-31,0.6667593717575073
1987-06-01,0.6864133477210999
1987-06-02,0.6633235216140747
1987-06-03,0.6579009890556335
1987-06-04,2.3000693321228027
1987-06-05,3.4527838230133057
1987-06-06,2.652337074279785
1987-06-07,3.1747288703918457
1987-06-08,4.571600914001465
1987-06-09,7.140562057495117
1987-06-10,7.483007431030273
1987-06-11,5.848482131958008
1987-06-12,4.562960624694824
1987-06-13,3.7578327655792236
1987-06-14,3.219390630722046
1987-06-15,3.9418985843658447
1987-06-16,4.005078315734863
1987-06-17,3.280914306640625
1987-06-18,2.868939161300659
1987-06-19,2.559683084487915
1987-06-20,2.317115068435669
1987-06-21,2.121666669845581
1987-06-22,1.9607160091400146
1987-06-23,1.8258312940597534
1987-06-24,1.7112314701080322
1987-06-25,1.6127227544784546
1987-06-26,1.5271903276443481
1987-06-27,1.4523032903671265
1987-06-28,1.3862388134002686
1987-06-29,1.3275443315505981
1987-06-30,1.2750765085220337
1987-07-01,1.2279132604599
1987-07-02,1.1853028535842896
1987-07-03,1.1466268301010132
1987-07-04,1.111374020576477
1987-07-05,1.0791168212890625
1987-07-06,1.0494939088821411
1987-07-07,1.0221995115280151
1987-07-08,0.9969725012779236
1987-07-09,1.262176275253296
1987-07-10,1.4283978939056396
1987-07-11,1.272313117980957
1987-07-12,1.224204182624817
1987-07-13,1.1821647882461548
1987-07-14,1.1439303159713745
1987-07-15,1.1090787649154663
1987-07-16,1.0771689414978027
1987-07-17,1.0477927923202515
1987-07-18,1.02069091796875
1987-07-19,0.9956181645393372
1987-07-20,0.9723617434501648
1987-07-21,0.9507354497909546
1987-07-22,0.9305766820907593
1987-07-23,0.9117439985275269
1987-07-24,0.8941137790679932
1987-07-25,0.8775766491889954
1987-07-26,0.8620357513427734
1987-07-27,0.847405195236206
1987-07-28,0.8960623145103455
1987-07-29,0.9254352450370789
1987-07-30,0.8810789585113525
1987-07-31,0.864973247051239
1987-08-01,0.8502047061920166
1987-08-02,0.8362727165222168
1987-08-03,0.8231115937232971
1987-08-04,0.8106620907783508
1987-08-05,0.7988703846931458
1987-08-06,0.7876875996589661
1987-08-07,0.777069628238678
1987-08-08,0.7669763565063477
1987-08-09,0.7573711276054382
1987-08-10,0.7482209205627441
1987-08-11,0.7394953370094299
1987-08-12,0.731166422367096
1987-08-13,0.7232089042663574
1987-08-14,0.7155996561050415
1987-08-15,0.708317220211029
1987-08-16,0.701341986656189
1987-08-17,0.6946558952331543
1987-08-18,0.6882421970367432
1987-08-19,0.6820854544639587
1987-08-20,0.6761713624000549
1987-08-21,0.6704867482185364
1987-08-22,0.6650192737579346
1987-08-23,0.6597574353218079
1987-08-24,0.654690682888031
1987-08-25,0.6498090624809265
1987-08-26,0.6451032757759094
1987-08-27,0.6405647397041321
1987-08-28,0.6361852884292603
1987-08-29,0.6319573521614075
1987-08-30,0.6278738379478455
1987-08-31,0.7685626149177551
1987-09-01,1.0023800134658813
1987-09-02,1.009921908378601
1987-09-03,0.9310146570205688
1987-09-04,0.9119135141372681
1987-09-05,0.8947255611419678
1987-09-06,0.8784838914871216
1987-09-07,0.8631324172019958
1987-09-08,0.848615288734436
1987-09-09,0.8348795771598816
1987-09-10,0.8218737840652466
1987-09-11,0.8095481395721436
1987-09-12,0.7978563904762268
1987-09-13,0.7867555618286133
1987-09-14,0.776205837726593
1987-09-15,0.7661704421043396
1987-09-16,0.756615161895752
1987-09-17,0.7475085258483887
1987-09-18,0.7388213872909546
1987-09-19,0.7585594058036804
1987-09-20,0.7702112793922424
1987-09-21,1.0342928171157837
1987-09-22,1.226819634437561
1987-09-23,1.073973536491394
1987-09-24,1.0438735485076904
1987-09-25,1.0177112817764282
1987-09-26,0.9933552145957947
1987-09-27,1.1978217363357544
1987-09-28,1.3253213167190552
1987-09-29,1.5877066850662231
1987-09-30,1.7839851379394531
1987-10-01,1.5755488872528076
1987-10-02,1.4948744773864746
1987-10-03,1.4254786968231201
1987-10-04,1.3638274669647217
1987-10-05,1.308691382408142
1987-10-06,1.2590887546539307
1987-10-07,1.2142585515975952
1987-10-08,1.1735602617263794
1987-10-09,1.1364508867263794
1987-10-10,1.1024880409240723
1987-10-11,1.0712987184524536
1987-10-12,1.042568325996399
1987-10-13,1.0160235166549683
1987-10-14,0.9914278388023376
1987-10-15,0.9685791730880737
1987-10-16,0.947303295135498
1987-10-17,0.927448034286499
1987-10-18,0.9088788032531738
1987-10-19,0.8914778828620911
1987-10-20,0.8751412630081177
1987-10-21,0.8688952922821045
1987-10-22,0.8605672717094421
1987-10-23,0.8422396779060364
1987-10-24,0.8287055492401123
1987-10-25,0.8159685134887695
1987-10-26,0.8039096593856812
1987-10-27,1.6294540166854858
1987-10-28,2.1941471099853516
1987-10-29,1.7916511297225952
1987-10-30,1.67997145652771
1987-10-31,1.5877134799957275
1987-11-01,1.5072948932647705
1987-11-02,1.4365488290786743
1987-11-03,1.3738142251968384
1987-11-04,1.317805528640747
1987-11-05,1.2674925327301025
1987-11-06,1.2220686674118042
1987-11-07,1.1808618307113647
1987-11-08,1.143310785293579
1987-11-09,1.1089705228805542
1987-11-10,1.077466368675232
1987-11-11,1.048471212387085
1987-11-12,1.0497262477874756
1987-11-13,1.043013572692871
1987-11-14,1.0065845251083374
1987-11-15,0.982740581035614
1987-11-16,0.960695743560791
1987-11-17,0.9401296377182007
1987-11-18,0.9209006428718567
1987-11-19,0.9028846621513367
1987-11-20,0.8859792351722717
1987-11-21,0.8700870871543884
1987-11-22,0.8551174402236938
1987-11-23,0.8409919142723083
1987-11-24,0.8370408415794373
1987-11-25,0.8308144211769104
1987-11-26,0.8139854669570923
1987-11-27,0.8020325303077698
1987-11-28,0.7907558083534241
1987-11-29,0.7800460457801819
1987-11-30,0.7698615789413452
1987-12-01,0.7601655721664429
1987-12-02,0.7509253025054932
1987-12-03,0.7421103119850159
1987-12-04,0.7336928844451904
1987-12-05,0.7256485223770142
1987-12-06,0.7179556488990784
1987-12-07,0.7105925679206848
1987-12-08,0.7035382390022278
1987-12-09,0.6967755556106567
1987-12-10,0.6902878880500793
1987-12-11,0.6840595602989197
1987-12-12,0.6780766844749451
1987-12-13,0.6723262667655945
1987-12-14,0.6667957901954651
1987-12-15,0.6614733934402466
1987-12-16,0.656348705291748
1987-12-17,0.6514116525650024
1987-12-18,0.6466528177261353
1987-12-19,0.6420634984970093
1987-12-20,0.6376352310180664
1987-12-21,0.6333604454994202
1987-12-22,0.6292318105697632
1987-12-23,0.6252427101135254
1987-12-24,0.6213867664337158
1987-12-25,0.6176580786705017
1987-12-26,0.6140509843826294
1987-12-27,0.6105602979660034
1987-12-28,0.6071810126304626
1987-12-29,0.6039083003997803
1987-12-30,0.6007378101348877
1987-12-31,0.5976652503013611
1988-01-01,0.5946866869926453
1988-01-02,0.5969852209091187
1988-01-03,0.5979328751564026
1988-01-04,0.5920988321304321
1988-01-05,0.5892482399940491
1988-01-06,0.5865244269371033
1988-01-07,0.5838809013366699
1988-01-08,0.5813142657279968
1988-01-09,0.5788215398788452
1988-01-10,0.5764000415802002
1988-01-11,0.5740472078323364
1988-01-12,0.5717602968215942
1988-01-13,0.5695370435714722
1988-01-14,0.5675691366195679
1988-01-15,0.5663630366325378
1988-01-16,0.5647484064102173
1988-01-17,0.5622872710227966
1988-01-18,0.5603165030479431
1988-01-19,0.5584046244621277
1988-01-20,0.5565434098243713
1988-01-21,0.5547311902046204
1988-01-22,0.5529664158821106
1988-01-23,0.5526851415634155
1988-01-24,0.552059531211853
1988-01-25,0.5495350360870361
1988-01-26,0.547892689704895
1988-01-27,0.5463042855262756
1988-01-28,0.5447560548782349
1988-01-29,0.5432466864585876
1988-01-30,0.5417749881744385
1988-01-31,0.5403398275375366
1988-02-01,0.5389401316642761
1988-02-02,0.537574827671051
1988-02-03,0.5362427830696106
1988-02-04,0.5352658629417419
1988-02-05,0.5342339277267456
1988-02-06,0.5327929854393005
1988-02-07,0.5315737724304199
1988-02-08,0.5303863286972046
1988-02-09,0.5292271375656128
1988-02-10,0.5280951857566833
1988-02-11,0.5269898772239685
1988-02-12,0.5259104371070862
1988-02-13,0.5248560905456543
1988-02-14,0.5238261818885803
1988-02-15,0.5228200554847717
1988-02-16,0.5218369960784912
1988-02-17,0.520876407623291
1988-02-18,0.5199376940727234
1988-02-19,0.5191422700881958
1988-02-20,0.5183351635932922
1988-02-21,0.5173807740211487
1988-02-22,0.5165198445320129
1988-02-23,0.5156792998313904
1988-02-24,0.5148574113845825
1988-02-25,0.5140537619590759
1988-02-26,0.5132678747177124
1988-02-27,0.5124992728233337
1988-02-28,0.5117475390434265
1988-02-29,0.51109379529953
1988-03-01,0.5105575323104858
1988-03-02,0.5098920464515686
1988-03-03,0.5091217756271362
1988-03-04,0.5084424018859863
1988-03-05,0.5077787637710571
1988-03-06,0.5071293711662292
1988-03-07,0.506493866443634
1988-03-08,0.5058719515800476
1988-03-09,0.5052632689476013
1988-03-10,0.5046675205230713
1988-03-11,0.5040843486785889
1988-03-12,0.5035134553909302
1988-03-13,0.5029546618461609
1988-03-14,0.5024316310882568
1988-03-15,0.5019136667251587
1988-03-16,0.5013736486434937
1988-03-17,0.5008593201637268
1988-03-18,0.5003559589385986
1988-03-19,0.49986302852630615
1988-03-20,0.49938029050827026
1988-03-21,0.49890750646591187
1988-03-22,0.49844443798065186
1988-03-23,0.4979909360408783
1988-03-24,0.4975467026233673
1988-03-25,0.49711155891418457
1988-03-26,0.49668529629707336
1988-03-27,0.496267706155777
1988-03-28,0.49585863947868347
1988-03-29,0.49545785784721375
1988-03-30,0.49506518244743347
1988-03-31,0.4946804642677307
1988-04-01,0.49430349469184875
1988-04-02,0.49393412470817566
1988-04-03,0.4935721755027771
1988-04-04,0.49321746826171875
1988-04-05,0.49286991357803345
1988-04-06,0.49598047137260437
1988-04-07,0.49819767475128174
1988-04-08,0.4956163763999939
1988-04-09,0.4951898753643036
1988-04-10,0.5013887882232666
1988-04-11,0.50685054063797
1988-04-12,0.5029131770133972
1988-04-13,0.5017165541648865
1988-04-14,0.5011886954307556
1988-04-15,0.5008669495582581
1988-04-16,0.5005067586898804
1988-04-17,0.4998975098133087
1988-04-18,0.4994131624698639
1988-04-19,0.49894028902053833
1988-04-20,0.4984770119190216
1988-04-21,0.498023122549057
1988-04-22,0.4975784420967102
1988-04-23,0.4971427619457245
1988-04-24,0.4967159628868103
1988-04-25,0.4962978661060333
1988-04-26,0.49588820338249207
1988-04-27,0.49548688530921936
1988-04-28,0.4950936436653137
1988-04-29,0.4947083592414856
1988-04-30,0.49433085322380066
1988-05-01,0.4939609467983246
1988-05-02,0.49359846115112305
1988-05-03,0.4932432472705841
1988-05-04,0.4928951561450958
1988-05-05,0.4925540089607239
1988-05-06,0.4922196865081787
1988-05-07,0.4918920397758484
1988-05-08,0.4915708899497986
1988-05-09,0.49125614762306213
1988-05-10,0.4909476041793823
1988-05-11,0.4972037374973297
1988-05-12,0.5365805625915527
1988-05-13,0.5578300356864929
1988-05-14,0.5350728631019592
1988-05-15,0.5505863428115845
1988-05-16,0.5619138479232788
1988-05-17,0.5500667691230774
1988-05-18,0.5483070611953735
1988-05-19,0.5467355847358704
1988-05-20,0.5451907515525818
1988-05-21,0.5436802506446838
1988-05-22,0.542204737663269
1988-05-23,0.540763795375824
1988-05-24,0.5393569469451904
1988-05-25,0.5606760382652283
1988-05-26,0.5839718580245972
1988-05-27,0.57439124584198
1988-05-28,0.5674110054969788
1988-05-29,0.5652626156806946
1988-05-30,0.5632357597351074
1988-05-31,0.5612550973892212
1988-06-01,0.5937093496322632
1988-06-02,0.6169676184654236
1988-06-03,0.652929961681366
1988-06-04,0.6924546957015991
1988-06-05,0.6553563475608826
1988-06-06,0.6500766277313232
1988-06-07,0.645440399646759
1988-06-08,0.640957772731781
1988-06-09,0.6366019248962402
1988-06-10,0.6323846578598022
1988-06-11,0.6283046007156372
1988-06-12,0.6243575215339661
1988-06-13,0.6205382347106934
1988-06-14,0.6168422102928162
1988-06-15,0.6285216808319092
1988-06-16,0.636043131351471
1988-06-17,0.6237112879753113
1988-06-18,0.8228542804718018
1988-06-19,1.7328609228134155
1988-06-20,2.1331143379211426
1988-06-21,1.7642128467559814
1988-06-22,1.6570048332214355
1988-06-23,1.5674375295639038
1988-06-24,1.4888925552368164
1988-06-25,1.4195153713226318
1988-06-26,1.4366815090179443
1988-06-27,1.5510478019714355
1988-06-28,1.5377941131591797
1988-06-29,1.4299206733703613
1988-06-30,1.3665467500686646
1988-07-01,1.3104655742645264
1988-07-02,1.3933653831481934
1988-07-03,1.4991815090179443
1988-07-04,1.4397242069244385
1988-07-05,1.3560235500335693
1988-07-06,1.3011627197265625
1988-07-07,1.251969814300537
1988-07-08,1.2074666023254395
1988-07-09,1.1670478582382202
1988-07-10,1.1302034854888916
1988-07-11,1.0964964628219604
1988-07-12,1.1156762838363647
1988-07-13,1.1190088987350464
1988-07-14,1.0689924955368042
1988-07-15,1.0400018692016602
1988-07-16,1.013533115386963
1988-07-17,0.9890557527542114
1988-07-18,0.9663200378417969
1988-07-19,0.9451377987861633
1988-07-20,0.9253717064857483
1988-07-21,0.9068895578384399
1988-07-22,0.8895736336708069
1988-07-23,0.873335599899292
1988-07-24,0.8580648303031921
1988-07-25,0.8436635136604309
1988-07-26,0.8300804495811462
1988-07-27,0.8172457218170166
1988-07-28,0.8051007986068726
1988-07-29,0.7935930490493774
1988-07-30,0.78267502784729
1988-07-31,0.7723038196563721
1988-08-01,0.7624406814575195
1988-08-02,0.7530503869056702
1988-08-03,0.74410080909729
1988-08-04,0.7355628609657288
1988-08-05,0.7274097800254822
1988-08-06,0.7196172475814819
1988-08-07,0.7121627926826477
1988-08-08,0.7050259113311768
1988-08-09,0.6981876492500305
1988-08-10,0.6916306018829346
1988-08-11,0.6853386163711548
1988-08-12,0.6792967915534973
1988-08-13,0.6750648021697998
1988-08-14,0.6705960631370544
1988-08-15,0.6643301844596863
1988-08-16,0.8728542923927307
1988-08-17,1.021588683128357
1988-08-18,0.9023573398590088
1988-08-19,0.9706631302833557
1988-08-20,1.4216309785842896
1988-08-21,1.6312216520309448
1988-08-22,1.4234719276428223
1988-08-23,1.361467719078064
1988-08-24,1.3077259063720703
1988-08-25,1.2591800689697266
1988-08-26,1.2148960828781128
1988-08-27,1.1744894981384277
1988-08-28,1.137514352798462
1988-08-29,1.233500361442566
1988-08-30,1.2840063571929932
1988-08-31,1.3619030714035034
1988-09-01,1.6224392652511597
1988-09-02,2.504595994949341
1988-09-03,2.8231327533721924
1988-09-04,2.368705987930298
1988-09-05,2.158620595932007
1988-09-06,1.9904026985168457
1988-09-07,1.8506059646606445
1988-09-08,1.7324998378753662
1988-09-09,1.6314057111740112
1988-09-10,1.5439136028289795
1988-09-11,1.467441439628601
1988-09-12,1.4000319242477417
1988-09-13,1.3401732444763184
1988-09-14,1.2866835594177246
1988-09-15,1.2386116981506348
1988-09-16,2.81225323677063
1988-09-17,17.24478530883789
1988-09-18,14.752821922302246
1988-09-19,7.876174449920654
1988-09-20,5.578243732452393
1988-09-21,5.276886940002441
1988-09-22,4.682973861694336
1988-09-23,3.7889151573181152
1988-09-24,3.246537685394287
1988-09-25,2.855172872543335
1988-09-26,2.5573770999908447
1988-09-27,2.3225109577178955
1988-09-28,2.132174015045166
1988-09-29,1.9746026992797852
1988-09-30,2.105626106262207
1988-10-01,2.124378204345703
1988-10-02,2.9622085094451904
1988-10-03,3.311741590499878
1988-10-04,2.746683359146118
1988-10-05,2.461596727371216
1988-10-06,2.2401340007781982
1988-10-07,2.0608837604522705
1988-10-08,1.9126489162445068
1988-10-09,1.7878451347351074
1988-10-10,1.6812140941619873
1988-10-11,1.5891000032424927
1988-10-12,1.5087330341339111
1988-10-13,1.4379714727401733
1988-10-14,1.375185489654541
1988-10-15,1.319096565246582
1988-10-16,1.2686961889266968
1988-10-17,1.2231669425964355
1988-10-18,1.1818400621414185
1988-10-19,1.1441739797592163
1988-10-20,1.109714150428772
1988-10-21,1.0780751705169678
1988-10-22,1.0489319562911987
1988-10-23,1.0220048427581787
1988-10-24,0.9970529079437256
1988-10-25,0.9738725423812866
1988-10-26,0.952288806438446
1988-10-27,2.6854889392852783
1988-10-28,3.7495617866516113
1988-10-29,2.907301902770996
1988-10-30,2.576683759689331
1988-10-31,2.327554702758789
1988-11-01,2.129243850708008
1988-11-02,1.9674830436706543
1988-11-03,1.8328006267547607
1988-11-04,1.7187353372573853
1988-11-05,1.6208370923995972
1988-11-06,1.5359435081481934
1988-11-07,1.4615826606750488
1988-11-08,1.3958688974380493
1988-11-09,1.3373807668685913
1988-11-10,1.284991979598999
1988-11-11,1.2378051280975342
1988-11-12,1.195085883140564
1988-11-13,1.1562330722808838
1988-11-14,1.1207472085952759
1988-11-15,1.0882136821746826
1988-11-16,1.0582886934280396
1988-11-17,1.0306854248046875
1988-11-18,1.0051459074020386
1988-11-19,0.981439471244812
1988-11-20,0.9593839645385742
1988-11-21,0.9388254880905151
1988-11-22,0.9196194410324097
1988-11-23,0.9016347527503967
1988-11-24,0.8847580552101135
1988-11-25,0.873572587966919
1988-11-26,0.8787306547164917
1988-11-27,0.8737040162086487
1988-11-28,0.8514489531517029
1988-11-29,0.8374441266059875
1988-11-30,0.8243154883384705
1988-12-01,0.8118900060653687
1988-12-02,0.80011385679245
1988-12-03,0.7889379858970642
1988-12-04,0.7783190011978149
1988-12-05,0.768218457698822
1988-12-06,0.7586009502410889
1988-12-07,0.7494335174560547
1988-12-08,0.7406865954399109
1988-12-09,0.7464553117752075
1988-12-10,0.7483361959457397
1988-12-11,0.7330093383789062
1988-12-12,0.7249169945716858
1988-12-13,0.7172760367393494
1988-12-14,0.7099589705467224
1988-12-15,0.7029463648796082
1988-12-16,0.6962212324142456
1988-12-17,0.6897686123847961
1988-12-18,0.6835732460021973
1988-12-19,0.6776202917098999
1988-12-20,0.67189621925354
1988-12-21,0.6663891077041626
1988-12-22,0.6610878109931946
1988-12-23,0.6559818983078003
1988-12-24,0.6510617136955261
1988-12-25,0.6463180780410767
1988-12-26,0.6417425870895386
1988-12-27,0.6373270750045776
1988-12-28,0.6330641508102417
1988-12-29,0.6289469599723816
1988-12-30,0.6249685883522034
1988-12-31,0.6211226582527161
1989-01-01,0.6174033880233765
1989-01-02,0.6138051748275757
1989-01-03,0.6103227138519287
1989-01-04,0.6069510579109192
1989-01-05,0.6036856174468994
1989-01-06,0.600521981716156
1989-01-07,0.5974558591842651
1989-01-08,0.5944834351539612
1989-01-09,0.5916008949279785
1989-01-10,0.5888046622276306
1989-01-11,0.5860913991928101
1989-01-12,0.583457887172699
1989-01-13,0.580901026725769
1989-01-14,0.5784180164337158
1989-01-15,0.5760059952735901
1989-01-16,0.5736624002456665
1989-01-17,0.5713847279548645
1989-01-18,0.5691705346107483
1989-01-19,0.5670176148414612
1989-01-20,0.5679839849472046
1989-01-21,0.5681727528572083
1989-01-22,0.5643118619918823
1989-01-23,0.5622668266296387
1989-01-24,0.5603023767471313
1989-01-25,0.5583904385566711
1989-01-26,0.55652916431427
1989-01-27,0.554716944694519
1989-01-28,0.5529521703720093
1989-01-29,0.5512332320213318
1989-01-30,0.5495587587356567
1989-01-31,0.54792720079422
1989-02-01,0.5474135279655457
1989-02-02,0.5466497540473938
1989-02-03,0.5444676280021667
1989-02-04,0.5429559946060181
1989-02-05,0.5414913296699524
1989-02-06,0.5400630235671997
1989-02-07,0.540248453617096
1989-02-08,0.5400444865226746
1989-02-09,0.5377281904220581
1989-02-10,0.5363792181015015
1989-02-11,0.5350766181945801
1989-02-12,0.5338053703308105
1989-02-13,0.5325646996498108
1989-02-14,0.5313536524772644
1989-02-15,0.5301714539527893
1989-02-16,0.5290172696113586
1989-02-17,0.5289761424064636
1989-02-18,0.52867192029953
1989-02-19,0.5269090533256531
1989-02-20,0.5258222222328186
1989-02-21,0.5247700214385986
1989-02-22,0.5237421989440918
1989-02-23,0.5227380394935608
1989-02-24,0.5217569470405579
1989-02-25,0.5207982659339905
1989-02-26,0.5198614001274109
1989-02-27,0.5189457535743713
1989-02-28,0.5180507898330688
1989-03-01,0.5171759128570557
1989-03-02,0.5163819193840027
1989-03-03,0.5155908465385437
1989-03-04,0.5147340297698975
1989-03-05,0.5139325857162476
1989-03-06,0.5131493806838989
1989-03-07,0.5123834609985352
1989-03-08,0.5116342902183533
1989-03-09,0.5109014511108398
1989-03-10,0.510184645652771
1989-03-11,0.5094833374023438
1989-03-12,0.508797287940979
1989-03-13,0.5081259608268738
1989-03-14,0.507469117641449
1989-03-15,0.5068263411521912
1989-03-16,0.5061973333358765
1989-03-17,0.5055817365646362
1989-03-18,0.5049791932106018
1989-03-19,0.5043894648551941
1989-03-20,0.5038121342658997
1989-03-21,0.5032470226287842
1989-03-22,0.502693772315979
1989-03-23,0.502152144908905
1989-03-24,0.5016218423843384
1989-03-25,0.5011026263237
1989-03-26,0.5005941987037659
1989-03-27,0.500096321105957
1989-03-28,0.49960872530937195
1989-03-29,0.4991312325000763
1989-03-30,0.4986635744571686
1989-03-31,0.4982055425643921
1989-04-01,0.4977569282054901
1989-04-02,0.49731749296188354
1989-04-03,0.4968870282173157
1989-04-04,0.4964653253555298
1989-04-05,0.49605223536491394
1989-04-06,0.49564751982688904
1989-04-07,0.49525102972984314
1989-04-08,0.49486255645751953
1989-04-09,0.4944818913936615
1989-04-10,0.4941089451313019
1989-04-11,0.49395081400871277
1989-04-12,0.4937458038330078
1989-04-13,0.49325934052467346
1989-04-14,0.4929090440273285
1989-04-15,0.49318188428878784
1989-04-16,0.4947943091392517
1989-04-17,0.49516794085502625
1989-04-18,0.4938518702983856
1989-04-19,0.49347829818725586
1989-04-20,0.4931255877017975
1989-04-21,0.4927799105644226
1989-04-22,0.4924411177635193
1989-04-23,0.492109090089798
1989-04-24,0.49178364872932434
1989-04-25,0.4914647042751312
1989-04-26,0.4911520481109619
1989-04-27,0.5043563842773438
1989-04-28,0.514060378074646
1989-04-29,0.5049744248390198
1989-04-30,0.5042667984962463
1989-05-01,0.508980393409729
1989-05-02,0.5123210549354553
1989-05-03,0.5386882424354553
1989-05-04,0.5604106187820435
1989-05-05,0.5405130982398987
1989-05-06,0.5388625264167786
1989-05-07,0.5375122427940369
1989-05-08,0.5361909866333008
1989-05-09,0.5348989367485046
1989-05-10,0.533636212348938
1989-05-11,0.5324025750160217
1989-05-12,0.5311975479125977
1989-05-13,0.530020534992218
1989-05-14,0.5288708806037903
1989-05-15,0.5277479887008667
1989-05-16,0.5266512036323547
1989-05-17,0.5255798101425171
1989-05-18,0.5245333313941956
1989-05-19,0.5235109329223633
1989-05-20,0.5225120782852173
1989-05-21,0.5215360522270203
1989-05-22,0.520582377910614
1989-05-23,0.5196503400802612
1989-05-24,0.5187394618988037
1989-05-25,0.5178490877151489
1989-05-26,0.5169787406921387
1989-05-27,0.5163647532463074
1989-05-28,0.5157070159912109
1989-05-29,0.5147418975830078
1989-05-30,0.5139387249946594
1989-05-31,0.5131553411483765
1989-06-01,0.5123892426490784
1989-06-02,0.5116398930549622
1989-06-03,0.510906994342804
1989-06-04,0.5101900100708008
1989-06-05,0.5094886422157288
1989-06-06,0.5088024139404297
1989-06-07,0.5081310272216797
1989-06-08,0.5074740648269653
1989-06-09,0.506831169128418
1989-06-10,0.5062020421028137
1989-06-11,0.5055863261222839
1989-06-12,0.5049837231636047
1989-06-13,0.504554033279419
1989-06-14,0.5073581337928772
1989-06-15,0.5090954303741455
1989-06-16,0.5064272880554199
1989-06-17,0.5057780146598816
1989-06-18,0.505171537399292
1989-06-19,0.5059982538223267
1989-06-20,0.5064641237258911
1989-06-21,0.504976749420166
1989-06-22,0.504374623298645
1989-06-23,0.5037977695465088
1989-06-24,0.5032331347465515
1989-06-25,0.5026803612709045
1989-06-26,0.5192269086837769
1989-06-27,0.5361641645431519
1989-06-28,0.5282206535339355
1989-06-29,0.5240873098373413
1989-06-30,0.5230386257171631
1989-07-01,0.5220544934272766
1989-07-02,0.521091639995575
1989-07-03,0.520149827003479
1989-07-04,0.5192288160324097
1989-07-05,0.5238452553749084
1989-07-06,0.527022659778595
1989-07-07,0.5226467847824097
1989-07-08,0.521621823310852
1989-07-09,0.5206673741340637
1989-07-10,0.5197343230247498
1989-07-11,0.5188223123550415
1989-07-12,0.5179311037063599
1989-07-13,0.5170596837997437
1989-07-14,0.5162073373794556
1989-07-15,0.515373945236206
1989-07-16,0.5145589709281921
1989-07-17,0.5137620568275452
1989-07-18,0.5129826664924622
1989-07-19,0.5122203826904297
1989-07-20,0.5114747881889343
1989-07-21,0.5111109614372253
1989-07-22,0.51066654920578
1989-07-23,0.5097333192825317
1989-07-24,0.5098801851272583
1989-07-25,0.5110110640525818
1989-07-26,0.519367516040802
1989-07-27,0.5243313312530518
1989-07-28,0.5180737376213074
1989-07-29,0.5171247124671936
1989-07-30,0.5162725448608398
1989-07-31,0.5154387950897217
1989-08-01,0.5146231651306152
1989-08-02,0.5138252973556519
1989-08-03,0.5130448341369629
1989-08-04,0.5122814774513245
1989-08-05,0.5115346908569336
1989-08-06,0.5433502793312073
1989-08-07,0.5666857957839966
1989-08-08,0.5453757047653198
1989-08-09,0.5435811281204224
1989-08-10,0.5421106815338135
1989-08-11,0.540674090385437
1989-08-12,0.5392711162567139
1989-08-13,0.5379013419151306
1989-08-14,0.5365639925003052
1989-08-15,0.5535325407981873
1989-08-16,0.565674364566803
1989-08-17,0.5530325770378113
1989-08-18,0.5511671900749207
1989-08-19,0.5495027303695679
1989-08-20,0.5478784441947937
1989-08-21,0.5462938547134399
1989-08-22,0.5447483062744141
1989-08-23,0.5432416200637817
1989-08-24,0.5417724847793579
1989-08-25,0.5403385758399963
1989-08-26,0.5389397740364075
1989-08-27,0.5375751256942749
1989-08-28,0.5362436771392822
1989-08-29,0.5349445343017578
1989-08-30,0.5336765646934509
1989-08-31,0.5324389934539795
1989-09-01,0.5312309265136719
1989-09-02,0.530051589012146
1989-09-03,0.528900146484375
1989-09-04,0.5277758836746216
1989-09-05,0.528155505657196
1989-09-06,0.5281670689582825
1989-09-07,0.5343049764633179
1989-09-08,0.5391957759857178
1989-09-09,0.5330237150192261
1989-09-10,0.5317329168319702
1989-09-11,0.53054279088974
1989-09-12,0.5293805599212646
1989-09-13,0.5282455086708069
1989-09-14,0.5660913586616516
1989-09-15,0.5937102437019348
1989-09-16,0.5684035420417786
1989-09-17,0.5659650564193726
1989-09-18,0.5639183521270752
1989-09-19,0.5619226694107056
1989-09-20,0.5599772334098816
1989-09-21,0.5580812096595764
1989-09-22,0.8105183839797974
1989-09-23,0.9979454278945923
1989-09-24,0.85370272397995
1989-09-25,0.838403582572937
1989-09-26,0.8256933093070984
1989-09-27,0.8135589957237244
1989-09-28,0.8019772171974182
1989-09-29,0.7909194231033325
1989-09-30,0.7803632616996765
1989-10-01,0.7702813744544983
1989-10-02,0.7606499195098877
1989-10-03,0.751447856426239
1989-10-04,0.742652177810669
1989-10-05,0.7342402338981628
1989-10-06,0.7261914610862732
1989-10-07,0.7184867262840271
1989-10-08,0.8148075342178345
1989-10-09,0.8809083104133606
1989-10-10,0.8185360431671143
1989-10-11,0.8058265447616577
1989-10-12,0.7944629192352295
1989-10-13,0.7836472988128662
1989-10-14,0.7733444571495056
1989-10-15,0.7635225057601929
1989-10-16,0.7541531324386597
1989-10-17,0.7452094554901123
1989-10-18,0.7538327574729919
1989-10-19,0.7576536536216736
1989-10-20,0.7405388951301575
1989-10-21,0.7321051955223083
1989-10-22,0.7241581082344055
1989-10-23,0.7165493965148926
1989-10-24,0.7092602849006653
1989-10-25,0.7022730112075806
1989-10-26,0.6955708265304565
1989-10-27,0.6891379356384277
1989-10-28,0.6829599738121033
1989-10-29,0.6770232319831848
1989-10-30,0.6713151335716248
1989-10-31,0.6721984148025513
1989-11-01,0.671438992023468
1989-11-02,0.6681324243545532
1989-11-03,0.666766881942749
1989-11-04,0.6587032079696655
1989-11-05,0.6536470651626587
1989-11-06,0.6488137245178223
1989-11-07,0.6441519260406494
1989-11-08,0.6396535634994507
1989-11-09,0.6353112459182739
1989-11-10,0.6311179995536804
1989-11-11,0.6346940994262695
1989-11-12,0.6362469792366028
1989-11-13,0.6280020475387573
1989-11-14,0.6239990592002869
1989-11-15,0.6201880574226379
1989-11-16,0.6165016293525696
1989-11-17,0.6129347085952759
1989-11-18,0.6094820499420166
1989-11-19,0.6061388254165649
1989-11-20,0.6029003262519836
1989-11-21,0.5997622013092041
1989-11-22,0.5967203378677368
1989-11-23,0.5937710404396057
1989-11-24,0.5909106731414795
1989-11-25,0.5881356000900269
1989-11-26,0.5854425430297852
1989-11-27,0.5828283429145813
1989-11-28,0.5802900195121765
1989-11-29,0.5778247714042664
1989-11-30,0.5754299163818359
1989-12-01,0.5731028318405151
1989-12-02,0.587002158164978
1989-12-03,0.6984490752220154
1989-12-04,0.7609354257583618
1989-12-05,0.6993333101272583
1989-12-06,0.6921942234039307
1989-12-07,0.6860973238945007
1989-12-08,0.6802173852920532
1989-12-09,0.674551248550415
1989-12-10,0.6690858602523804
1989-12-11,0.6638060808181763
1989-12-12,0.6587100028991699
1989-12-13,0.6537958979606628
1989-12-14,0.6490499377250671
1989-12-15,0.6444597840309143
1989-12-16,0.6400214433670044
1989-12-17,0.6357330679893494
1989-12-18,0.6315872073173523
1989-12-19,0.6275748014450073
1989-12-20,0.6278737187385559
1989-12-21,0.6271233558654785
1989-12-22,0.6290683746337891
1989-12-23,0.6311479210853577
1989-12-24,0.6229164600372314
1989-12-25,0.6191431283950806
1989-12-26,0.6155491471290588
1989-12-27,0.6120640635490417
1989-12-28,0.608683705329895
1989-12-29,0.6054039597511292
1989-12-30,0.6022211313247681
1989-12-31,0.5991326570510864
1990-01-01,0.5961364507675171
1990-01-02,0.5932289361953735
1990-01-03,0.5904055237770081
1990-01-04,0.5876633524894714
1990-01-05,0.5849997997283936
1990-01-06,0.5824123620986938
1990-01-07,0.5798985958099365
1990-01-08,0.5774556994438171
1990-01-09,0.5750807523727417
1990-01-10,0.5727715492248535
1990-01-11,0.5705257058143616
1990-01-12,0.5732194781303406
1990-01-13,0.5746439695358276
1990-01-14,0.5695977807044983
1990-01-15,0.5674009323120117
1990-01-16,0.5653036236763
1990-01-17,0.5632623434066772
1990-01-18,0.5612753033638
1990-01-19,0.5593407154083252
1990-01-20,0.5574571490287781
1990-01-21,0.5556229948997498
1990-01-22,0.5538366436958313
1990-01-23,0.5520966053009033
1990-01-24,0.5504012703895569
1990-01-25,0.5487493276596069
1990-01-26,0.5471395254135132
1990-01-27,0.545570433139801
1990-01-28,0.544040858745575
1990-01-29,0.543059229850769
1990-01-30,0.5419777035713196
1990-01-31,0.5402407050132751
1990-02-01,0.5388393402099609
1990-02-02,0.537476658821106
1990-02-03,0.5361472368240356
1990-02-04,0.5348500609397888
1990-02-05,0.5335842370986938
1990-02-06,0.5335647463798523
1990-02-07,0.5332497954368591
1990-02-08,0.5313053131103516
1990-02-09,0.5301139950752258
1990-02-10,0.5289613604545593
1990-02-11,0.5278358459472656
1990-02-12,0.5267366766929626
1990-02-13,0.5256631970405579
1990-02-14,0.524614691734314
1990-02-15,0.5235903859138489
1990-02-16,0.5225896835327148
1990-02-17,0.5216119289398193
1990-02-18,0.5208508968353271
1990-02-19,0.5200600028038025
1990-02-20,0.5190234780311584
1990-02-21,0.518125057220459
1990-02-22,0.5172485709190369
1990-02-23,0.5163917541503906
1990-02-24,0.5155540704727173
1990-02-25,0.5147349834442139
1990-02-26,0.5139340162277222
1990-02-27,0.5131508111953735
1990-02-28,0.5123847723007202
1990-03-01,0.5116356015205383
1990-03-02,0.5109027624130249
1990-03-03,0.5101858973503113
1990-03-04,0.509484589099884
1990-03-05,0.5088265538215637
1990-03-06,0.5081759095191956
1990-03-07,0.507500946521759
1990-03-08,0.5068572163581848
1990-03-09,0.5062275528907776
1990-03-10,0.5056113004684448
1990-03-11,0.5050081610679626
1990-03-12,0.5044177770614624
1990-03-13,0.503839910030365
1990-03-14,0.5032742023468018
1990-03-15,0.5027203559875488
1990-03-16,0.5021781921386719
1990-03-17,0.5016473531723022
1990-03-18,0.5011275410652161
1990-03-19,0.500618577003479
1990-03-20,0.500120222568512
1990-03-21,0.4996321499347687
1990-03-22,0.4991541802883148
1990-03-23,0.4986860454082489
1990-03-24,0.4982275664806366
1990-03-25,0.4977784752845764
1990-03-26,0.49733859300613403
1990-03-27,0.49765628576278687
1990-03-28,0.4977867305278778
1990-03-29,0.4968854784965515
1990-03-30,0.49645715951919556
1990-03-31,0.49604424834251404
1990-04-01,0.49563971161842346
1990-04-02,0.49533483386039734
1990-04-03,0.4962182641029358
1990-04-04,0.4966675341129303
1990-04-05,0.49550628662109375
1990-04-06,0.4951019585132599
1990-04-07,0.494716614484787
1990-04-08,0.4943389892578125
1990-04-09,0.4939689636230469
1990-04-10,0.4936063587665558
1990-04-11,0.4933890998363495
1990-04-12,0.49314287304878235
1990-04-13,0.4927113354206085
1990-04-14,0.49237266182899475
1990-04-15,0.4920419752597809
1990-04-16,0.4917178452014923
1990-04-17,0.49140018224716187
1990-04-18,0.4910888373851776
1990-04-19,0.4908679723739624
1990-04-20,0.49072137475013733
1990-04-21,0.4904395341873169
1990-04-22,0.49009037017822266
1990-04-23,0.48980408906936646
1990-04-24,0.4895242750644684
1990-04-25,0.48924994468688965
1990-04-26,0.4889810085296631
1990-04-27,0.48871731758117676
1990-04-28,0.4884588122367859
1990-04-29,0.4882053732872009
1990-04-30,0.4879568815231323
1990-05-01,0.4877132177352905
1990-05-02,0.48747432231903076
1990-05-03,0.4872400462627411
1990-05-04,0.4870103597640991
1990-05-05,0.48714473843574524
1990-05-06,0.4898754060268402
1990-05-07,0.4914095401763916
1990-05-08,0.48942264914512634
1990-05-09,0.4891262650489807
1990-05-10,0.4888599216938019
1990-05-11,0.4885987341403961
1990-05-12,0.48834264278411865
1990-05-13,0.4882681965827942
1990-05-14,0.4881526529788971
1990-05-15,0.4877951741218567
1990-05-16,0.48755311965942383
1990-05-17,0.48731735348701477
1990-05-18,0.4870861768722534
1990-05-19,0.4868594706058502
1990-05-20,0.4866371750831604
1990-05-21,0.4864191710948944
1990-05-22,0.48620539903640747
1990-05-23,0.48599573969841003
1990-05-24,0.4857901334762573
1990-05-25,0.48558852076530457
1990-05-26,0.4853907823562622
1990-05-27,0.4851968288421631
1990-05-28,0.4850066304206848
1990-05-29,0.4848872423171997
1990-05-30,0.48475396633148193
1990-05-31,0.4845302402973175
1990-06-01,0.4843851923942566
1990-06-02,0.48423561453819275
1990-06-03,0.4840431809425354
1990-06-04,0.4838747978210449
1990-06-05,0.4837099313735962
1990-06-06,0.48354819416999817
1990-06-07,0.48338955640792847
1990-06-08,0.4832339584827423
1990-06-09,0.48308131098747253
1990-06-10,0.48293155431747437
1990-06-11,0.4827846586704254
1990-06-12,0.4826405644416809
1990-06-13,0.48251622915267944
1990-06-14,0.4823901653289795
1990-06-15,0.4822428226470947
1990-06-16,0.48210886120796204
1990-06-17,0.48197755217552185
1990-06-18,0.48184874653816223
1990-06-19,0.4817223846912384
1990-06-20,0.4815984070301056
1990-06-21,0.481476753950119
1990-06-22,0.4813573956489563
1990-06-23,0.48124030232429504
1990-06-24,0.48122748732566833
1990-06-25,0.4811903238296509
1990-06-26,0.481012225151062
1990-06-27,0.48090070486068726
1990-06-28,0.48079219460487366
1990-06-29,0.4806857407093048
1990-06-30,0.48058128356933594
1990-07-01,0.531757652759552
1990-07-02,0.5698953866958618
1990-07-03,0.5367399454116821
1990-07-04,0.5350016355514526
1990-07-05,0.5337518453598022
1990-07-06,0.6242294311523438
1990-07-07,0.9257727861404419
1990-07-08,1.039878010749817
1990-07-09,0.9094022512435913
1990-07-10,0.8911935687065125
1990-07-11,0.875663697719574
1990-07-12,0.8611257672309875
1990-07-13,0.8514649868011475
1990-07-14,0.9015884399414062
1990-07-15,0.9284340143203735
1990-07-16,0.8858920931816101
1990-07-17,0.8701083064079285
1990-07-18,0.8692983984947205
1990-07-19,0.8648333549499512
1990-07-20,0.844677746295929
1990-07-21,0.8312073349952698
1990-07-22,0.8184912800788879
1990-07-23,0.8069706559181213
1990-07-24,0.7959034442901611
1990-07-25,0.7847298383712769
1990-07-26,0.7743166089057922
1990-07-27,0.7644001245498657
1990-07-28,0.7549479603767395
1990-07-29,0.7459321022033691
1990-07-30,0.7429370880126953
1990-07-31,0.7386327981948853
1990-08-01,0.7277219295501709
1990-08-02,0.719889223575592
1990-08-03,0.7124324440956116
1990-08-04,0.7052906155586243
1990-08-05,0.6984458565711975
1990-08-06,0.6918814182281494
1990-08-07,0.6996588110923767
1990-08-08,0.7510458827018738
1990-08-09,0.77086341381073
1990-08-10,0.7383924126625061
1990-08-11,0.7298567295074463
1990-08-12,0.722021222114563
1990-08-13,0.7145031690597534
1990-08-14,0.7072956562042236
1990-08-15,0.700383186340332
1990-08-16,0.6937506794929504
1990-08-17,0.6873836517333984
1990-08-18,0.6812680959701538
1990-08-19,0.675390899181366
1990-08-20,0.6697397828102112
1990-08-21,0.6643030047416687
1990-08-22,0.6590695977210999
1990-08-23,0.654029369354248
1990-08-24,0.6491725444793701
1990-08-25,0.644490122795105
1990-08-26,0.6399735808372498
1990-08-27,0.6356149911880493
1990-08-28,0.6314069032669067
1990-08-29,0.6273422837257385
1990-08-30,0.6234145164489746
1990-08-31,0.6196173429489136
1990-09-01,0.6159449815750122
1990-09-02,0.6123919486999512
1990-09-03,0.6175463199615479
1990-09-04,0.6492409110069275
1990-09-05,1.0822581052780151
1990-09-06,1.368032455444336
1990-09-07,1.1481053829193115
1990-09-08,1.1115927696228027
1990-09-09,1.1053210496902466
1990-09-10,1.1218883991241455
1990-09-11,1.3110990524291992
1990-09-12,1.5421826839447021
1990-09-13,1.8709324598312378
1990-09-14,1.9697972536087036
1990-09-15,1.7540661096572876
1990-09-16,1.6524511575698853
1990-09-17,1.564841628074646
1990-09-18,2.6253316402435303
1990-09-19,3.1528396606445312
1990-09-20,2.586596727371216
1990-09-21,2.3310651779174805
1990-09-22,2.1306886672973633
1990-09-23,1.9669253826141357
1990-09-24,6.1655802726745605
1990-09-25,7.393477439880371
1990-09-26,5.085562229156494
1990-09-27,4.0563178062438965
1990-09-28,3.406742572784424
1990-09-29,2.954218626022339
1990-09-30,2.6568567752838135
1990-10-01,3.153240442276001
1990-10-02,3.2236521244049072
1990-10-03,2.7315337657928467
1990-10-04,2.4495930671691895
1990-10-05,4.283952236175537
1990-10-06,4.838172435760498
1990-10-07,4.007498264312744
1990-10-08,3.5253407955169678
1990-10-09,3.0199053287506104
1990-10-10,2.6748931407928467
1990-10-11,2.4111833572387695
1990-10-12,2.2018043994903564
1990-10-13,2.0310566425323486
1990-10-14,1.888933539390564
1990-10-15,1.7685790061950684
1990-10-16,1.6652698516845703
1990-10-17,1.5755983591079712
1990-10-18,1.4970794916152954
1990-10-19,1.4278374910354614
1990-10-20,1.366288423538208
1990-10-21,1.3111952543258667
1990-10-22,1.2616761922836304
1990-10-23,1.2169572114944458
1990-10-24,1.1763330698013306
1990-10-25,1.1392756700515747
1990-10-26,1.1053473949432373
1990-10-27,1.0741703510284424
1990-10-28,1.0454285144805908
1990-10-29,1.0188547372817993
1990-10-30,0.9942154288291931
1990-10-31,0.9713096022605896
1990-11-01,0.9499642252922058
1990-11-02,0.9300296902656555
1990-11-03,0.9113743901252747
1990-11-04,0.8938840627670288
1990-11-05,0.8774614334106445
1990-11-06,0.8620147109031677
1990-11-07,0.8474574685096741
1990-11-08,0.833716869354248
1990-11-09,0.8207308650016785
1990-11-10,0.8084424734115601
1990-11-11,0.7967978119850159
1990-11-12,0.7857487797737122
1990-11-13,0.7752522230148315
1990-11-14,0.7652689814567566
1990-11-15,0.7557634115219116
1990-11-16,0.7467033863067627
1990-11-17,0.7391130328178406
1990-11-18,0.7315942645072937
1990-11-19,0.7231327295303345
1990-11-20,0.7155290246009827
1990-11-21,0.708257794380188
1990-11-22,0.7012917995452881
1990-11-23,0.6946133971214294
1990-11-24,0.6882060766220093
1990-11-25,0.6820546388626099
1990-11-26,0.6761449575424194
1990-11-27,0.6704639792442322
1990-11-28,0.6649994850158691
1990-11-29,0.6664171814918518
1990-11-30,0.6660981178283691
1990-12-01,0.6573969125747681
1990-12-02,0.652370810508728
1990-12-03,0.6475772857666016
1990-12-04,0.6435337066650391
1990-12-05,0.6394875049591064
1990-12-06,0.6348477602005005
1990-12-07,0.6306644678115845
1990-12-08,0.6266276836395264
1990-12-09,0.6227262616157532
1990-12-10,0.618954062461853
1990-12-11,0.6153053641319275
1990-12-12,0.6117746233940125
1990-12-13,0.6083568334579468
1990-12-14,0.6050472259521484
1990-12-15,0.6018413305282593
1990-12-16,0.5987348556518555
1990-12-17,0.595723569393158
1990-12-18,0.5928037166595459
1990-12-19,0.5899716019630432
1990-12-20,0.5872238874435425
1990-12-21,0.5845571756362915
1990-12-22,0.5819684863090515
1990-12-23,0.5794547200202942
1990-12-24,0.5770131945610046
1990-12-25,0.574641227722168
1990-12-26,0.5723361372947693
1990-12-27,0.5700955390930176
1990-12-28,0.5679171085357666
1990-12-29,0.5657986998558044
1990-12-30,0.5637381672859192
1990-12-31,0.5617334842681885
1991-01-01,0.5597827434539795
1991-01-02,0.5578840970993042
1991-01-03,0.5560358166694641
1991-01-04,0.5542362332344055
1991-01-05,0.5524836778640747
1991-01-06,0.5507766008377075
1991-01-07,0.5491136312484741
1991-01-08,0.5474932193756104
1991-01-09,0.5459141135215759
1991-01-10,0.544374942779541
1991-01-11,0.5428745150566101
1991-01-12,0.5414115786552429
1991-01-13,0.5399850010871887
1991-01-14,0.5385936498641968
1991-01-15,0.5372365117073059
1991-01-16,0.5359125137329102
1991-01-17,0.5346207022666931
1991-01-18,0.5333600640296936
1991-01-19,0.5321297645568848
1991-01-20,0.530928909778595
1991-01-21,0.5297565460205078
1991-01-22,0.5286120176315308
1991-01-23,0.5274944305419922
1991-01-24,0.5264030694961548
1991-01-25,0.5253371596336365
1991-01-26,0.5242959856987
1991-01-27,0.5232789516448975
1991-01-28,0.5222852826118469
1991-01-29,0.5213144421577454
1991-01-30,0.5203657150268555
1991-01-31,0.519438624382019
1991-02-01,0.5185324549674988
1991-02-02,0.5176467299461365
1991-02-03,0.5167809724807739
1991-02-04,0.5195723176002502
1991-02-05,0.5214201807975769
1991-02-06,0.5182844996452332
1991-02-07,0.5173730850219727
1991-02-08,0.5165138840675354
1991-02-09,0.515673816204071
1991-02-10,0.5148524045944214
1991-02-11,0.5140491724014282
1991-02-12,0.5132635831832886
1991-02-13,0.5124952793121338
1991-02-14,0.5117437839508057
1991-02-15,0.5110086798667908
1991-02-16,0.5102896094322205
1991-02-17,0.5095861554145813
1991-02-18,0.5088979005813599
1991-02-19,0.5082244873046875
1991-02-20,0.5075655579566956
1991-02-21,0.5069207549095154
1991-02-22,0.5062897205352783
1991-02-23,0.5056721568107605
1991-02-24,0.505067765712738
1991-02-25,0.5044761300086975
1991-02-26,0.5038970112800598
1991-02-27,0.5033301115036011
1991-02-28,0.5027751326560974
1991-03-01,0.5022318363189697
1991-03-02,0.5016998648643494
1991-03-03,0.5011789798736572
1991-03-04,0.5006689429283142
1991-03-05,0.5001695156097412
1991-03-06,0.49968045949935913
1991-03-07,0.4992014765739441
1991-03-08,0.49873238801956177
1991-03-09,0.49827295541763306
1991-03-10,0.49782294034957886
1991-03-11,0.49738213419914246
1991-03-12,0.4969503581523895
1991-03-13,0.49652740359306335
1991-03-14,0.49611303210258484
1991-03-15,0.49571508169174194
1991-03-16,0.4953232705593109
1991-03-17,0.49492838978767395
1991-03-18,0.4945463538169861
1991-03-19,0.4941720962524414
1991-03-20,0.4938053786754608
1991-03-21,0.4934459924697876
1991-03-22,0.4930938482284546
1991-03-23,0.4927487373352051
1991-03-24,0.4924105107784271
1991-03-25,0.4920790493488312
1991-03-26,0.4917542040348053
1991-03-27,0.49143579602241516
1991-03-28,0.4911237061023712
1991-03-29,0.4908178150653839
1991-03-30,0.4905179738998413
1991-03-31,0.49022406339645386
1991-04-01,0.489935964345932
1991-04-02,0.4896535277366638
1991-04-03,0.48937663435935974
1991-04-04,0.4891051948070526
1991-04-05,0.4901869595050812
1991-04-06,0.4928743541240692
1991-04-07,0.49317729473114014
1991-04-08,0.49160751700401306
1991-04-09,0.49127471446990967
1991-04-10,0.49276047945022583
1991-04-11,0.49378466606140137
1991-04-12,0.4923136830329895
1991-04-13,0.4919685125350952
1991-04-14,0.49164631962776184
1991-04-15,0.4913303256034851
1991-04-16,0.4910205602645874
1991-04-17,0.4907169044017792
1991-04-18,0.4904191493988037
1991-04-19,0.4901272654533386
1991-04-20,0.48984113335609436
1991-04-21,0.489560604095459
1991-04-22,0.48928558826446533
1991-04-23,0.48901596665382385
1991-04-24,0.488751620054245
1991-04-25,0.4884924590587616
1991-04-26,0.4882383644580841
1991-04-27,0.487989217042923
1991-04-28,0.48774492740631104
1991-04-29,0.48750540614128113
1991-04-30,0.4872705638408661
1991-05-01,0.487040251493454
1991-05-02,0.4868144392967224
1991-05-03,0.49592381715774536
1991-05-04,0.5026179552078247
1991-05-05,0.5052482485771179
1991-05-06,0.5132963061332703
1991-05-07,0.5085110068321228
1991-05-08,0.5066070556640625
1991-05-09,0.5059714317321777
1991-05-10,0.5157963037490845
1991-05-11,0.5499078631401062
1991-05-12,0.5625609755516052
1991-05-13,0.5446188449859619
1991-05-14,0.5429027080535889
1991-05-15,0.5414562821388245
1991-05-16,0.5400403738021851
1991-05-17,0.6088108420372009
1991-05-18,0.6591911911964417
1991-05-19,0.7671753764152527
1991-05-20,0.8737702965736389
1991-05-21,0.7857558727264404
1991-05-22,0.7745009064674377
1991-05-23,0.7648102641105652
1991-05-24,0.7555056214332581
1991-05-25,0.7465835809707642
1991-05-26,0.7380507588386536
1991-05-27,0.7298833131790161
1991-05-28,0.7220525741577148
1991-05-29,0.7145587205886841
1991-05-30,0.7073671221733093
1991-05-31,0.7006607055664062
1991-06-01,0.6941892504692078
1991-06-02,0.6877338886260986
1991-06-03,0.6816134452819824
1991-06-04,0.6757373809814453
1991-06-05,0.6700915098190308
1991-06-06,0.6646523475646973
1991-06-07,0.6594120264053345
1991-06-08,0.6543635725975037
1991-06-09,0.705396831035614
1991-06-10,1.1495004892349243
1991-06-11,1.752013921737671
1991-06-12,1.8592073917388916
1991-06-13,1.8402236700057983
1991-06-14,1.7790182828903198
1991-06-15,1.6488791704177856
1991-06-16,1.5607956647872925
1991-06-17,1.5633536577224731
1991-06-18,1.5401647090911865
1991-06-19,1.4451144933700562
1991-06-20,1.3806151151657104
1991-06-21,1.3232777118682861
1991-06-22,1.271767020225525
1991-06-23,1.2254747152328491
1991-06-24,1.183603048324585
1991-06-25,1.1453839540481567
1991-06-26,1.110455870628357
1991-06-27,1.0784281492233276
1991-06-28,1.04896879196167
1991-06-29,1.0217939615249634
1991-06-30,1.8247098922729492
1991-07-01,2.3289544582366943
1991-07-02,1.930837869644165
1991-07-03,1.7966512441635132
1991-07-04,1.6861783266067505
1991-07-05,1.5910426378250122
1991-07-06,2.657560348510742
1991-07-07,3.178769111633301
1991-07-08,3.1276416778564453
1991-07-09,3.060210704803467
1991-07-10,2.628370523452759
1991-07-11,2.3632118701934814
1991-07-12,2.1542952060699463
1991-07-13,1.9844791889190674
1991-07-14,1.8443381786346436
1991-07-15,1.7265028953552246
1991-07-16,1.6255031824111938
1991-07-17,1.5381046533584595
1991-07-18,1.461756944656372
1991-07-19,1.3945143222808838
1991-07-20,1.3348581790924072
1991-07-21,1.281592607498169
1991-07-22,1.2337634563446045
1991-07-23,1.1905921697616577
1991-07-24,1.1840423345565796
1991-07-25,1.168543815612793
1991-07-26,1.1207857131958008
1991-07-27,1.087613582611084
1991-07-28,1.0573381185531616
1991-07-29,1.0294570922851562
1991-07-30,1.00370192527771
1991-07-31,0.9798421859741211
1991-08-01,0.9576795697212219
1991-08-02,0.9370420575141907
1991-08-03,0.9177798628807068
1991-08-04,0.8997633457183838
1991-08-05,0.8828765749931335
1991-08-06,0.8670173287391663
1991-08-07,0.8520973324775696
1991-08-08,0.8380357623100281
1991-08-09,0.8247616291046143
1991-08-10,0.812212347984314
1991-08-11,0.8003315925598145
1991-08-12,0.7890686392784119
1991-08-13,0.7783778309822083
1991-08-14,0.768217921257019
1991-08-15,0.7585514783859253
1991-08-16,0.7493445873260498
1991-08-17,0.7405663132667542
1991-08-18,0.7321885228157043
1991-08-19,0.7241854071617126
1991-08-20,0.7165334820747375
1991-08-21,0.7092111110687256
1991-08-22,0.702198326587677
1991-08-23,0.6954768896102905
1991-08-24,0.6890299320220947
1991-08-25,0.6828418374061584
1991-08-26,0.7089856266975403
1991-08-27,0.7260069251060486
1991-08-28,0.7025007009506226
1991-08-29,0.6955418586730957
1991-08-30,0.68910151720047
1991-08-31,0.6829171180725098
1991-09-01,0.6996138095855713
1991-09-02,0.70993971824646
1991-09-03,0.7189021706581116
1991-09-04,0.9457269310951233
1991-09-05,1.2498549222946167
1991-09-06,1.2456185817718506
1991-09-07,5.590926647186279
1991-09-08,7.459414958953857
1991-09-09,5.0754075050354
1991-09-10,4.0502705574035645
1991-09-11,3.403351068496704
1991-09-12,3.0704948902130127
1991-09-13,3.1977269649505615
1991-09-14,3.7716238498687744
1991-09-15,4.065336227416992
1991-09-16,3.616175413131714
1991-09-17,3.07088303565979
1991-09-18,2.7159423828125
1991-09-19,2.4447619915008545
1991-09-20,2.4594082832336426
1991-09-21,2.3865997791290283
1991-09-22,2.146239995956421
1991-09-23,1.9852083921432495
1991-09-24,1.8505393266677856
1991-09-25,2.1203017234802246
1991-09-26,2.2181413173675537
1991-09-27,1.9689676761627197
1991-09-28,1.8344420194625854
1991-09-29,1.7222846746444702
1991-09-30,1.6261069774627686
1991-10-01,1.5419292449951172
1991-10-02,1.4683754444122314
1991-10-03,1.4033787250518799
1991-10-04,1.3449872732162476
1991-10-05,1.2927430868148804
1991-10-06,1.426177978515625
1991-10-07,1.492319107055664
1991-10-08,1.3732624053955078
1991-10-09,1.3171666860580444
1991-10-10,1.2674541473388672
1991-10-11,1.222430944442749
1991-10-12,1.1814830303192139
1991-10-13,1.1440917253494263
1991-10-14,1.1098291873931885
1991-10-15,1.0783287286758423
1991-10-16,1.0492773056030273
1991-10-17,1.0224123001098633
1991-10-18,0.9975042939186096
1991-10-19,0.9743550419807434
1991-10-20,0.9527908563613892
1991-10-21,0.9326584339141846
1991-10-22,0.9138224720954895
1991-10-23,0.8961663842201233
1991-10-24,0.8795872330665588
1991-10-25,0.8639930486679077
1991-10-26,0.8493021726608276
1991-10-27,0.8354412317276001
1991-10-28,0.8223440647125244
1991-10-29,0.8099514245986938
1991-10-30,0.8073437213897705
1991-10-31,0.8024671077728271
1991-11-01,0.7870732545852661
1991-11-02,0.7764471173286438
1991-11-03,0.8087537884712219
1991-11-04,0.8285243511199951
1991-11-05,0.796945333480835
1991-11-06,0.785658061504364
1991-11-07,0.7752145528793335
1991-11-08,0.7652743458747864
1991-11-09,0.7558065056800842
1991-11-10,0.7467791438102722
1991-11-11,0.7381619215011597
1991-11-12,0.729928731918335
1991-11-13,0.7220563292503357
1991-11-14,0.7145226001739502
1991-11-15,0.7073073387145996
1991-11-16,0.7003918886184692
1991-11-17,0.6937594413757324
1991-11-18,0.6873941421508789
1991-11-19,0.6812810897827148
1991-11-20,0.675406813621521
1991-11-21,0.6697590351104736
1991-11-22,0.6643257141113281
1991-11-23,0.6590955257415771
1991-11-24,0.6540582776069641
1991-11-25,0.6492041945457458
1991-11-26,0.6445240378379822
1991-11-27,0.6400092244148254
1991-11-28,0.6356518864631653
1991-11-29,0.6314446330070496
1991-11-30,0.6273804903030396
1991-12-01,0.62345290184021
1991-12-02,0.6196557879447937
1991-12-03,0.6159834265708923
1991-12-04,0.612430214881897
1991-12-05,0.6089910864830017
1991-12-06,0.6056610941886902
1991-12-07,0.6024356484413147
1991-12-08,0.5993103384971619
1991-12-09,0.596281111240387
1991-12-10,0.5958449840545654
1991-12-11,0.5948028564453125
1991-12-12,0.5905367136001587
1991-12-13,0.5877523422241211
1991-12-14,0.5850704908370972
1991-12-15,0.5824671983718872
1991-12-16,0.5799394845962524
1991-12-17,0.5774843692779541
1991-12-18,0.5750992298126221
1991-12-19,0.5727814435958862
1991-12-20,0.5705286264419556
1991-12-21,0.5683383941650391
1991-12-22,0.5662084817886353
1991-12-23,0.5641369223594666
1991-12-24,0.564607560634613
1991-12-25,0.5691567659378052
1991-12-26,0.5691400766372681
1991-12-27,0.5643013715744019
1991-12-28,0.5622453689575195
1991-12-29,0.5602836608886719
1991-12-30,0.5642136931419373
1991-12-31,0.5666115880012512
1992-01-01,0.5612050294876099
1992-01-02,0.5613901615142822
1992-01-03,0.5610895752906799
1992-01-04,0.5601772665977478
1992-01-05,0.562047004699707
1992-01-06,0.5603883266448975
1992-01-07,0.5572697520256042
1992-01-08,0.5643088221549988
1992-01-09,0.5690160989761353
1992-01-10,0.5799291133880615
1992-01-11,0.6296657919883728
1992-01-12,0.6448038220405579
1992-01-13,0.6193629503250122
1992-01-14,0.6155052185058594
1992-01-15,0.6120736598968506
1992-01-16,0.645868182182312
1992-01-17,0.6848686933517456
1992-01-18,0.6834045648574829
1992-01-19,0.6788207292556763
1992-01-20,0.667046844959259
1992-01-21,0.6619003415107727
1992-01-22,0.6569961905479431
1992-01-23,0.652237057685852
1992-01-24,0.6476453542709351
1992-01-25,0.6952857971191406
1992-01-26,0.7284035086631775
1992-01-27,0.6967729926109314
1992-01-28,0.6916846632957458
1992-01-29,0.7373669147491455
1992-01-30,0.7734997868537903
1992-01-31,0.7422329187393188
1992-02-01,0.7318646907806396
1992-02-02,0.7242964506149292
1992-02-03,0.717021107673645
1992-02-04,0.7100015878677368
1992-02-05,0.7032378315925598
1992-02-06,0.6967207789421082
1992-02-07,0.690436601638794
1992-02-08,0.6923933625221252
1992-02-09,0.6922482252120972
1992-02-10,0.6821524500846863
1992-02-11,0.6763269305229187
1992-02-12,0.6707615256309509
1992-02-13,0.6653873920440674
1992-02-14,0.660196840763092
1992-02-15,0.655182957649231
1992-02-16,0.6503401398658752
1992-02-17,0.6456612348556519
1992-02-18,0.6411399841308594
1992-02-19,0.6367714405059814
1992-02-20,0.6325497031211853
1992-02-21,0.6319182515144348
1992-02-22,0.632927656173706
1992-02-23,0.6288797855377197
1992-02-24,0.6235895156860352
1992-02-25,0.6197865009307861
1992-02-26,0.6161254644393921
1992-02-27,0.6130179762840271
1992-02-28,0.6099012494087219
1992-02-29,0.6063197255134583
1992-03-01,0.6030802130699158
1992-03-02,0.5999436974525452
1992-03-03,0.5969021916389465
1992-03-04,0.5939524173736572
1992-03-05,0.5910898447036743
1992-03-06,0.5883119702339172
1992-03-07,0.5856155753135681
1992-03-08,0.582997739315033
1992-03-09,0.5804555416107178
1992-03-10,0.5779862999916077
1992-03-11,0.5755873918533325
1992-03-12,0.5761948227882385
1992-03-13,0.5760623812675476
1992-03-14,0.5720676779747009
1992-03-15,0.5698115825653076
1992-03-16,0.5676419734954834
1992-03-17,0.565531849861145
1992-03-18,0.5634790658950806
1992-03-19,0.561481773853302
1992-03-20,0.5595380663871765
1992-03-21,0.5576461553573608
1992-03-22,0.5558043122291565
1992-03-23,0.5540108680725098
1992-03-24,0.5522642731666565
1992-03-25,0.5505629777908325
1992-03-26,0.5489054918289185
1992-03-27,0.5509065985679626
1992-03-28,0.5597843527793884
1992-03-29,0.563103973865509
1992-03-30,0.5576571226119995
1992-03-31,0.5574609637260437
1992-04-01,0.5667994022369385
1992-04-02,0.5703076124191284
1992-04-03,0.5628228187561035
1992-04-04,0.5607793927192688
1992-04-05,0.5631137490272522
1992-04-06,0.5643462538719177
1992-04-07,0.5599161386489868
1992-04-08,0.563210129737854
1992-04-09,0.565180778503418
1992-04-10,0.5601750016212463
1992-04-11,0.5582320690155029
1992-04-12,0.5563817620277405
1992-04-13,0.5545793175697327
1992-04-14,0.5528233647346497
1992-04-15,0.5511118769645691
1992-04-16,0.5494440793991089
1992-04-17,0.547817587852478
1992-04-18,0.5462319850921631
1992-04-19,0.5446860790252686
1992-04-20,0.5431786775588989
1992-04-21,0.5417088270187378
1992-04-22,0.5402753949165344
1992-04-23,0.5388773083686829
1992-04-24,0.5375134348869324
1992-04-25,0.5418847799301147
1992-04-26,0.5848691463470459
1992-04-27,0.6094833612442017
1992-04-28,0.5833881497383118
1992-04-29,0.5805269479751587
1992-04-30,0.5780758857727051
1992-05-01,0.5756888389587402
1992-05-02,0.5733655095100403
1992-05-03,0.5711047649383545
1992-05-04,0.6093674302101135
1992-05-05,0.7232030630111694
1992-05-06,0.7594679594039917
1992-05-07,0.7064721584320068
1992-05-08,0.6991220116615295
1992-05-09,0.6926850080490112
1992-05-10,0.7647766470909119
1992-05-11,0.8728325963020325
1992-05-12,0.8648111820220947
1992-05-13,0.8244287371635437
1992-05-14,0.8128120303153992
1992-05-15,0.8019446134567261
1992-05-16,0.8170366883277893
1992-05-17,0.8530928492546082
1992-05-18,0.9990550875663757
1992-05-19,1.0760741233825684
1992-05-20,1.196608543395996
1992-05-21,1.3093440532684326
1992-05-22,1.191726565361023
1992-05-23,1.2354013919830322
1992-05-24,1.267287015914917
1992-05-25,1.2079617977142334
1992-05-26,1.1643871068954468
1992-05-27,1.1289843320846558
1992-05-28,1.0963178873062134
1992-05-29,1.3677759170532227
1992-05-30,1.5314013957977295
1992-05-31,1.4192131757736206
1992-06-01,1.3928120136260986
1992-06-02,1.321030855178833
1992-06-03,1.2704535722732544
1992-06-04,1.2247350215911865
1992-06-05,1.183114767074585
1992-06-06,1.1451284885406494
1992-06-07,4.869696140289307
1992-06-08,6.599696159362793
1992-06-09,4.62224817276001
1992-06-10,3.759303092956543
1992-06-11,3.195449113845825
1992-06-12,2.7927277088165283
1992-06-13,2.4900739192962646
1992-06-14,2.2540276050567627
1992-06-15,2.0646605491638184
1992-06-16,1.9093650579452515
1992-06-17,1.7797194719314575
1992-06-18,1.6698765754699707
1992-06-19,1.5756347179412842
1992-06-20,1.4939005374908447
1992-06-21,1.4223629236221313
1992-06-22,1.359238862991333
1992-06-23,1.3031325340270996
1992-06-24,1.2529436349868774
1992-06-25,1.207788348197937
1992-06-26,1.1669503450393677
1992-06-27,1.1298428773880005
1992-06-28,1.095980167388916
1992-06-29,1.0649569034576416
1992-06-30,1.0364322662353516
1992-07-01,1.0101181268692017
1992-07-02,0.9857689738273621
1992-07-03,0.9631742835044861
1992-07-04,0.9421527981758118
1992-07-05,0.9225469827651978
1992-07-06,0.9042196869850159
1992-07-07,0.8870512843132019
1992-07-08,0.8709365725517273
1992-07-09,0.8557829260826111
1992-07-10,0.8415082097053528
1992-07-11,0.8280393481254578
1992-07-12,0.8153114318847656
1992-07-13,0.803266167640686
1992-07-14,0.7918514013290405
1992-07-15,0.7810200452804565
1992-07-16,0.7707297205924988
1992-07-17,0.7609420418739319
1992-07-18,0.7516222596168518
1992-07-19,0.742738664150238
1992-07-20,0.7349844574928284
1992-07-21,0.7273917198181152
1992-07-22,0.7192568778991699
1992-07-23,0.7118127346038818
1992-07-24,0.7046905755996704
1992-07-25,0.6978662014007568
1992-07-26,0.6913222074508667
1992-07-27,0.6850425601005554
1992-07-28,0.6790124177932739
1992-07-29,0.6732180118560791
1992-07-30,0.667646586894989
1992-07-31,0.6622862815856934
1992-08-01,0.6571261286735535
1992-08-02,0.652155876159668
1992-08-03,0.6473658084869385
1992-08-04,0.642747163772583
1992-08-05,0.6382914781570435
1992-08-06,0.6339908838272095
1992-08-07,0.6298381686210632
1992-08-08,0.6258264183998108
1992-08-09,0.6219490766525269
1992-08-10,0.6182001829147339
1992-08-11,0.6145740151405334
1992-08-12,0.611065149307251
1992-08-13,0.6079578995704651
1992-08-14,0.6060331463813782
1992-08-15,0.649085283279419
1992-08-16,0.6782665252685547
1992-08-17,0.6485044360160828
1992-08-18,0.6435141563415527
1992-08-19,0.6390516757965088
1992-08-20,0.6347392797470093
1992-08-21,0.6362528204917908
1992-08-22,0.6362966299057007
1992-08-23,0.6290903091430664
1992-08-24,0.6250678896903992
1992-08-25,0.6212221384048462
1992-08-26,0.6175017356872559
1992-08-27,0.6139015555381775
1992-08-28,0.6104166507720947
1992-08-29,0.6070423126220703
1992-08-30,0.6037740111351013
1992-08-31,0.6006074547767639
1992-09-01,0.5975384712219238
1992-09-02,0.5945632457733154
1992-09-03,0.5916780233383179
1992-09-04,0.5888791680335999
1992-09-05,0.5861634016036987
1992-09-06,0.5835275053977966
1992-09-07,0.5809683799743652
1992-09-08,0.5784831643104553
1992-09-09,0.5760690569877625
1992-09-10,0.5737234950065613
1992-09-11,0.5714439153671265
1992-09-12,0.569227933883667
1992-09-13,0.5670733451843262
1992-09-14,0.5649778842926025
1992-09-15,0.562939465045929
1992-09-16,0.5609562397003174
1992-09-17,0.5940980315208435
1992-09-18,0.6178468465805054
1992-09-19,0.594692051410675
1992-09-20,0.5915306210517883
1992-09-21,0.5887491106987
1992-09-22,0.9375995993614197
1992-09-23,1.195410132408142
1992-09-24,1.0046416521072388
1992-09-25,0.9795432090759277
1992-09-26,0.9583625197410583
1992-09-27,0.9384217262268066
1992-09-28,0.9196566343307495
1992-09-29,0.9019873738288879
1992-09-30,0.88534015417099
1992-10-01,0.8696394562721252
1992-10-02,0.8548145294189453
1992-10-03,0.8407987952232361
1992-10-04,0.827532172203064
1992-10-05,0.8149616718292236
1992-10-06,0.8030382990837097
1992-10-07,0.7917159199714661
1992-10-08,0.7809550166130066
1992-10-09,0.7707197666168213
1992-10-10,0.7609737515449524
1992-10-11,0.7516842484474182
1992-10-12,0.7428230047225952
1992-10-13,0.7343630194664001
1992-10-14,0.7262790203094482
1992-10-15,3.310364007949829
1992-10-16,4.950791358947754
1992-10-17,3.640974760055542
1992-10-18,3.11264967918396
1992-10-19,2.739389657974243
1992-10-20,2.4565460681915283
1992-10-21,2.234313726425171
1992-10-22,2.054779291152954
1992-10-23,1.9065793752670288
1992-10-24,1.7820684909820557
1992-10-25,1.6759065389633179
1992-10-26,1.5842758417129517
1992-10-27,1.5043169260025024
1992-10-28,1.4339121580123901
1992-10-29,1.371453881263733
1992-10-30,1.3156685829162598
1992-10-31,1.2655413150787354
1992-11-01,1.2202550172805786
1992-11-02,1.1791656017303467
1992-11-03,1.1417275667190552
1992-11-04,1.1074820756912231
1992-11-05,1.0760735273361206
1992-11-06,1.0471749305725098
1992-11-07,1.0204862356185913
1992-11-08,0.9957535862922668
1992-11-09,0.9727592468261719
1992-11-10,0.9513678550720215
1992-11-11,0.9314122200012207
1992-11-12,0.9606610536575317
1992-11-13,1.0461034774780273
1992-11-14,1.0526964664459229
1992-11-15,1.0878254175186157
1992-11-16,1.1221123933792114
1992-11-17,1.058598518371582
1992-11-18,1.0309768915176392
1992-11-19,1.005832314491272
1992-11-20,0.9824337363243103
1992-11-21,0.9687181711196899
1992-11-22,0.9537122249603271
1992-11-23,0.9307559728622437
1992-11-24,0.9122803211212158
1992-11-25,0.8949748277664185
1992-11-26,0.8787068724632263
1992-11-27,0.8633915781974792
1992-11-28,0.8489459753036499
1992-11-29,0.8352950215339661
1992-11-30,0.8223718404769897
1992-12-01,0.8101232051849365
1992-12-02,0.79850172996521
1992-12-03,0.7874618768692017
1992-12-04,0.776961088180542
1992-12-05,0.7669656276702881
1992-12-06,0.7574453949928284
1992-12-07,0.7483670115470886
1992-12-08,0.7396990656852722
1992-12-09,0.7314215898513794
1992-12-10,0.7235086560249329
1992-12-11,0.7159324884414673
1992-12-12,0.7086761593818665
1992-12-13,0.7017207145690918
1992-12-14,0.695050835609436
1992-12-15,0.6895712614059448
1992-12-16,0.6840783357620239
1992-12-17,0.6776614785194397
1992-12-18,0.6719392538070679
1992-12-19,0.666438639163971
1992-12-20,0.6611422300338745
1992-12-21,0.6560403108596802
1992-12-22,0.6511234045028687
1992-12-23,0.6463822722434998
1992-12-24,0.6418085694313049
1992-12-25,0.6373944282531738
1992-12-26,0.6331331133842468
1992-12-27,0.6290172338485718
1992-12-28,0.625039279460907
1992-12-29,0.6211933493614197
1992-12-30,0.6174739599227905
1992-12-31,0.6138755083084106
1993-01-01,0.6103924512863159
1993-01-02,0.6070201396942139
1993-01-03,0.603753924369812
1993-01-04,0.6005893349647522
1993-01-05,0.5975221991539001
1993-01-06,0.5945486426353455
1993-01-07,0.5916649103164673
1993-01-08,0.5888674855232239
1993-01-09,0.5861528515815735
1993-01-10,0.5835179686546326
1993-01-11,0.5809597969055176
1993-01-12,0.5784754157066345
1993-01-13,0.5760621428489685
1993-01-14,0.5737172365188599
1993-01-15,0.5714382529258728
1993-01-16,0.5692229270935059
1993-01-17,0.5670687556266785
1993-01-18,0.5649737119674683
1993-01-19,0.5629357099533081
1993-01-20,0.5609527826309204
1993-01-21,0.5591745376586914
1993-01-22,0.557406485080719
1993-01-23,0.5554841756820679
1993-01-24,0.5536978840827942
1993-01-25,0.5519593954086304
1993-01-26,0.5502660274505615
1993-01-27,0.5486161708831787
1993-01-28,0.5470085740089417
1993-01-29,0.5454418063163757
1993-01-30,0.5439146161079407
1993-01-31,0.5424257516860962
1993-02-01,0.5409740805625916
1993-02-02,0.5395583510398865
1993-02-03,0.5381775498390198
1993-02-04,0.5368306040763855
1993-02-05,0.5355165004730225
1993-02-06,0.5342342853546143
1993-02-07,0.5329830050468445
1993-02-08,0.5317617654800415
1993-02-09,0.5305696725845337
1993-02-10,0.5294058918952942
1993-02-11,0.5282695889472961
1993-02-12,0.5271600484848022
1993-02-13,0.5260764956474304
1993-02-14,0.5250182151794434
1993-02-15,0.523984432220459
1993-02-16,0.5229745507240295
1993-02-17,0.5219879150390625
1993-02-18,0.5210238695144653
1993-02-19,0.5200817584991455
1993-02-20,0.5191611051559448
1993-02-21,0.518261194229126
1993-02-22,0.5173816084861755
1993-02-23,0.5165217518806458
1993-02-24,0.5156810879707336
1993-02-25,0.5153907537460327
1993-02-26,0.5149779319763184
1993-02-27,0.5157033205032349
1993-02-28,0.5166420340538025
1993-03-01,0.5149565935134888
1993-03-02,0.513916552066803
1993-03-03,0.513130784034729
1993-03-04,0.512365460395813
1993-03-05,0.5116168856620789
1993-03-06,0.5108846426010132
1993-03-07,0.5101683735847473
1993-03-08,0.5094675421714783
1993-03-09,0.508781909942627
1993-03-10,0.5081110000610352
1993-03-11,0.5074545741081238
1993-03-12,0.5068121552467346
1993-03-13,0.5061834454536438
1993-03-14,0.5055682063102722
1993-03-15,0.5049659609794617
1993-03-16,0.5043765306472778
1993-03-17,0.503799557685852
1993-03-18,0.5032346844673157
1993-03-19,0.5026817321777344
1993-03-20,0.5021403431892395
1993-03-21,0.501610279083252
1993-03-22,0.5010913014411926
1993-03-23,0.5005831122398376
1993-03-24,0.5006520748138428
1993-03-25,0.5005826950073242
1993-03-26,0.4997372627258301
1993-03-27,0.4992520809173584
1993-03-28,0.4987819492816925
1993-03-29,0.4983215034008026
1993-03-30,0.4978705048561096
1993-03-31,0.4974287450313568
1993-04-01,0.49699604511260986
1993-04-02,0.49657344818115234
1993-04-03,0.496410071849823
1993-04-04,0.49618762731552124
1993-04-05,0.495625376701355
1993-04-06,0.49522706866264343
1993-04-07,0.494839072227478
1993-04-08,0.4944589138031006
1993-04-09,0.4940864145755768
1993-04-10,0.4937214255332947
1993-04-11,0.49336373805999756
1993-04-12,0.4930132329463959
1993-04-13,0.4926697313785553
1993-04-14,0.4923331141471863
1993-04-15,0.4920031726360321
1993-04-16,0.491679847240448
1993-04-17,0.49136289954185486
1993-04-18,0.4910522699356079
1993-04-19,0.4907478094100952
1993-04-20,0.49044933915138245
1993-04-21,0.49015679955482483
1993-04-22,0.4900706112384796
1993-04-23,0.48993775248527527
1993-04-24,0.4895305335521698
1993-04-25,0.48925426602363586
1993-04-26,0.49381500482559204
1993-04-27,0.4971246123313904
1993-04-28,0.5120940804481506
1993-04-29,0.5253151655197144
1993-04-30,0.5130646228790283
1993-05-01,0.5121440887451172
1993-05-02,0.5114054083824158
1993-05-03,0.5106815099716187
1993-05-04,0.5099722743034363
1993-05-05,0.5092775225639343
1993-05-06,0.5085972547531128
1993-05-07,0.5118966102600098
1993-05-08,0.5141676068305969
1993-05-09,0.5109778046607971
1993-05-10,0.5742471814155579
1993-05-11,0.6210408806800842
1993-05-12,0.58040452003479
1993-05-13,0.5774468779563904
1993-05-14,0.5751045942306519
1993-05-15,0.572817325592041
1993-05-16,0.5705854892730713
1993-05-17,0.5684093832969666
1993-05-18,0.5662887692451477
1993-05-19,0.6582137942314148
1993-05-20,0.9878921508789062
1993-05-21,1.8611820936203003
1993-05-22,2.1951067447662354
1993-05-23,1.8376256227493286
1993-05-24,1.7206215858459473
1993-05-25,1.622894048690796
1993-05-26,1.537778615951538
1993-05-27,1.4629802703857422
1993-05-28,1.3967372179031372
1993-05-29,1.3376810550689697
1993-05-30,1.2847270965576172
1993-05-31,1.2370095252990723
1993-06-01,1.1938285827636719
1993-06-02,1.154593586921692
1993-06-03,1.1187982559204102
1993-06-04,1.0860238075256348
1993-06-05,1.0559167861938477
1993-06-06,1.0281733274459839
1993-06-07,1.0025324821472168
1993-06-08,0.9810225367546082
1993-06-09,0.9803283214569092
1993-06-10,0.9758428335189819
1993-06-11,1.0438660383224487
1993-06-12,1.2563461065292358
1993-06-13,1.3017204999923706
1993-06-14,1.1960864067077637
1993-06-15,1.1561182737350464
1993-06-16,1.1204769611358643
1993-06-17,1.3480638265609741
1993-06-18,1.4818174839019775
1993-06-19,1.3347132205963135
1993-06-20,1.2807849645614624
1993-06-21,1.8055191040039062
1993-06-22,2.5224239826202393
1993-06-23,2.4285359382629395
1993-06-24,2.1336793899536133
1993-06-25,1.9672268629074097
1993-06-26,3.0357651710510254
1993-06-27,3.470255136489868
1993-06-28,2.8323113918304443
1993-06-29,3.0837159156799316
1993-06-30,3.057302236557007
1993-07-01,2.6195995807647705
1993-07-02,2.355820417404175
1993-07-03,2.1480183601379395
1993-07-04,1.9790260791778564
1993-07-05,1.8388333320617676
1993-07-06,1.7206698656082153
1993-07-07,1.6197640895843506
1993-07-08,1.5326108932495117
1993-07-09,1.4565815925598145
1993-07-10,1.389681100845337
1993-07-11,1.3303730487823486
1993-07-12,1.2774478197097778
1993-07-13,1.2299363613128662
1993-07-14,1.1870567798614502
1993-07-15,1.148170828819275
1993-07-16,1.112749457359314
1993-07-17,1.0951746702194214
1993-07-18,1.0747915506362915
1993-07-19,1.0403597354888916
1993-07-20,1.013687252998352
1993-07-21,0.989091694355011
1993-07-22,0.9662719964981079
1993-07-23,0.945044994354248
1993-07-24,0.9252516627311707
1993-07-25,0.9067534804344177
1993-07-26,0.8894290924072266
1993-07-27,0.8731718063354492
1993-07-28,0.8578874468803406
1993-07-29,0.8434927463531494
1993-07-30,0.8299136161804199
1993-07-31,0.817084014415741
1993-08-01,0.8049448728561401
1993-08-02,0.7934432029724121
1993-08-03,0.7825313806533813
1993-08-04,0.77216637134552
1993-08-05,0.7623092532157898
1993-08-06,0.7529246807098389
1993-08-07,0.7439807057380676
1993-08-08,0.7354480028152466
1993-08-09,0.7272999286651611
1993-08-10,0.7195121049880981
1993-08-11,0.7120621204376221
1993-08-12,0.7049294114112854
1993-08-13,0.6980951428413391
1993-08-14,0.691541850566864
1993-08-15,0.685253381729126
1993-08-16,0.6792148947715759
1993-08-17,0.6734126210212708
1993-08-18,0.6678337454795837
1993-08-19,0.6624664664268494
1993-08-20,0.6572995781898499
1993-08-21,0.6523229479789734
1993-08-22,0.6475269198417664
1993-08-23,0.6429024934768677
1993-08-24,0.6384413838386536
1993-08-25,0.6341356635093689
1993-08-26,0.6299779415130615
1993-08-27,0.6259614825248718
1993-08-28,0.6220796704292297
1993-08-29,0.6183264851570129
1993-08-30,0.614696204662323
1993-08-31,0.6111833453178406
1993-09-01,0.6078423261642456
1993-09-02,0.6045922636985779
1993-09-03,0.6013672351837158
1993-09-04,0.5982738137245178
1993-09-05,0.5952757596969604
1993-09-06,0.5923687219619751
1993-09-07,0.616441547870636
1993-09-08,0.6331918835639954
1993-09-09,0.7701745629310608
1993-09-10,1.3742002248764038
1993-09-11,1.6264287233352661
1993-09-12,1.378822684288025
1993-09-13,1.3206753730773926
1993-09-14,1.3507903814315796
1993-09-15,1.7581089735031128
1993-09-16,1.917107105255127
1993-09-17,1.694218397140503
1993-09-18,1.5984392166137695
1993-09-19,1.5164458751678467
1993-09-20,6.721820831298828
1993-09-21,15.60740852355957
1993-09-22,20.817628860473633
1993-09-23,12.915791511535645
1993-09-24,7.4663214683532715
1993-09-25,5.43851375579834
1993-09-26,4.343893051147461
1993-09-27,6.444690227508545
1993-09-28,6.410791397094727
1993-09-29,4.7429375648498535
1993-09-30,3.899974822998047
1993-10-01,3.339949607849121
1993-10-02,2.9356822967529297
1993-10-03,4.863409519195557
1993-10-04,5.289901256561279
1993-10-05,4.053560256958008
1993-10-06,3.4241318702697754
1993-10-07,2.9848484992980957
1993-10-08,2.6570167541503906
1993-10-09,2.402146339416504
1993-10-10,2.197803497314453
1993-10-11,2.0299763679504395
1993-10-12,1.8894875049591064
1993-10-13,1.7700685262680054
1993-10-14,1.6673001050949097
1993-10-15,1.577945590019226
1993-10-16,1.4995265007019043
1993-10-17,1.430171251296997
1993-10-18,1.3684170246124268
1993-10-19,1.3131089210510254
1993-10-20,1.3462938070297241
1993-10-21,1.4848532676696777
1993-10-22,1.4859613180160522
1993-10-23,1.3811670541763306
1993-10-24,1.3243428468704224
1993-10-25,1.273889183998108
1993-10-26,1.2282770872116089
1993-10-27,1.1868579387664795
1993-10-28,1.1490983963012695
1993-10-29,1.2137794494628906
1993-10-30,1.2444032430648804
1993-10-31,1.1696064472198486
1993-11-01,1.1330552101135254
1993-11-02,1.1000268459320068
1993-11-03,1.0726276636123657
1993-11-04,1.046527624130249
1993-11-05,1.0191481113433838
1993-11-06,0.9947209358215332
1993-11-07,0.9720209836959839
1993-11-08,0.9508476853370667
1993-11-09,0.9310379028320312
1993-11-10,0.932606041431427
1993-11-11,0.9286060929298401
1993-11-12,0.9022389054298401
1993-11-13,0.8853372931480408
1993-11-14,0.8695442080497742
1993-11-15,0.8546531200408936
1993-11-16,0.8405948281288147
1993-11-17,0.8450275659561157
1993-11-18,0.8445300459861755
1993-11-19,0.8234511017799377
1993-11-20,0.8109837174415588
1993-11-21,0.7992794513702393
1993-11-22,0.7881694436073303
1993-11-23,0.7776075601577759
1993-11-24,0.7675552368164062
1993-11-25,0.7579795122146606
1993-11-26,0.7488517165184021
1993-11-27,0.7401444911956787
1993-11-28,0.731829047203064
1993-11-29,0.7238797545433044
1993-11-30,0.7162736058235168
1993-12-01,0.7089895606040955
1993-12-02,0.7020090222358704
1993-12-03,0.6953147053718567
1993-12-04,0.6906631588935852
1993-12-05,0.6857473254203796
1993-12-06,0.6788272857666016
1993-12-07,0.6730406284332275
1993-12-08,0.6674874424934387
1993-12-09,0.6621426939964294
1993-12-10,0.6569958329200745
1993-12-11,0.6520370841026306
1993-12-12,0.6472572088241577
1993-12-13,0.6426473259925842
1993-12-14,0.6381993889808655
1993-12-15,0.633905827999115
1993-12-16,0.6297591924667358
1993-12-17,0.6257527470588684
1993-12-18,0.6218801736831665
1993-12-19,0.6181355714797974
1993-12-20,0.6145131587982178
1993-12-21,0.6110076904296875
1993-12-22,0.6076142191886902
1993-12-23,0.604327917098999
1993-12-24,0.602157473564148
1993-12-25,0.5998029112815857
1993-12-26,0.5962071418762207
1993-12-27,0.5932650566101074
1993-12-28,0.5904196500778198
1993-12-29,0.5876590609550476
1993-12-30,0.5849800109863281
1993-12-31,0.5911550521850586
1994-01-01,0.5949904918670654
1994-01-02,0.5872378349304199
1994-01-03,0.5845034122467041
1994-01-04,0.5819202065467834
1994-01-05,0.5794113278388977
1994-01-06,0.5769739151000977
1994-01-07,0.5746054649353027
1994-01-08,0.5723035931587219
1994-01-09,0.5700659155845642
1994-01-10,0.5703287124633789
1994-01-11,0.5699855089187622
1994-01-12,0.5664339065551758
1994-01-13,0.5643380880355835
1994-01-14,0.562319278717041
1994-01-15,0.5603545904159546
1994-01-16,0.558442234992981
1994-01-17,0.5605766773223877
1994-01-18,0.6059695482254028
1994-01-19,0.6944482922554016
1994-01-20,0.709514856338501
1994-01-21,0.6711610555648804
1994-01-22,0.6654106378555298
1994-01-23,0.6603186726570129
1994-01-24,0.6553879380226135
1994-01-25,0.6506122946739197
1994-01-26,0.645988404750824
1994-01-27,0.6415113210678101
1994-01-28,0.6371777057647705
1994-01-29,0.6329867243766785
1994-01-30,0.6289336085319519
1994-01-31,0.6250109076499939
1994-02-01,0.6212144494056702
1994-02-02,0.6175395846366882
1994-02-03,0.6139793395996094
1994-02-04,0.6105266213417053
1994-02-05,0.6071776747703552
1994-02-06,0.6039296984672546
1994-02-07,0.6007786989212036
1994-02-08,0.5977211594581604
1994-02-09,0.5947538614273071
1994-02-10,0.5918743014335632
1994-02-11,0.5890796780586243
1994-02-12,0.5863663554191589
1994-02-13,0.5837315320968628
1994-02-14,0.5811726450920105
1994-02-15,0.5786870121955872
1994-02-16,0.5762715339660645
1994-02-17,0.5739239454269409
1994-02-18,0.5716418027877808
1994-02-19,0.5694231986999512
1994-02-20,0.5672661662101746
1994-02-21,0.566976010799408
1994-02-22,0.5662497878074646
1994-02-23,0.5631535053253174
1994-02-24,0.5611516237258911
1994-02-25,0.5592182874679565
1994-02-26,0.5573360919952393
1994-02-27,0.5555035471916199
1994-02-28,0.5603765845298767
1994-03-01,0.5634962916374207
1994-03-02,0.5576871633529663
1994-03-03,0.555791437625885
1994-03-04,0.5540010333061218
1994-03-05,0.5522567629814148
1994-03-06,0.5505572557449341
1994-03-07,0.5489011406898499
1994-03-08,0.5472871661186218
1994-03-09,0.5457140207290649
1994-03-10,0.5441806316375732
1994-03-11,0.5426856279373169
1994-03-12,0.5412278771400452
1994-03-13,0.5398062467575073
1994-03-14,0.5384196043014526
1994-03-15,0.5370669364929199
1994-03-16,0.535747230052948
1994-03-17,0.5344595909118652
1994-03-18,0.5332029461860657
1994-03-19,0.5319765210151672
1994-03-20,0.5307793021202087
1994-03-21,0.5296106338500977
1994-03-22,0.5284695625305176
1994-03-23,0.5273553133010864
1994-03-24,0.5262672305107117
1994-03-25,0.5252044796943665
1994-03-26,0.5382457375526428
1994-03-27,0.5475812554359436
1994-03-28,0.5376973152160645
1994-03-29,0.5362449288368225
1994-03-30,0.5349488854408264
1994-03-31,0.5336834788322449
1994-04-01,0.5324479937553406
1994-04-02,0.5312414765357971
1994-04-03,0.5300632119178772
1994-04-04,0.5289124846458435
1994-04-05,0.5277886390686035
1994-04-06,0.5266909599304199
1994-04-07,0.525618851184845
1994-04-08,0.5245715379714966
1994-04-09,0.523548424243927
1994-04-10,0.5225488543510437
1994-04-11,0.5215721130371094
1994-04-12,0.520617663860321
1994-04-13,0.5196849703788757
1994-04-14,0.5187733769416809
1994-04-15,0.5178822875022888
1994-04-16,0.5170112252235413
1994-04-17,0.51615971326828
1994-04-18,0.5153271555900574
1994-04-19,0.5145131349563599
1994-04-20,0.5137171149253845
1994-04-21,0.5161386728286743
1994-04-22,0.5188667178153992
1994-04-23,0.5169041752815247
1994-04-24,0.5153449773788452
1994-04-25,0.514521062374115
1994-04-26,0.5137251615524292
1994-04-27,0.5129467248916626
1994-04-28,0.5121854543685913
1994-04-29,0.5114408135414124
1994-04-30,0.5107123255729675
1994-05-01,0.509999692440033
1994-05-02,0.5093024969100952
1994-05-03,0.5086203813552856
1994-05-04,0.5079529881477356
1994-05-05,0.5072999000549316
1994-05-06,0.5066608190536499
1994-05-07,0.5060353875160217
1994-05-08,0.5054232478141785
1994-05-09,0.5048241019248962
1994-05-10,0.5042375922203064
1994-05-11,0.5036635398864746
1994-05-12,0.5032063722610474
1994-05-13,0.5027334690093994
1994-05-14,0.5021268725395203
1994-05-15,0.501596212387085
1994-05-16,0.5010774731636047
1994-05-17,0.5005695819854736
1994-05-18,0.500072181224823
1994-05-19,0.4995851516723633
1994-05-20,0.49910813570022583
1994-05-21,0.4986409544944763
1994-05-22,0.49818339943885803
1994-05-23,0.49773523211479187
1994-05-24,0.49729621410369873
1994-05-25,0.4968661963939667
1994-05-26,0.4964449405670166
1994-05-27,0.4961948096752167
1994-05-28,0.5012764930725098
1994-05-29,0.504738986492157
1994-05-30,0.5008549690246582
1994-05-31,0.5003041625022888
1994-06-01,0.49981266260147095
1994-06-02,0.49933120608329773
1994-06-03,0.49885958433151245
1994-06-04,0.4983976483345032
1994-06-05,0.512133002281189
1994-06-06,0.6122980713844299
1994-06-07,0.669683039188385
1994-06-08,0.6133527159690857
1994-06-09,0.6092080473899841
1994-06-10,0.6059267520904541
1994-06-11,0.6027328372001648
1994-06-12,0.5996276140213013
1994-06-13,0.5966105461120605
1994-06-14,0.8014182448387146
1994-06-15,0.9510220289230347
1994-06-16,0.832791805267334
1994-06-17,0.8186902403831482
1994-06-18,0.8067517280578613
1994-06-19,0.7953615784645081
1994-06-20,0.7852535247802734
1994-06-21,0.7754895091056824
1994-06-22,0.7653145790100098
1994-06-23,0.8190270066261292
1994-06-24,0.8540384769439697
1994-06-25,0.8474856615066528
1994-06-26,0.8753167986869812
1994-06-27,0.8566285371780396
1994-06-28,0.8358225226402283
1994-06-29,0.8227843046188354
1994-06-30,0.8104905486106873
1994-07-01,0.7988015413284302
1994-07-02,0.787686824798584
1994-07-03,0.7771139144897461
1994-07-04,0.7670498490333557
1994-07-05,0.7574623227119446
1994-07-06,0.7483217716217041
1994-07-07,0.7396008372306824
1994-07-08,0.7312735915184021
1994-07-09,0.7233158349990845
1994-07-10,0.7157049775123596
1994-07-11,0.7084200978279114
1994-07-12,0.7014421820640564
1994-07-13,0.6947534680366516
1994-07-14,0.688336968421936
1994-07-15,0.6821771860122681
1994-07-16,0.6762601137161255
1994-07-17,0.6705724000930786
1994-07-18,0.6651018857955933
1994-07-19,0.6598371863365173
1994-07-20,0.6547675728797913
1994-07-21,0.6498832106590271
1994-07-22,0.6451748609542847
1994-07-23,0.640633761882782
1994-07-24,0.6362519264221191
1994-07-25,0.6320217251777649
1994-07-26,0.627936065196991
1994-07-27,0.6239882707595825
1994-07-28,0.6201720237731934
1994-07-29,0.6171255707740784
1994-07-30,0.6140174865722656
1994-07-31,0.6114193201065063
1994-08-01,0.6089361310005188
1994-08-02,0.6136050820350647
1994-08-03,0.6166367530822754
1994-08-04,0.6083819270133972
1994-08-05,0.6050026416778564
1994-08-06,0.6017982959747314
1994-08-07,0.5986930131912231
1994-08-08,0.5956827402114868
1994-08-09,0.5927638411521912
1994-08-10,0.5899326205253601
1994-08-11,0.5871857404708862
1994-08-12,0.5845199227333069
1994-08-13,0.5819319486618042
1994-08-14,0.5794190168380737
1994-08-15,0.5860309600830078
1994-08-16,0.591414749622345
1994-08-17,0.5844775438308716
1994-08-18,0.5811611413955688
1994-08-19,0.578662633895874
1994-08-20,0.5762448310852051
1994-08-21,0.5738952159881592
1994-08-22,0.5716115236282349
1994-08-23,0.5693913698196411
1994-08-24,0.567232608795166
1994-08-25,0.5664820075035095
1994-08-26,0.5654205083847046
1994-08-27,0.5626044869422913
1994-08-28,0.5606192946434021
1994-08-29,0.5586984753608704
1994-08-30,0.5632553100585938
1994-08-31,0.6368630528450012
1994-09-01,0.9139506220817566
1994-09-02,1.0372601747512817
1994-09-03,0.9088926911354065
1994-09-04,0.8906518816947937
1994-09-05,0.8749250769615173
1994-09-06,0.8599850535392761
1994-09-07,0.8457992076873779
1994-09-08,0.8323322534561157
1994-09-09,0.819550096988678
1994-09-10,1.0194480419158936
1994-09-11,1.2761528491973877
1994-09-12,1.2375675439834595
1994-09-13,1.63215970993042
1994-09-14,2.1648151874542236
1994-09-15,2.060774087905884
1994-09-16,3.2990853786468506
1994-09-17,13.925596237182617
1994-09-18,12.512386322021484
1994-09-19,7.212295055389404
1994-09-20,5.257888317108154
1994-09-21,4.198007583618164
1994-09-22,3.5238358974456787
1994-09-23,3.054802894592285
1994-09-24,2.707925319671631
1994-09-25,2.4398019313812256
1994-09-26,2.226058006286621
1994-09-27,2.0514769554138184
1994-09-28,1.906015157699585
1994-09-29,1.7828940153121948
1994-09-30,1.6773711442947388
1994-10-01,1.5858927965164185
1994-10-02,1.505793809890747
1994-10-03,1.4350959062576294
1994-10-04,1.3722858428955078
1994-10-05,1.3161523342132568
1994-10-06,1.2657105922698975
1994-10-07,1.2201454639434814
1994-10-08,2.6248416900634766
1994-10-09,3.415350914001465
1994-10-10,2.7216806411743164
1994-10-11,2.4354732036590576
1994-10-12,2.2154996395111084
1994-10-13,2.037818431854248
1994-10-14,1.8911151885986328
1994-10-15,1.767757534980774
1994-10-16,1.662427306175232
1994-10-17,1.6500970125198364
1994-10-18,1.6631299257278442
1994-10-19,1.5869197845458984
1994-10-20,1.4942576885223389
1994-10-21,1.424577236175537
1994-10-22,1.362883448600769
1994-10-23,1.307726502418518
1994-10-24,1.2581366300582886
1994-10-25,1.213331699371338
1994-10-26,1.172682285308838
1994-10-27,1.3389848470687866
1994-10-28,1.7573796510696411
1994-10-29,1.8217209577560425
1994-10-30,1.628856897354126
1994-10-31,1.5415229797363281
1994-11-01,1.5389628410339355
1994-11-02,1.5137848854064941
1994-11-03,1.4234936237335205
1994-11-04,1.361814022064209
1994-11-05,1.3069820404052734
1994-11-06,1.2577012777328491
1994-11-07,1.2537978887557983
1994-11-08,1.2382203340530396
1994-11-09,1.1830283403396606
1994-11-10,1.1451770067214966
1994-11-11,1.1107590198516846
1994-11-12,1.0791535377502441
1994-11-13,1.0500235557556152
1994-11-14,1.0231002569198608
1994-11-15,0.9981510639190674
1994-11-16,0.9749767780303955
1994-11-17,0.9533981680870056
1994-11-18,0.9332528710365295
1994-11-19,0.9144060015678406
1994-11-20,0.8967403173446655
1994-11-21,0.8801524043083191
1994-11-22,0.8645499348640442
1994-11-23,0.8498504161834717
1994-11-24,0.8359827995300293
1994-11-25,0.822880208492279
1994-11-26,0.8104806542396545
1994-11-27,0.7987309098243713
1994-11-28,0.7875831723213196
1994-11-29,0.7769955992698669
1994-11-30,0.766929030418396
1994-12-01,0.7573467493057251
1994-12-02,0.7482155561447144
1994-12-03,0.7395049929618835
1994-12-04,0.731188178062439
1994-12-05,0.723240315914154
1994-12-06,0.7156385183334351
1994-12-07,0.708361804485321
1994-12-08,0.70139080286026
1994-12-09,0.6947078108787537
1994-12-10,0.6882964372634888
1994-12-11,0.6821416020393372
1994-12-12,0.676228940486908
1994-12-13,0.6705451607704163
1994-12-14,0.6650779843330383
1994-12-15,0.6598160862922668
1994-12-16,0.6547489762306213
1994-12-17,0.6498667001724243
1994-12-18,0.6494663953781128
1994-12-19,0.6479982733726501
1994-12-20,0.6411265134811401
1994-12-21,0.6366971135139465
1994-12-22,0.6324540972709656
1994-12-23,0.6283559799194336
1994-12-24,0.6283606886863708
1994-12-25,0.627375602722168
1994-12-26,0.6213474273681641
1994-12-27,0.6175906658172607
1994-12-28,0.6139872670173645
1994-12-29,0.610499918460846
1994-12-30,0.607123613357544
1994-12-31,0.6038535833358765
1995-01-01,0.6006854176521301
1995-01-02,0.5976150631904602
1995-01-03,0.594638466835022
1995-01-04,0.5917519330978394
1995-01-05,0.5889518857002258
1995-01-06,0.5862348079681396
1995-01-07,0.5835975408554077
1995-01-08,0.5810371041297913
1995-01-09,0.5785504579544067
1995-01-10,0.5761349201202393
1995-01-11,0.5737879276275635
1995-01-12,0.5715068578720093
1995-01-13,0.5692894458770752
1995-01-14,0.567133367061615
1995-01-15,0.5650365352630615
1995-01-16,0.5629967451095581
1995-01-17,0.5610120892524719
1995-01-18,0.5590807199478149
1995-01-19,0.5583731532096863
1995-01-20,0.5573968887329102
1995-01-21,0.5550066232681274
1995-01-22,0.5533125996589661
1995-01-23,0.5515171885490417
1995-01-24,0.5498343706130981
1995-01-25,0.5481957793235779
1995-01-26,0.5465990304946899
1995-01-27,0.5450426936149597
1995-01-28,0.5435256361961365
1995-01-29,0.5426395535469055
1995-01-30,0.541630744934082
1995-01-31,0.5398527979850769
1995-02-01,0.538459837436676
1995-02-02,0.5371060967445374
1995-02-03,0.535785436630249
1995-02-04,0.5344967842102051
1995-02-05,0.5332392454147339
1995-02-06,0.532011866569519
1995-02-07,0.5308138728141785
1995-02-08,0.5296443700790405
1995-02-09,0.5285024642944336
1995-02-10,0.5273874998092651
1995-02-11,0.5262986421585083
1995-02-12,0.5252352356910706
1995-02-13,0.524196445941925
1995-02-14,0.523181676864624
1995-02-15,0.5250021815299988
1995-02-16,0.5260984301567078
1995-02-17,0.5266347527503967
1995-02-18,0.5280182957649231
1995-02-19,0.5249679088592529
1995-02-20,0.5239081382751465
1995-02-21,0.5229011178016663
1995-02-22,0.5219170451164246
1995-02-23,0.5209552645683289
1995-02-24,0.5200153589248657
1995-02-25,0.5190966129302979
1995-02-26,0.518198549747467
1995-02-27,0.5173206329345703
1995-02-28,0.5164623260498047
1995-03-01,0.5173130631446838
1995-03-02,0.5177354216575623
1995-03-03,0.5158515572547913
1995-03-04,0.5150116682052612
1995-03-05,0.5142050385475159
1995-03-06,0.5134161710739136
1995-03-07,0.5126445889472961
1995-03-08,0.5118899345397949
1995-03-09,0.5111517310142517
1995-03-10,0.5104296207427979
1995-03-11,0.5097231864929199
1995-03-12,0.5090320110321045
1995-03-13,0.5083557367324829
1995-03-14,0.5076940059661865
1995-03-15,0.5070464611053467
1995-03-16,0.5064128041267395
1995-03-17,0.5057926177978516
1995-03-18,0.5051856637001038
1995-03-19,0.5045915246009827
1995-03-20,0.5040099620819092
1995-03-21,0.5034406781196594
1995-03-22,0.5028834342956543
1995-03-23,0.5023378133773804
1995-03-24,0.5018036365509033
1995-03-25,0.5012806057929993
1995-03-26,0.5007684826850891
1995-03-27,0.500266969203949
1995-03-28,0.49977585673332214
1995-03-29,0.4992949068546295
1995-03-30,0.498823881149292
1995-03-31,0.49836257100105286
1995-04-01,0.4979107081890106
1995-04-02,0.49746814370155334
1995-04-03,0.49703460931777954
1995-04-04,0.4971430003643036
1995-04-05,0.4971204400062561
1995-04-06,0.49636539816856384
1995-04-07,0.49594956636428833
1995-04-08,0.49554696679115295
1995-04-09,0.4951525032520294
1995-04-10,0.4947660267353058
1995-04-11,0.49438732862472534
1995-04-12,0.49401628971099854
1995-04-13,0.49365267157554626
1995-04-14,0.49329638481140137
1995-04-15,0.49294722080230713
1995-04-16,0.492605060338974
1995-04-17,0.49226969480514526
1995-04-18,0.49194103479385376
1995-04-19,0.49161893129348755
1995-04-20,0.4913032054901123
1995-04-21,0.49099376797676086
1995-04-22,0.4906904399394989
1995-04-23,0.49039313197135925
1995-04-24,0.4901016652584076
1995-04-25,0.48981598019599915
1995-04-26,0.4895358979701996
1995-04-27,0.48926132917404175
1995-04-28,0.4889921545982361
1995-04-29,0.48872828483581543
1995-04-30,0.48846954107284546
1995-05-01,0.4882158935070038
1995-05-02,0.48796719312667847
1995-05-03,0.48772332072257996
1995-05-04,0.4874842166900635
1995-05-05,0.48741427063941956
1995-05-06,0.48730602860450745
1995-05-07,0.4869724214076996
1995-05-08,0.4867464303970337
1995-05-09,0.4865263104438782
1995-05-10,0.4863104522228241
1995-05-11,0.4860987663269043
1995-05-12,0.485891193151474
1995-05-13,0.48568758368492126
1995-05-14,0.4854879379272461
1995-05-15,0.48529213666915894
1995-05-16,0.4851000905036926
1995-05-17,0.4849117398262024
1995-05-18,0.48472702503204346
1995-05-19,0.48454582691192627
1995-05-20,0.48436811566352844
1995-05-21,0.4847622215747833
1995-05-22,0.4850119650363922
1995-05-23,0.4844695031642914
1995-05-24,0.48475712537765503
1995-05-25,0.485672265291214
1995-05-26,0.48760196566581726
1995-05-27,0.48831066489219666
1995-05-28,0.48689237236976624
1995-05-29,0.5259597301483154
1995-05-30,0.5670881271362305
1995-05-31,0.5661816596984863
1995-06-01,0.5686864852905273
1995-06-02,0.5574610829353333
1995-06-03,0.5555310249328613
1995-06-04,0.5693932771682739
1995-06-05,0.5791038274765015
1995-06-06,0.5678348541259766
1995-06-07,0.5656113624572754
1995-06-08,0.5635713338851929
1995-06-09,0.5615816116333008
1995-06-10,0.5596421360969543
1995-06-11,0.755676805973053
1995-06-12,0.9005054831504822
1995-06-13,0.7857480645179749
1995-06-14,0.774104654788971
1995-06-15,0.7644375562667847
1995-06-16,0.7551604509353638
1995-06-17,0.7462652921676636
1995-06-18,0.7377407550811768
1995-06-19,0.7295710444450378
1995-06-20,0.7217421531677246
1995-06-21,0.714239776134491
1995-06-22,0.7590904235839844
1995-06-23,0.7888591885566711
1995-06-24,0.7538077235221863
1995-06-25,0.7445243000984192
1995-06-26,0.7360197305679321
1995-06-27,0.7278842329978943
1995-06-28,0.7441747188568115
1995-06-29,0.7535954713821411
1995-06-30,0.7637607455253601
1995-07-01,0.7768837213516235
1995-07-02,0.7527037262916565
1995-07-03,0.7436100840568542
1995-07-04,0.7396146059036255
1995-07-05,0.7346515655517578
1995-07-06,0.7576446533203125
1995-07-07,0.777856707572937
1995-07-08,0.7608646750450134
1995-07-09,0.7530983090400696
1995-07-10,0.7418491244316101
1995-07-11,0.7334439754486084
1995-07-12,0.7254329323768616
1995-07-13,0.7177606821060181
1995-07-14,0.7104172706604004
1995-07-15,0.7033816576004028
1995-07-16,0.6966274380683899
1995-07-17,0.6901451945304871
1995-07-18,0.683920681476593
1995-07-19,0.6779402494430542
1995-07-20,0.6721911430358887
1995-07-21,0.6666614413261414
1995-07-22,0.6613399386405945
1995-07-23,0.6562159657478333
1995-07-24,0.6512796878814697
1995-07-25,0.6465217471122742
1995-07-26,0.6419333815574646
1995-07-27,0.6375064253807068
1995-07-28,0.6332331895828247
1995-07-29,0.6291064023971558
1995-07-30,0.6251193881034851
1995-07-31,0.6212656497955322
1995-08-01,0.6175392866134644
1995-08-02,0.6139345765113831
1995-08-03,0.6131578683853149
1995-08-04,0.6188236474990845
1995-08-05,0.6190476417541504
1995-08-06,0.6115610599517822
1995-08-07,0.6080938577651978
1995-08-08,0.6047926545143127
1995-08-09,0.6015945076942444
1995-08-10,0.6475135684013367
1995-08-11,0.9993770122528076
1995-08-12,2.76672625541687
1995-08-13,3.7009477615356445
1995-08-14,3.0067362785339355
1995-08-15,2.6381826400756836
1995-08-16,2.380084753036499
1995-08-17,2.1755316257476807
1995-08-18,2.0071794986724854
1995-08-19,1.8665181398391724
1995-08-20,1.7472800016403198
1995-08-21,1.6449211835861206
1995-08-22,1.5561152696609497
1995-08-23,1.5721713304519653
1995-08-24,1.6681132316589355
1995-08-25,1.7563939094543457
1995-08-26,1.7117840051651
1995-08-27,1.9985411167144775
1995-08-28,2.7504003047943115
1995-08-29,2.7771735191345215
1995-08-30,2.3884012699127197
1995-08-31,2.175095319747925
1995-09-01,2.0034101009368896
1995-09-02,1.8609850406646729
1995-09-03,1.7408875226974487
1995-09-04,1.6382285356521606
1995-09-05,3.830587148666382
1995-09-06,4.792695999145508
1995-09-07,3.6414337158203125
1995-09-08,3.1080570220947266
1995-09-09,2.729290246963501
1995-09-10,2.442735195159912
1995-09-11,2.2180445194244385
1995-09-12,2.0369064807891846
1995-09-13,1.8876612186431885
1995-09-14,2.295746326446533
1995-09-15,2.4537925720214844
1995-09-16,2.131631374359131
1995-09-17,1.9641942977905273
1995-09-18,1.8268507719039917
1995-09-19,1.710894227027893
1995-09-20,1.6117006540298462
1995-09-21,1.5258876085281372
1995-09-22,1.8023730516433716
1995-09-23,1.932183027267456
1995-09-24,1.720323085784912
1995-09-25,1.618868112564087
1995-09-26,1.532485842704773
1995-09-27,1.4570021629333496
1995-09-28,1.3904918432235718
1995-09-29,1.3314553499221802
1995-09-30,1.2787084579467773
1995-10-01,1.231307864189148
1995-10-02,1.18848717212677
1995-10-03,1.158541202545166
1995-10-04,1.128674864768982
1995-10-05,1.0921525955200195
1995-10-06,1.061535120010376
1995-10-07,1.0333926677703857
1995-10-08,1.0074002742767334
1995-10-09,0.9833223819732666
1995-10-10,0.960957944393158
1995-10-11,0.9401335120201111
1995-10-12,0.9206976890563965
1995-10-13,0.902518093585968
1995-10-14,0.8854784369468689
1995-10-15,0.8694772720336914
1995-10-16,0.854424774646759
1995-10-17,0.8402401208877563
1995-10-18,0.8268519043922424
1995-10-19,0.8141962885856628
1995-10-20,0.8054819703102112
1995-10-21,0.7963601350784302
1995-10-22,0.7838578224182129
1995-10-23,0.7734106779098511
1995-10-24,0.7652415633201599
1995-10-25,0.7593358159065247
1995-10-26,0.7510136961936951
1995-10-27,0.7410730719566345
1995-10-28,0.732660710811615
1995-10-29,0.7246406078338623
1995-10-30,0.7425596714019775
1995-10-31,0.7531548142433167
1995-11-01,0.7320801615715027
1995-11-02,0.723919153213501
1995-11-03,0.716296374797821
1995-11-04,0.708999752998352
1995-11-05,0.7020097374916077
1995-11-06,0.6953074932098389
1995-11-07,0.6888765692710876
1995-11-08,0.6827020645141602
1995-11-09,0.6767700910568237
1995-11-10,0.6710674166679382
1995-11-11,0.665582001209259
1995-11-12,0.6603026986122131
1995-11-13,0.6552188992500305
1995-11-14,0.6503205895423889
1995-11-15,0.6455985307693481
1995-11-16,0.6410441994667053
1995-11-17,0.636649489402771
1995-11-18,0.6324067711830139
1995-11-19,0.6661807894706726
1995-11-20,0.689426839351654
1995-11-21,0.6637391448020935
1995-11-22,0.6582697033882141
1995-11-23,0.6532889008522034
1995-11-24,0.6484842896461487
1995-11-25,0.6438484787940979
1995-11-26,0.639373779296875
1995-11-27,0.6350522637367249
1995-11-28,0.6308772563934326
1995-11-29,0.6268427968025208
1995-11-30,0.6229425072669983
1995-12-01,0.6191700100898743
1995-12-02,0.6155198216438293
1995-12-03,0.6119868159294128
1995-12-04,0.6085660457611084
1995-12-05,0.6052530407905579
1995-12-06,0.6020432114601135
1995-12-07,0.5989325046539307
1995-12-08,0.5959171056747437
1995-12-09,0.5929933190345764
1995-12-10,0.5901573896408081
1995-12-11,0.5874057412147522
1995-12-12,0.584735095500946
1995-12-13,0.5821423530578613
1995-12-14,0.5796245336532593
1995-12-15,0.5771788954734802
1995-12-16,0.5748027563095093
1995-12-17,0.5724936127662659
1995-12-18,0.5702490210533142
1995-12-19,0.5680667757987976
1995-12-20,0.5659445524215698
1995-12-21,0.5638803839683533
1995-12-22,0.5632448792457581
1995-12-23,0.5622897744178772
1995-12-24,0.5595424771308899
1995-12-25,0.5576395392417908
1995-12-26,0.5610549449920654
1995-12-27,0.5630954504013062
1995-12-28,0.5581036806106567
1995-12-29,0.5562087297439575
1995-12-30,0.5544077157974243
1995-12-31,0.5567106008529663
1996-01-01,0.5579625964164734
1996-01-02,0.5537853837013245
1996-01-03,0.5520148873329163
1996-01-04,0.5503242015838623
1996-01-05,0.5486764311790466
1996-01-06,0.547070324420929
1996-01-07,0.5455048084259033
1996-01-08,0.543978750705719
1996-01-09,0.5424907207489014
1996-01-10,0.5410394668579102
1996-01-11,0.5396239161491394
1996-01-12,0.5382430553436279
1996-01-13,0.5368959307670593
1996-01-14,0.5355814695358276
1996-01-15,0.5342987179756165
1996-01-16,0.5330467224121094
1996-01-17,0.5318247079849243
1996-01-18,0.5306317210197449
1996-01-19,0.529466986656189
1996-01-20,0.5283297896385193
1996-01-21,0.527219295501709
1996-01-22,0.5261346697807312
1996-01-23,0.5250753164291382
1996-01-24,0.5240405201911926
1996-01-25,0.5230295658111572
1996-01-26,0.5220417976379395
1996-01-27,0.5210766792297363
1996-01-28,0.5201334953308105
1996-01-29,0.5192117691040039
1996-01-30,0.5183108448982239
1996-01-31,0.5174301862716675
1996-02-01,0.5165692567825317
1996-02-02,0.5157276391983032
1996-02-03,0.5149046778678894
1996-02-04,0.5141000151634216
1996-02-05,0.5133131742477417
1996-02-06,0.5125436186790466
1996-02-07,0.511790931224823
1996-02-08,0.5110546946525574
1996-02-09,0.5103345513343811
1996-02-10,0.509630024433136
1996-02-11,0.5089408159255981
1996-02-12,0.5082663893699646
1996-02-13,0.507606565952301
1996-02-14,0.5069608688354492
1996-02-15,0.5063289403915405
1996-02-16,0.5057105422019958
1996-02-17,0.5051052570343018
1996-02-18,0.5045128464698792
1996-02-19,0.5039329528808594
1996-02-20,0.5033652782440186
1996-02-21,0.5028095841407776
1996-02-22,0.5022655129432678
1996-02-23,0.5017328262329102
1996-02-24,0.5012112855911255
1996-02-25,0.5007005929946899
1996-02-26,0.5002005100250244
1996-02-27,0.4997107684612274
1996-02-28,0.4992311894893646
1996-02-29,0.49887755513191223
1996-03-01,0.4985031485557556
1996-03-02,0.49797701835632324
1996-03-03,0.49753203988075256
1996-03-04,0.4970971941947937
1996-03-05,0.49667122960090637
1996-03-06,0.49625393748283386
1996-03-07,0.49584513902664185
1996-03-08,0.4954446256160736
1996-03-09,0.4950522482395172
1996-03-10,0.49466776847839355
1996-03-11,0.4942910671234131
1996-03-12,0.4939219355583191
1996-03-13,0.49356022477149963
1996-03-14,0.4932057857513428
1996-03-15,0.4928584396839142
1996-03-16,0.49251803755760193
1996-03-17,0.49218443036079407
1996-03-18,0.49185746908187866
1996-03-19,0.4915370047092438
1996-03-20,0.49122291803359985
1996-03-21,0.49091506004333496
1996-03-22,0.49061331152915955
1996-03-23,0.4903174936771393
1996-03-24,0.4900275468826294
1996-03-25,0.48974332213401794
1996-03-26,0.4957045614719391
1996-03-27,0.500048816204071
1996-03-28,0.495700478553772
1996-03-29,0.4952479600906372
1996-03-30,0.4948604106903076
1996-03-31,0.4944804310798645
1996-04-01,0.4941079914569855
1996-04-02,0.49374306201934814
1996-04-03,0.4933854639530182
1996-04-04,0.49303489923477173
1996-04-05,0.4926912188529968
1996-04-06,0.4923543632030487
1996-04-07,0.49407440423965454
1996-04-08,0.4952663481235504
1996-04-09,0.4936088025569916
1996-04-10,0.493235319852829
1996-04-11,0.4928876459598541
1996-04-12,0.492546945810318
1996-04-13,0.49221301078796387
1996-04-14,0.49188560247421265
1996-04-15,0.49156469106674194
1996-04-16,0.4912501275539398
1996-04-17,0.4909417927265167
1996-04-18,0.4906395375728607
1996-04-19,0.49034324288368225
1996-04-20,0.4900527894496918
1996-04-21,0.4897680878639221
1996-04-22,0.48948895931243896
1996-04-23,0.48921531438827515
1996-04-24,0.4907216429710388
1996-04-25,0.49177098274230957
1996-04-26,0.490349143743515
1996-04-27,0.49004265666007996
1996-04-28,0.4897581934928894
1996-04-29,0.48947930335998535
1996-04-30,0.48920589685440063
1996-05-01,0.4889378249645233
1996-05-02,0.4886750280857086
1996-05-03,0.4884173572063446
1996-05-04,0.4881647229194641
1996-05-05,0.4879170358181
1996-05-06,0.48767414689064026
1996-05-07,0.4874360263347626
1996-05-08,0.487202525138855
1996-05-09,0.4869735538959503
1996-05-10,0.4867490231990814
1996-05-11,0.48652884364128113
1996-05-12,0.4947122037410736
1996-05-13,0.5007214546203613
1996-05-14,0.49501073360443115
1996-05-15,0.49455252289772034
1996-05-16,0.49417898058891296
1996-05-17,0.4938126802444458
1996-05-18,0.49345359206199646
1996-05-19,0.493101567029953
1996-05-20,0.49275651574134827
1996-05-21,0.4924182891845703
1996-05-22,0.4920867383480072
1996-05-23,0.49176180362701416
1996-05-24,0.4914432764053345
1996-05-25,0.49113109707832336
1996-05-26,0.4908250868320465
1996-05-27,0.49052512645721436
1996-05-28,0.49023106694221497
1996-05-29,0.48994284868240356
1996-05-30,0.4896602928638458
1996-05-31,0.4893832802772522
1996-06-01,0.4891117215156555
1996-06-02,0.48884546756744385
1996-06-03,0.4885844588279724
1996-06-04,0.4883285462856293
1996-06-05,0.48807764053344727
1996-06-06,0.48783162236213684
1996-06-07,0.4875904321670532
1996-06-08,0.4873539209365845
1996-06-09,0.4871219992637634
1996-06-10,0.4868945777416229
1996-06-11,0.4866715967655182
1996-06-12,0.4864529073238373
1996-06-13,0.4862384796142578
1996-06-14,0.48602819442749023
1996-06-15,0.4858219623565674
1996-06-16,0.4856197237968445
1996-06-17,0.485421359539032
1996-06-18,0.4852268397808075
1996-06-19,0.48503604531288147
1996-06-20,0.4848489463329315
1996-06-21,0.4846654236316681
1996-06-22,0.4844854176044464
1996-06-23,0.484558641910553
1996-06-24,0.48588162660598755
1996-06-25,0.48992839455604553
1996-06-26,0.49782830476760864
1996-06-27,0.5001267790794373
1996-06-28,0.49564093351364136
1996-06-29,0.49518874287605286
1996-06-30,0.49480292201042175
1996-07-01,0.4944245219230652
1996-07-02,0.4940533936023712
1996-07-03,0.49368953704833984
1996-07-04,0.49333280324935913
1996-07-05,0.4929831326007843
1996-07-06,0.4926403760910034
1996-07-07,0.4923044443130493
1996-07-08,0.49197518825531006
1996-07-09,0.4916524589061737
1996-07-10,0.4913361072540283
1996-07-11,0.49102604389190674
1996-07-12,0.49072209000587463
1996-07-13,0.49042415618896484
1996-07-14,0.49013209342956543
1996-07-15,0.48984581232070923
1996-07-16,0.4895651638507843
1996-07-17,0.4892900288105011
1996-07-18,0.48902028799057007
1996-07-19,0.48875585198402405
1996-07-20,0.4884965717792511
1996-07-21,0.48824238777160645
1996-07-22,0.48799315094947815
1996-07-23,0.48774880170822144
1996-07-24,0.48750919103622437
1996-07-25,0.48727425932884216
1996-07-26,0.4870438873767853
1996-07-27,0.48681801557540894
1996-07-28,0.4865964949131012
1996-07-29,0.4863792657852173
1996-07-30,0.4861662685871124
1996-07-31,0.48595738410949707
1996-08-01,0.48575252294540405
1996-08-02,0.4855515956878662
1996-08-03,0.48535457253456116
1996-08-04,0.48516133427619934
1996-08-05,0.4849717915058136
1996-08-06,0.48478591442108154
1996-08-07,0.484603613615036
1996-08-08,0.4845789968967438
1996-08-09,0.48538994789123535
1996-08-10,0.4857617914676666
1996-08-11,0.4850136339664459
1996-08-12,0.48481905460357666
1996-08-13,0.4846361577510834
1996-08-14,0.48445671796798706
1996-08-15,0.4842807352542877
1996-08-16,0.4841081202030182
1996-08-17,0.4839387834072113
1996-08-18,0.4837726950645447
1996-08-19,0.48360976576805115
1996-08-20,0.4834499657154083
1996-08-21,0.48329320549964905
1996-08-22,0.48313942551612854
1996-08-23,2.493488311767578
1996-08-24,5.721198081970215
1996-08-25,5.081942081451416
1996-08-26,3.9455392360687256
1996-08-27,3.3336751461029053
1996-08-28,2.903959274291992
1996-08-29,2.582845687866211
1996-08-30,2.333282947540283
1996-08-31,2.1335291862487793
1996-09-01,2.3812687397003174
1996-09-02,2.8553929328918457
1996-09-03,4.421929836273193
1996-09-04,4.604004859924316
1996-09-05,6.053619861602783
1996-09-06,5.946593761444092
1996-09-07,4.437509536743164
1996-09-08,3.6593515872955322
1996-09-09,3.136754274368286
1996-09-10,2.7582485675811768
1996-09-11,2.470679759979248
1996-09-12,2.244380235671997
1996-09-13,2.061429977416992
1996-09-14,2.1288764476776123
1996-09-15,2.110175132751465
1996-09-16,1.9118207693099976
1996-09-17,1.7853198051452637
1996-09-18,1.7488902807235718
1996-09-19,1.769276738166809
1996-09-20,1.7790025472640991
1996-09-21,1.7100063562393188
1996-09-22,1.5959755182266235
1996-09-23,1.5143331289291382
1996-09-24,1.442602276802063
1996-09-25,1.3788777589797974
1996-09-26,1.3219386339187622
1996-09-27,1.2707923650741577
1996-09-28,1.5500876903533936
1996-09-29,1.7041629552841187
1996-09-30,1.521260380744934
1996-10-01,1.446704626083374
1996-10-02,1.3822064399719238
1996-10-03,1.3247369527816772
1996-10-04,1.2732415199279785
1996-10-05,1.2268500328063965
1996-10-06,1.1848453283309937
1996-10-07,1.1466327905654907
1996-10-08,1.1117238998413086
1996-10-09,1.0797199010849
1996-10-10,1.0502800941467285
1996-10-11,1.0231106281280518
1996-10-12,0.9979659914970398
1996-10-13,0.9746333956718445
1996-10-14,0.9529268741607666
1996-10-15,0.9326850771903992
1996-10-16,0.9137672185897827
1996-10-17,0.8960505127906799
1996-10-18,0.8794276118278503
1996-10-19,0.8638035655021667
1996-10-20,0.8490924835205078
1996-10-21,0.8352180123329163
1996-10-22,0.8221134543418884
1996-10-23,0.8097188472747803
1996-10-24,0.7979791164398193
1996-10-25,1.3025280237197876
1996-10-26,1.649322271347046
1996-10-27,1.3914638757705688
1996-10-28,1.3309623003005981
1996-10-29,1.2794747352600098
1996-10-30,1.232988953590393
1996-10-31,1.1908204555511475
1996-11-01,1.152403473854065
1996-11-02,1.1172897815704346
1996-11-03,1.0850956439971924
1996-11-04,1.0554661750793457
1996-11-05,1.0280969142913818
1996-11-06,1.0027425289154053
1996-11-07,0.9791961312294006
1996-11-08,0.9572855234146118
1996-11-09,0.9368553757667542
1996-11-10,0.9177615642547607
1996-11-11,0.8998769521713257
1996-11-12,0.9005076289176941
1996-11-13,0.8964051008224487
1996-11-14,0.8727531433105469
1996-11-15,0.8574979305267334
1996-11-16,0.8432203531265259
1996-11-17,0.8297348618507385
1996-11-18,0.8169798851013184
1996-11-19,0.8048993945121765
1996-11-20,0.793443500995636
1996-11-21,0.7825669646263123
1996-11-22,0.7722292542457581
1996-11-23,0.7623935341835022
1996-11-24,0.7530252933502197
1996-11-25,0.7440944314002991
1996-11-26,0.7355726361274719
1996-11-27,0.7274330258369446
1996-11-28,0.7196515202522278
1996-11-29,0.7122058868408203
1996-11-30,0.7115014791488647
1996-12-01,0.7091837525367737
1996-12-02,0.7018178701400757
1996-12-03,0.6971328258514404
1996-12-04,0.6892804503440857
1996-12-05,0.6843484044075012
1996-12-06,0.6793075203895569
1996-12-07,0.6728777885437012
1996-12-08,0.6673195958137512
1996-12-09,0.6619802117347717
1996-12-10,0.6568387746810913
1996-12-11,0.6518851518630981
1996-12-12,0.6471099853515625
1996-12-13,0.6425046920776367
1996-12-14,0.6380611658096313
1996-12-15,0.6337716579437256
1996-12-16,0.6296292543411255
1996-12-17,0.6256272792816162
1996-12-18,0.6217591762542725
1996-12-19,0.6182293891906738
1996-12-20,0.614762544631958
1996-12-21,0.6111370921134949
1996-12-22,0.6077383160591125
1996-12-23,0.6044484972953796
1996-12-24,0.6012614369392395
1996-12-25,0.5981729030609131
1996-12-26,0.5951790809631348
1996-12-27,0.5922760367393494
1996-12-28,0.589460015296936
1996-12-29,0.5867276787757874
1996-12-30,0.5840758681297302
1996-12-31,0.581501305103302
1997-01-01,0.5790011882781982
1997-01-02,0.5765727162361145
1997-01-03,0.5742131471633911
1997-01-04,0.5719200968742371
1997-01-05,0.5696911215782166
1997-01-06,0.5675238966941833
1997-01-07,0.5654162764549255
1997-01-08,0.563366174697876
1997-01-09,0.5613715648651123
1997-01-10,0.5594305396080017
1997-01-11,0.5575413107872009
1997-01-12,0.5557021498680115
1997-01-13,0.5539113283157349
1997-01-14,0.5521672368049622
1997-01-15,0.5506182312965393
1997-01-16,0.5490723848342896
1997-01-17,0.5473665595054626
1997-01-18,0.5483316779136658
1997-01-19,0.5486527681350708
1997-01-20,0.5455697178840637
1997-01-21,0.5440182089805603
1997-01-22,0.5425272583961487
1997-01-23,0.5410733819007874
1997-01-24,0.5396555662155151
1997-01-25,0.5382726192474365
1997-01-26,0.5369235873222351
1997-01-27,0.5356073975563049
1997-01-28,0.5343230962753296
1997-01-29,0.5330698490142822
1997-01-30,0.5318466424942017
1997-01-31,0.5306525826454163
1997-02-01,0.5294869542121887
1997-02-02,0.5283488631248474
1997-02-03,0.5272374749183655
1997-02-04,0.5261521935462952
1997-02-05,0.5250921845436096
1997-02-06,0.5240567326545715
1997-02-07,0.5230451822280884
1997-02-08,0.5220569372177124
1997-02-09,0.5210913419723511
1997-02-10,0.5201477408409119
1997-02-11,0.519225537776947
1997-02-12,0.5183242559432983
1997-02-13,0.5174432396888733
1997-02-14,0.5165820121765137
1997-02-15,0.5157399773597717
1997-02-16,0.5149167776107788
1997-02-17,0.5141118168830872
1997-02-18,0.5133246183395386
1997-02-19,0.5125547647476196
1997-02-20,0.5118018388748169
1997-02-21,0.5110653638839722
1997-02-22,0.5113643407821655
1997-02-23,0.5114099383354187
1997-02-24,0.5100643634796143
1997-02-25,0.5093567371368408
1997-02-26,0.5086734294891357
1997-02-27,0.5080048441886902
1997-02-28,0.5073506236076355
1997-03-01,0.506710410118103
1997-03-02,0.5060839056968689
1997-03-03,0.5054707527160645
1997-03-04,0.504870593547821
1997-03-05,0.5042831301689148
1997-03-06,0.5050733685493469
1997-03-07,0.5055169463157654
1997-03-08,0.5040820837020874
1997-03-09,0.5034992694854736
1997-03-10,0.502940833568573
1997-03-11,0.504520833492279
1997-03-12,0.5203378200531006
1997-03-13,0.5293559432029724
1997-03-14,0.5192810893058777
1997-03-15,0.5182543396949768
1997-03-16,0.5173801183700562
1997-03-17,0.5165244936943054
1997-03-18,0.5212739706039429
1997-03-19,0.5340158939361572
1997-03-20,0.5492553114891052
1997-03-21,0.5516030192375183
1997-03-22,0.5424593687057495
1997-03-23,0.5409199595451355
1997-03-24,0.5395224690437317
1997-03-25,0.5381577610969543
1997-03-26,0.5368251800537109
1997-03-27,0.5355208516120911
1997-03-28,0.5498856902122498
1997-03-29,0.5847253203392029
1997-03-30,0.591759443283081
1997-03-31,0.6130620837211609
1997-04-01,0.6384103298187256
1997-04-02,0.6134154200553894
1997-04-03,0.6860622763633728
1997-04-04,0.8602108359336853
1997-04-05,0.9105811715126038
1997-04-06,0.8460940718650818
1997-04-07,0.8569881319999695
1997-04-08,1.174328327178955
1997-04-09,1.9269713163375854
1997-04-10,2.606224298477173
1997-04-11,2.5556185245513916
1997-04-12,2.3468034267425537
1997-04-13,2.715332508087158
1997-04-14,2.9341979026794434
1997-04-15,3.7725460529327393
1997-04-16,3.8723034858703613
1997-04-17,3.180145502090454
1997-04-18,2.7957916259765625
1997-04-19,2.5058534145355225
1997-04-20,2.277073860168457
1997-04-21,2.0914793014526367
1997-04-22,1.9375462532043457
1997-04-23,1.8078868389129639
1997-04-24,1.6973836421966553
1997-04-25,1.602030873298645
1997-04-26,1.5189129114151
1997-04-27,1.4459640979766846
1997-04-28,1.3814624547958374
1997-04-29,1.3239697217941284
1997-04-30,1.2723875045776367
1997-05-01,1.2258745431900024
1997-05-02,1.1837388277053833
1997-05-03,1.145408034324646
1997-05-04,1.1104183197021484
1997-05-05,1.0783616304397583
1997-05-06,1.0488871335983276
1997-05-07,1.0217037200927734
1997-05-08,0.9965602159500122
1997-05-09,0.9732405543327332
1997-05-10,0.9515589475631714
1997-05-11,0.9313516020774841
1997-05-12,1.0020291805267334
1997-05-13,1.2437695264816284
1997-05-14,1.3122085332870483
1997-05-15,1.524688959121704
1997-05-16,1.6847443580627441
1997-05-17,1.5019150972366333
1997-05-18,1.585991621017456
1997-05-19,1.6122350692749023
1997-05-20,1.6497395038604736
1997-05-21,1.752464771270752
1997-05-22,1.6715120077133179
1997-05-23,1.568763017654419
1997-05-24,1.4930540323257446
1997-05-25,1.4239139556884766
1997-05-26,1.3627070188522339
1997-05-27,1.3076941967010498
1997-05-28,1.258091926574707
1997-05-29,1.5799005031585693
1997-05-30,1.7601970434188843
1997-05-31,1.5594594478607178
1997-06-01,1.5432512760162354
1997-06-02,1.510851263999939
1997-06-03,1.4228243827819824
1997-06-04,1.3606007099151611
1997-06-05,1.305212378501892
1997-06-06,1.2554221153259277
1997-06-07,1.2104594707489014
1997-06-08,1.1696836948394775
1997-06-09,1.132554292678833
1997-06-10,1.935067892074585
1997-06-11,2.417703628540039
1997-06-12,2.013197660446167
1997-06-13,1.8651585578918457
1997-06-14,1.7436976432800293
1997-06-15,1.6399232149124146
1997-06-16,1.5502971410751343
1997-06-17,1.4721529483795166
1997-06-18,1.6201790571212769
1997-06-19,1.6831037998199463
1997-06-20,1.5341062545776367
1997-06-21,1.4574735164642334
1997-06-22,1.3908183574676514
1997-06-23,1.8825764656066895
1997-06-24,2.145573139190674
1997-06-25,1.8550746440887451
1997-06-26,1.7327215671539307
1997-06-27,1.6304115056991577
1997-06-28,1.5420236587524414
1997-06-29,1.4649217128753662
1997-06-30,1.3971003293991089
1997-07-01,1.3370046615600586
1997-07-02,1.2834018468856812
1997-07-03,1.2353060245513916
1997-07-04,1.191921591758728
1997-07-05,1.1525956392288208
1997-07-06,1.1167895793914795
1997-07-07,1.0840559005737305
1997-07-08,1.054019808769226
1997-07-09,1.0263633728027344
1997-07-10,1.0008169412612915
1997-07-11,0.9771500825881958
1997-07-12,0.955164909362793
1997-07-13,0.9346900582313538
1997-07-14,0.9155767560005188
1997-07-15,0.8976950645446777
1997-07-16,0.8809312582015991
1997-07-17,0.8651850819587708
1997-07-18,0.8503680229187012
1997-07-19,0.836401641368866
1997-07-20,0.8232160806655884
1997-07-21,0.8107489347457886
1997-07-22,0.7990802526473999
1997-07-23,0.7879809737205505
1997-07-24,0.7772837281227112
1997-07-25,0.7671763300895691
1997-07-26,0.7575597167015076
1997-07-27,0.7483993172645569
1997-07-28,0.7396644353866577
1997-07-29,0.7313272953033447
1997-07-30,0.7233622670173645
1997-07-31,0.7157460451126099
1997-08-01,0.7084571719169617
1997-08-02,0.701475977897644
1997-08-03,0.6947842836380005
1997-08-04,0.6883652806282043
1997-08-05,0.6822036504745483
1997-08-06,0.676284909248352
1997-08-07,0.6705958843231201
1997-08-08,0.665124237537384
1997-08-09,0.6598585247993469
1997-08-10,0.6547880172729492
1997-08-11,0.6499028205871582
1997-08-12,0.6451936960220337
1997-08-13,0.6408147215843201
1997-08-14,0.6365483999252319
1997-08-15,0.6322228312492371
1997-08-16,0.6281359195709229
1997-08-17,0.6241865754127502
1997-08-18,0.6203600764274597
1997-08-19,0.6166633367538452
1997-08-20,0.6130870580673218
1997-08-21,0.6096258759498596
1997-08-22,0.6062749624252319
1997-08-23,0.6030294895172119
1997-08-24,0.5998852252960205
1997-08-25,0.5968378782272339
1997-08-26,0.5938835144042969
1997-08-27,0.5910183787345886
1997-08-28,0.5882390141487122
1997-08-29,0.5855420231819153
1997-08-30,0.5829241275787354
1997-08-31,0.5803824663162231
1997-09-01,0.5779139995574951
1997-09-02,0.5755160450935364
1997-09-03,0.5731860995292664
1997-09-04,0.5709215402603149
1997-09-05,0.5687200427055359
1997-09-06,0.5665794014930725
1997-09-07,0.5644974112510681
1997-09-08,0.5721837878227234
1997-09-09,0.5772844552993774
1997-09-10,0.5694084167480469
1997-09-11,0.5671696066856384
1997-09-12,0.5650728344917297
1997-09-13,0.563032865524292
1997-09-14,0.5610477924346924
1997-09-15,0.5591158866882324
1997-09-16,0.5572352409362793
1997-09-17,0.5554043054580688
1997-09-18,0.5536214113235474
1997-09-19,0.5518849492073059
1997-09-20,0.5501934289932251
1997-09-21,0.5485454797744751
1997-09-22,0.5537023544311523
1997-09-23,0.5570782423019409
1997-09-24,1.3740086555480957
1997-09-25,1.9944086074829102
1997-09-26,1.5803300142288208
1997-09-27,1.4977405071258545
1997-09-28,1.4292376041412354
1997-09-29,1.3680481910705566
1997-09-30,1.313109040260315
1997-10-01,1.263526201248169
1997-10-02,1.2185882329940796
1997-10-03,1.1777093410491943
1997-10-04,1.140383243560791
1997-10-05,1.1061975955963135
1997-10-06,1.0747950077056885
1997-10-07,1.0458537340164185
1997-10-08,1.0191010236740112
1997-10-09,0.9943070411682129
1997-10-10,3.2413361072540283
1997-10-11,4.54094123840332
1997-10-12,3.4236245155334473
1997-10-13,6.833293914794922
1997-10-14,7.208372592926025
1997-10-15,5.060321807861328
1997-10-16,4.0572662353515625
1997-10-17,3.421574831008911
1997-10-18,2.9778010845184326
1997-10-19,2.6489505767822266
1997-10-20,2.3945391178131104
1997-10-21,2.191260814666748
1997-10-22,2.0247316360473633
1997-10-23,1.8855177164077759
1997-10-24,1.7672191858291626
1997-10-25,1.8482452630996704
1997-10-26,1.857199788093567
1997-10-27,1.7029309272766113
1997-10-28,1.6094518899917603
1997-10-29,1.5284335613250732
1997-10-30,1.4568859338760376
1997-10-31,1.3932133913040161
1997-11-01,1.3361777067184448
1997-11-02,1.2848610877990723
1997-11-03,1.2385101318359375
1997-11-04,1.1964130401611328
1997-11-05,1.1579946279525757
1997-11-06,1.1981112957000732
1997-11-07,1.30941903591156
1997-11-08,1.3044990301132202
1997-11-09,1.2263660430908203
1997-11-10,1.1850289106369019
1997-11-11,1.1478289365768433
1997-11-12,1.113773226737976
1997-11-13,1.0824297666549683
1997-11-14,1.0534839630126953
1997-11-15,1.02670156955719
1997-11-16,1.0018894672393799
1997-11-17,0.9788379669189453
1997-11-18,0.9573330879211426
1997-11-19,0.9372240900993347
1997-11-20,0.9183870553970337
1997-11-21,0.9006977081298828
1997-11-22,0.8840625882148743
1997-11-23,0.8683997988700867
1997-11-24,0.8536282181739807
1997-11-25,0.8396728038787842
1997-11-26,0.826470136642456
1997-11-27,0.8139645457267761
1997-11-28,0.8021050691604614
1997-11-29,0.7908465266227722
1997-11-30,0.7801491618156433
1997-12-01,0.769973635673523
1997-12-02,0.760283350944519
1997-12-03,0.751046359539032
1997-12-04,0.7422342896461487
1997-12-05,0.733820378780365
1997-12-06,0.7257794737815857
1997-12-07,0.7269643545150757
1997-12-08,0.7258226275444031
1997-12-09,0.7138832807540894
1997-12-10,0.706640899181366
1997-12-11,0.6997637748718262
1997-12-12,0.6931688189506531
1997-12-13,0.6868399977684021
1997-12-14,0.6807615160942078
1997-12-15,0.6749192476272583
1997-12-16,0.6693004369735718
1997-12-17,0.663893461227417
1997-12-18,0.6586873531341553
1997-12-19,0.6536717414855957
1997-12-20,0.6497928500175476
1997-12-21,0.6458128094673157
1997-12-22,0.6407649517059326
1997-12-23,0.6389498710632324
1997-12-24,0.6365614533424377
1997-12-25,0.630984365940094
1997-12-26,0.6269224882125854
1997-12-27,0.6230165958404541
1997-12-28,0.619239866733551
1997-12-29,0.6155864596366882
1997-12-30,0.6120509505271912
1997-12-31,0.6086281538009644
1998-01-01,0.6053133606910706
1998-01-02,0.6021019220352173
1998-01-03,0.5989896059036255
1998-01-04,0.59597247838974
1998-01-05,0.5930466651916504
1998-01-06,0.5902087092399597
1998-01-07,0.5874550342559814
1998-01-08,0.5847826600074768
1998-01-09,0.5821882486343384
1998-01-10,0.5796689987182617
1998-01-11,0.5772219300270081
1998-01-12,0.574844479560852
1998-01-13,0.5725340843200684
1998-01-14,0.5702883005142212
1998-01-15,0.5681048631668091
1998-01-16,0.5659815669059753
1998-01-17,0.5642815232276917
1998-01-18,0.5625380277633667
1998-01-19,0.5603581666946411
1998-01-20,0.5584415197372437
1998-01-21,0.5565787553787231
1998-01-22,0.5547650456428528
1998-01-23,0.5529989004135132
1998-01-24,0.5512786507606506
1998-01-25,0.5496028661727905
1998-01-26,0.5479701161384583
1998-01-27,0.5463789701461792
1998-01-28,0.5448281168937683
1998-01-29,0.5433163642883301
1998-01-30,0.5418424606323242
1998-01-31,0.5404052734375
1998-02-01,0.5390036106109619
1998-02-02,0.5376364588737488
1998-02-03,0.5363026857376099
1998-02-04,0.5350014567375183
1998-02-05,0.5337316393852234
1998-02-06,0.532492458820343
1998-02-07,0.531282901763916
1998-02-08,0.5301021933555603
1998-02-09,0.528949499130249
1998-02-10,0.5278239846229553
1998-02-11,0.5267248749732971
1998-02-12,0.5256515145301819
1998-02-13,0.5246030688285828
1998-02-14,0.5240728259086609
1998-02-15,0.523775577545166
1998-02-16,0.5227338671684265
1998-02-17,0.5215449929237366
1998-02-18,0.5205880999565125
1998-02-19,0.5196560025215149
1998-02-20,0.5187450051307678
1998-02-21,0.5178545117378235
1998-02-22,0.5169841051101685
1998-02-23,0.5161331295967102
1998-02-24,0.5153011679649353
1998-02-25,0.5144876837730408
1998-02-26,0.5136922001838684
1998-02-27,0.51291424036026
1998-02-28,0.5121534466743469
1998-03-01,0.5114092826843262
1998-03-02,0.5106813907623291
1998-03-03,0.5099693536758423
1998-03-04,0.5092726945877075
1998-03-05,0.5085911750793457
1998-03-06,0.5079243183135986
1998-03-07,0.5072718262672424
1998-03-08,0.5066332817077637
1998-03-09,0.5060083270072937
1998-03-10,0.5053967833518982
1998-03-11,0.5048919916152954
1998-03-12,0.509630024433136
1998-03-13,0.5177977681159973
1998-03-14,0.5174718499183655
1998-03-15,0.5135889649391174
1998-03-16,0.5127725005149841
1998-03-17,0.5120168328285217
1998-03-18,0.5112771987915039
1998-03-19,0.5105534195899963
1998-03-20,0.5098450779914856
1998-03-21,0.5091519951820374
1998-03-22,0.5084736943244934
1998-03-23,0.5078098773956299
1998-03-24,0.5071602463722229
1998-03-25,0.5065243244171143
1998-03-26,0.5059019923210144
1998-03-27,0.5052928328514099
1998-03-28,0.5046965479850769
1998-03-29,0.5041128396987915
1998-03-30,0.5035414695739746
1998-03-31,0.5029820799827576
1998-04-01,0.5024344325065613
1998-04-02,0.5018982291221619
1998-04-03,0.5013732314109802
1998-04-04,0.5008592009544373
1998-04-05,0.5003558397293091
1998-04-06,0.4998629093170166
1998-04-07,0.4993801712989807
1998-04-08,0.4989073872566223
1998-04-09,0.4984443485736847
1998-04-10,0.49799081683158875
1998-04-11,0.49754661321640015
1998-04-12,0.4971114695072174
1998-04-13,0.4966852068901062
1998-04-14,0.4962676465511322
1998-04-15,0.4958585500717163
1998-04-16,0.4954577684402466
1998-04-17,0.4950651228427887
1998-04-18,0.49468037486076355
1998-04-19,0.494303435087204
1998-04-20,0.4939340353012085
1998-04-21,0.4935721158981323
1998-04-22,0.493217408657074
1998-04-23,0.4928698241710663
1998-04-24,0.4925292134284973
1998-04-25,0.49219536781311035
1998-04-26,0.49186819791793823
1998-04-27,0.49154752492904663
1998-04-28,0.491233229637146
1998-04-29,0.4909251630306244
1998-04-30,0.49062320590019226
1998-05-01,0.49032720923423767
1998-05-02,0.49003705382347107
1998-05-03,0.4897526502609253
1998-05-04,0.489473819732666
1998-05-05,0.4892004728317261
1998-05-06,0.4889324903488159
1998-05-07,0.488669753074646
1998-05-08,0.48841217160224915
1998-05-09,0.4881596565246582
1998-05-10,0.48791202902793884
1998-05-11,0.4876692593097687
1998-05-12,0.48743119835853577
1998-05-13,0.48719778656959534
1998-05-14,0.48696890473365784
1998-05-15,0.4867453873157501
1998-05-16,0.4865259826183319
1998-05-17,0.48630955815315247
1998-05-18,0.48609787225723267
1998-05-19,0.48589029908180237
1998-05-20,0.4856867492198944
1998-05-21,0.48548710346221924
1998-05-22,0.4852913022041321
1998-05-23,0.48509928584098816
1998-05-24,0.4849109649658203
1998-05-25,0.4847262501716614
1998-05-26,0.4845450818538666
1998-05-27,0.49787208437919617
1998-05-28,0.5077110528945923
1998-05-29,0.4986991882324219
1998-05-30,0.4981209933757782
1998-05-31,0.4976756274700165
1998-06-01,0.4972389042377472
1998-06-02,0.4968107342720032
1998-06-03,0.49639108777046204
1998-06-04,0.495979905128479
1998-06-05,0.4955770969390869
1998-06-06,0.5103551745414734
1998-06-07,0.5211966037750244
1998-06-08,0.5109929442405701
1998-06-09,0.5101425647735596
1998-06-10,0.5094445943832397
1998-06-11,0.508760929107666
1998-06-12,0.5080914497375488
1998-06-13,0.5074360370635986
1998-06-14,0.5067943930625916
1998-06-15,0.5061663389205933
1998-06-16,0.5055515766143799
1998-06-17,0.5049497485160828
1998-06-18,0.5043607354164124
1998-06-19,0.5037840604782104
1998-06-20,0.5032196044921875
1998-06-21,0.5026669502258301
1998-06-22,0.5021259188652039
1998-06-23,0.5015961527824402
1998-06-24,0.5010774731636047
1998-06-25,0.5005695223808289
1998-06-26,0.500072181224823
1998-06-27,0.4995850920677185
1998-06-28,0.49910810589790344
1998-06-29,0.5038648843765259
1998-06-30,0.5072645545005798
1998-07-01,0.5034262537956238
1998-07-02,0.5028231143951416
1998-07-03,0.5022790431976318
1998-07-04,0.5017462968826294
1998-07-05,0.5012246370315552
1998-07-06,0.5007137656211853
1998-07-07,0.5002134442329407
1998-07-08,0.49972349405288696
1998-07-09,0.4992436468601227
1998-07-10,0.4987737238407135
1998-07-11,0.49831342697143555
1998-07-12,0.4978626072406769
1998-07-13,0.497420996427536
1998-07-14,0.496988445520401
1998-07-15,0.49656468629837036
1998-07-16,0.4963501989841461
1998-07-17,0.4960916042327881
1998-07-18,0.4955623149871826
1998-07-19,0.49516576528549194
1998-07-20,0.49477899074554443
1998-07-21,0.4944000542163849
1998-07-22,0.4940287172794342
1998-07-23,0.4936648905277252
1998-07-24,0.49330833554267883
1998-07-25,0.4929589331150055
1998-07-26,0.49261653423309326
1998-07-27,0.4922809600830078
1998-07-28,0.4919520616531372
1998-07-29,0.4916297197341919
1998-07-30,0.4913138151168823
1998-07-31,0.4910041391849518
1998-08-01,0.4907006025314331
1998-08-02,0.49040308594703674
1998-08-03,0.49011144042015076
1998-08-04,0.4898255467414856
1998-08-05,0.489715576171875
1998-08-06,0.4895666837692261
1998-08-07,0.4891856014728546
1998-08-08,0.4889163672924042
1998-08-09,0.4886539876461029
1998-08-10,0.48839670419692993
1998-08-11,0.4881444573402405
1998-08-12,0.4878971576690674
1998-08-13,0.4876546561717987
1998-08-14,0.4874168932437897
1998-08-15,0.48720523715019226
1998-08-16,0.49213480949401855
1998-08-17,0.495702862739563
1998-08-18,0.49210935831069946
1998-08-19,0.49173790216445923
1998-08-20,0.49142012000083923
1998-08-21,0.4911086857318878
1998-08-22,0.49080342054367065
1998-08-23,0.4905039966106415
1998-08-24,0.49021047353744507
1998-08-25,0.4899227023124695
1998-08-26,0.48964059352874756
1998-08-27,0.48936399817466736
1998-08-28,0.4890928268432617
1998-08-29,0.4888269901275635
1998-08-30,0.4885663390159607
1998-08-31,0.4883107841014862
1998-09-01,0.48806023597717285
1998-09-02,0.4878145754337311
1998-09-03,0.4875737130641937
1998-09-04,0.48733749985694885
1998-09-05,0.4871059060096741
1998-09-06,0.48687881231307983
1998-09-07,0.486656129360199
1998-09-08,0.48643776774406433
1998-09-09,0.48622360825538635
1998-09-10,0.48601362109184265
1998-09-11,0.4858076572418213
1998-09-12,0.4856056869029999
1998-09-13,0.48540762066841125
1998-09-14,0.48521336913108826
1998-09-15,0.8902740478515625
1998-09-16,2.573467254638672
1998-09-17,3.2010977268218994
1998-09-18,2.5507752895355225
1998-09-19,2.3055179119110107
1998-09-20,2.1131057739257812
1998-09-21,1.9545847177505493
1998-09-22,1.8217005729675293
1998-09-23,3.8072633743286133
1998-09-24,4.627735614776611
1998-09-25,7.602174758911133
1998-09-26,7.55780553817749
1998-09-27,5.243983745574951
1998-09-28,4.1610307693481445
1998-09-29,3.4823529720306396
1998-09-30,3.012399196624756
1998-10-01,2.666470766067505
1998-10-02,2.4005792140960693
1998-10-03,2.1894097328186035
1998-10-04,2.017380475997925
1998-10-05,1.8744001388549805
1998-10-06,1.7537132501602173
1998-10-07,1.9016904830932617
1998-10-08,1.9451994895935059
1998-10-09,1.7601720094680786
1998-10-10,1.6554551124572754
1998-10-11,1.5658087730407715
1998-10-12,1.4874584674835205
1998-10-13,2.738847255706787
1998-10-14,3.374924421310425
1998-10-15,2.7263271808624268
1998-10-16,2.4388465881347656
1998-10-17,2.2171411514282227
1998-10-18,2.038115978240967
1998-10-19,1.890497088432312
1998-10-20,1.7666698694229126
1998-10-21,1.875903606414795
1998-10-22,1.979079008102417
1998-10-23,1.8494125604629517
1998-10-24,1.715807557106018
1998-10-25,1.6185446977615356
1998-10-26,1.53431236743927
1998-10-27,1.460383653640747
1998-10-28,1.394974946975708
1998-10-29,1.3366971015930176
1998-10-30,1.284456491470337
1998-10-31,1.2373660802841187
1998-11-01,1.1946995258331299
1998-11-02,1.155880331993103
1998-11-03,1.1204273700714111
1998-11-04,1.1205542087554932
1998-11-05,1.1919653415679932
1998-11-06,1.2000452280044556
1998-11-07,1.1342644691467285
1998-11-08,1.1004694700241089
1998-11-09,1.069800615310669
1998-11-10,1.0414901971817017
1998-11-11,1.015297770500183
1998-11-12,0.9909968376159668
1998-11-13,0.9683831930160522
1998-11-14,0.9472993016242981
1998-11-15,0.9276023507118225
1998-11-16,0.9091601371765137
1998-11-17,0.8918588161468506
1998-11-18,0.8755985498428345
1998-11-19,0.8602902889251709
1998-11-20,0.8458563089370728
1998-11-21,0.8504523038864136
1998-11-22,0.8499605059623718
1998-11-23,0.8283499479293823
1998-11-24,0.8155791759490967
1998-11-25,0.8035973310470581
1998-11-26,0.7922300100326538
1998-11-27,0.7814338207244873
1998-11-28,0.7711684107780457
1998-11-29,0.7613972425460815
1998-11-30,0.752087414264679
1998-12-01,0.743208646774292
1998-12-02,0.7347332239151001
1998-12-03,0.7266355752944946
1998-12-04,0.7188923358917236
1998-12-05,0.7114819288253784
1998-12-06,0.7043845653533936
1998-12-07,0.6975817680358887
1998-12-08,0.691057026386261
1998-12-09,0.6847946643829346
1998-12-10,0.6787800192832947
1998-12-11,0.6729997992515564
1998-12-12,0.6674414873123169
1998-12-13,0.6620931625366211
1998-12-14,0.6569438576698303
1998-12-15,0.6519834995269775
1998-12-16,0.6472025513648987
1998-12-17,0.642592191696167
1998-12-18,0.6395149827003479
1998-12-19,0.6362009048461914
1998-12-20,0.6312570571899414
1998-12-21,0.6271886825561523
1998-12-22,0.6232677102088928
1998-12-23,0.6194769740104675
1998-12-24,0.6170922517776489
1998-12-25,0.6144656538963318
1998-12-26,0.6102747321128845
1998-12-27,0.606894850730896
1998-12-28,0.6036314964294434
1998-12-29,0.6004697680473328
1998-12-30,0.5974055528640747
1998-12-31,0.5944348573684692
1999-01-01,0.5915539860725403
1999-01-02,0.5887593030929565
1999-01-03,0.5860475301742554
1999-01-04,0.5834155082702637
1999-01-05,0.5808600783348083
1999-01-06,0.5783783197402954
1999-01-07,0.57596755027771
1999-01-08,0.5736251473426819
1999-01-09,0.5713485479354858
1999-01-10,0.5691354870796204
1999-01-11,0.5669835805892944
1999-01-12,0.5648908019065857
1999-01-13,0.5628549456596375
1999-01-14,0.5608741044998169
1999-01-15,0.5589463710784912
1999-01-16,0.5570699572563171
1999-01-17,0.5552431344985962
1999-01-18,0.5534642934799194
1999-01-19,0.5517318248748779
1999-01-20,0.5500442385673523
1999-01-21,0.5484000444412231
1999-01-22,0.5467978119850159
1999-01-23,0.545236349105835
1999-01-24,0.5437142848968506
1999-01-25,0.5422303676605225
1999-01-26,0.5407834649085999
1999-01-27,0.5393723845481873
1999-01-28,0.5379961729049683
1999-01-29,0.5366536378860474
1999-01-30,0.5353437662124634
1999-01-31,0.5340657234191895
1999-02-01,0.5328184962272644
1999-02-02,0.5316011309623718
1999-02-03,0.5304128527641296
1999-02-04,0.5292527675628662
1999-02-05,0.5281201004981995
1999-02-06,0.5270140767097473
1999-02-07,0.5259339213371277
1999-02-08,0.5248789191246033
1999-02-09,0.5238483548164368
1999-02-10,0.5228416323661804
1999-02-11,0.5218580365180969
1999-02-12,0.5208969116210938
1999-02-13,0.5199577212333679
1999-02-14,0.5190398693084717
1999-02-15,0.5181427001953125
1999-02-16,0.5172657370567322
1999-02-17,0.5164085030555725
1999-02-18,0.515570342540741
1999-02-19,0.5147508978843689
1999-02-20,0.5139495730400085
1999-02-21,0.5131659507751465
1999-02-22,0.5123996138572693
1999-02-23,0.5116500854492188
1999-02-24,0.5109168887138367
1999-02-25,0.5101997256278992
1999-02-26,0.509498119354248
1999-02-27,0.5088117122650146
1999-02-28,0.5081400871276855
1999-03-01,0.5074829459190369
1999-03-02,0.5068398714065552
1999-03-03,0.5062105655670166
1999-03-04,0.5055946707725525
1999-03-05,0.5049918293952942
1999-03-06,0.5044018030166626
1999-03-07,0.5038242936134338
1999-03-08,0.5032588839530945
1999-03-09,0.5027053952217102
1999-03-10,0.5021635293960571
1999-03-11,0.5016329884529114
1999-03-12,0.5011135339736938
1999-03-13,0.5006048679351807
1999-03-14,0.5001067519187927
1999-03-15,0.4996189773082733
1999-03-16,0.49914124608039856
1999-03-17,0.49868425726890564
1999-03-18,0.4982340633869171
1999-03-19,0.49777814745903015
1999-03-20,0.4973381757736206
1999-03-21,0.4969072937965393
1999-03-22,0.4964852035045624
1999-03-23,0.4960716962814331
1999-03-24,0.49566659331321716
1999-03-25,0.4952697157859802
1999-03-26,0.4948808550834656
1999-03-27,0.4944998323917389
1999-03-28,0.49412649869918823
1999-03-29,0.49376070499420166
1999-03-30,0.49340224266052246
1999-03-31,0.4930509626865387
1999-04-01,0.49270668625831604
1999-04-02,0.49236932396888733
1999-04-03,0.49203866720199585
1999-04-04,0.49171462655067444
1999-04-05,0.4913969933986664
1999-04-06,0.4910857081413269
1999-04-07,0.4907805621623993
1999-04-08,0.4904814660549164
1999-04-09,0.49018827080726624
1999-04-10,0.4899008572101593
1999-04-11,0.48961910605430603
1999-04-12,0.48934289813041687
1999-04-13,0.48907214403152466
1999-04-14,0.48881375789642334
1999-04-15,0.48855873942375183
1999-04-16,0.4882989227771759
1999-04-17,0.4880485236644745
1999-04-18,0.48780307173728943
1999-04-19,0.4875624179840088
1999-04-20,0.4873264729976654
1999-04-21,0.48709508776664734
1999-04-22,0.4868682026863098
1999-04-23,0.4866456985473633
1999-04-24,0.48642754554748535
1999-04-25,0.4862135946750641
1999-04-26,0.4860037863254547
1999-04-27,0.48579803109169006
1999-04-28,0.485596239566803
1999-04-29,0.4853983521461487
1999-04-30,0.4852042496204376
1999-05-01,0.4850640892982483
1999-05-02,0.48491451144218445
1999-05-03,0.4846983551979065
1999-05-04,0.48451724648475647
1999-05-05,0.484340101480484
1999-05-06,0.48416632413864136
1999-05-07,0.48399588465690613
1999-05-08,0.48382869362831116
1999-05-09,0.48366472125053406
1999-05-10,0.4835038483142853
1999-05-11,0.48334604501724243
1999-05-12,0.48319128155708313
1999-05-13,0.4830394387245178
1999-05-14,0.48289287090301514
1999-05-15,0.48275238275527954
1999-05-16,0.48292431235313416
1999-05-17,0.4830135405063629
1999-05-18,0.48266804218292236
1999-05-19,0.4825233221054077
1999-05-20,0.48238417506217957
1999-05-21,0.4822476804256439
1999-05-22,0.4821137487888336
1999-05-23,0.48198235034942627
1999-05-24,0.4818534553050995
1999-05-25,0.4817526042461395
1999-05-26,0.481678307056427
1999-05-27,0.48834845423698425
1999-05-28,0.4932379126548767
1999-05-29,0.4886496365070343
1999-05-30,0.48833167552948
1999-05-31,0.4880812466144562
1999-06-01,0.48783552646636963
1999-06-02,0.48759448528289795
1999-06-03,0.487358033657074
1999-06-04,0.4871261715888977
1999-06-05,0.4868987500667572
1999-06-06,0.4866757392883301
1999-06-07,0.4864570200443268
1999-06-08,0.48765212297439575
1999-06-09,0.48848479986190796
1999-06-10,0.4873514771461487
1999-06-11,0.48710691928863525
1999-06-12,0.4868798553943634
1999-06-13,0.48665720224380493
1999-06-14,0.5026431083679199
1999-06-15,0.514443576335907
1999-06-16,0.5036614537239075
1999-06-17,0.5029578804969788
1999-06-18,0.5024135112762451
1999-06-19,0.5663816332817078
1999-06-20,0.6138048768043518
1999-06-21,0.595360517501831
1999-06-22,0.6091223359107971
1999-06-23,0.5934105515480042
1999-06-24,0.5904451012611389
1999-06-25,0.5877323150634766
1999-06-26,0.5850850939750671
1999-06-27,0.5825043320655823
1999-06-28,0.5799909830093384
1999-06-29,0.5775448083877563
1999-06-30,0.5751649141311646
1999-07-01,0.5728499889373779
1999-07-02,0.5705984234809875
1999-07-03,0.6031763553619385
1999-07-04,0.9508917927742004
1999-07-05,1.1664761304855347
1999-07-06,0.9900305867195129
1999-07-07,0.9659289121627808
1999-07-08,0.9454492330551147
1999-07-09,0.9261447787284851
1999-07-10,0.9079587459564209
1999-07-11,0.8908781409263611
1999-07-12,0.8748545050621033
1999-07-13,0.8597198128700256
1999-07-14,0.8453767895698547
1999-07-15,0.8318028450012207
1999-07-16,0.818949282169342
1999-07-17,0.8067670464515686
1999-07-18,0.8346269130706787
1999-07-19,0.8507316708564758
1999-07-20,0.8254489898681641
1999-07-21,0.827613353729248
1999-07-22,0.8203555941581726
1999-07-23,0.8034510016441345
1999-07-24,0.7920185923576355
1999-07-25,0.7812230587005615
1999-07-26,0.7709535956382751
1999-07-27,0.7611767053604126
1999-07-28,0.7518607378005981
1999-07-29,0.7429763078689575
1999-07-30,0.7344963550567627
1999-07-31,0.7263955473899841
1999-08-01,0.7186505198478699
1999-08-02,0.711239755153656
1999-08-03,0.7041432857513428
1999-08-04,0.6973426342010498
1999-08-05,0.6908206939697266
1999-08-06,0.6845616102218628
1999-08-07,0.6785507202148438
1999-08-08,0.6727744340896606
1999-08-09,0.6672200560569763
1999-08-10,0.6618759632110596
1999-08-11,0.6567310690879822
1999-08-12,0.6517752408981323
1999-08-13,0.646998941898346
1999-08-14,0.6423932909965515
1999-08-15,0.6379500031471252
1999-08-16,0.6336612701416016
1999-08-17,0.6295198202133179
1999-08-18,0.6255517601966858
1999-08-19,0.621708333492279
1999-08-20,0.6179899573326111
1999-08-21,0.6144003868103027
1999-08-22,0.6108756065368652
1999-08-23,0.6074846982955933
1999-08-24,0.6042013168334961
1999-08-25,0.6010206341743469
1999-08-26,0.5979383587837219
1999-08-27,0.5949505567550659
1999-08-28,0.5920532941818237
1999-08-29,0.5892430543899536
1999-08-30,0.5865163803100586
1999-08-31,0.583869993686676
1999-09-01,0.5813008546829224
1999-09-02,0.5788060426712036
1999-09-03,0.5763826966285706
1999-09-04,0.5740281939506531
1999-09-05,0.5717400908470154
1999-09-06,0.6278806328773499
1999-09-07,0.66834956407547
1999-09-08,0.6313931345939636
1999-09-09,0.6269025206565857
1999-09-10,0.7051119208335876
1999-09-11,0.7606595158576965
1999-09-12,0.7103325724601746
1999-09-13,0.916628897190094
1999-09-14,1.0621265172958374
1999-09-15,0.9443137645721436
1999-09-16,0.9239250421524048
1999-09-17,0.9061114192008972
1999-09-18,0.8892889618873596
1999-09-19,0.8733929991722107
1999-09-20,0.858363151550293
1999-09-21,0.8441448211669922
1999-09-22,0.8306863307952881
1999-09-23,0.8179373741149902
1999-09-24,0.8058475852012634
1999-09-25,0.7943708300590515
1999-09-26,0.7834664583206177
1999-09-27,0.7730963826179504
1999-09-28,0.7632254958152771
1999-09-29,0.7538221478462219
1999-09-30,0.7448567152023315
1999-10-01,0.7363003492355347
1999-10-02,0.7281266450881958
1999-10-03,0.7203121185302734
1999-10-04,0.7128350734710693
1999-10-05,0.7112923860549927
1999-10-06,0.7083768844604492
1999-10-07,0.698674201965332
1999-10-08,0.6920626759529114
1999-10-09,0.6865860819816589
1999-10-10,0.6811167597770691
1999-10-11,0.6748331189155579
1999-10-12,0.6691972613334656
1999-10-13,0.6637812852859497
1999-10-14,0.6585677266120911
1999-10-15,0.6535463333129883
1999-10-16,0.6487074494361877
1999-10-17,0.6440420150756836
1999-10-18,0.643950879573822
1999-10-19,0.6427567601203918
1999-10-20,0.6360023021697998
1999-10-21,0.6317486763000488
1999-10-22,0.6276741623878479
1999-10-23,0.6237366199493408
1999-10-24,0.6199300289154053
1999-10-25,0.6162484288215637
1999-10-26,0.6126864552497864
1999-10-27,0.6092388033866882
1999-10-28,0.6059006452560425
1999-10-29,0.6026673913002014
1999-10-30,0.5995346903800964
1999-10-31,0.5964983701705933
1999-11-01,0.5935545563697815
1999-11-02,0.5906995534896851
1999-11-03,0.5879298448562622
1999-11-04,0.5852420926094055
1999-11-05,0.5826331377029419
1999-11-06,0.5800999402999878
1999-11-07,0.5776396989822388
1999-11-08,0.5752496123313904
1999-11-09,0.5729271769523621
1999-11-10,0.5706698894500732
1999-11-11,0.5684754848480225
1999-11-12,0.5666261911392212
1999-11-13,0.5647575855255127
1999-11-14,0.5625636577606201
1999-11-15,0.5605881810188293
1999-11-16,0.5586680173873901
1999-11-17,0.5567989945411682
1999-11-18,0.5549792647361755
1999-11-19,0.553207278251648
1999-11-20,0.5514814257621765
1999-11-21,0.5498002171516418
1999-11-22,0.5481622815132141
1999-11-23,0.5465661287307739
1999-11-24,0.5450104475021362
1999-11-25,0.5436978340148926
1999-11-26,0.5423683524131775
1999-11-27,0.5407992005348206
1999-11-28,0.5393860340118408
1999-11-29,0.5380094051361084
1999-11-30,0.5366665720939636
1999-12-01,0.5353564620018005
1999-12-02,0.534078061580658
1999-12-03,0.532830536365509
1999-12-04,0.5316128730773926
1999-12-05,0.5304243564605713
1999-12-06,0.529263973236084
1999-12-07,0.5281310677528381
1999-12-08,0.5270247459411621
1999-12-09,0.5259443521499634
1999-12-10,0.5248891115188599
1999-12-11,0.523858368396759
1999-12-12,0.5228514075279236
1999-12-13,0.521867573261261
1999-12-14,0.5209062099456787
1999-12-15,0.5199668407440186
1999-12-16,0.5190487504005432
1999-12-17,0.5181514024734497
1999-12-18,0.5172742605209351
1999-12-19,0.5164167881011963
1999-12-20,0.5155784487724304
1999-12-21,0.514758825302124
1999-12-22,0.5139573216438293
1999-12-23,0.5131735801696777
1999-12-24,0.5124070644378662
1999-12-25,0.5116573572158813
1999-12-26,0.5109240412712097
1999-12-27,0.5102066993713379
1999-12-28,0.5107885599136353
1999-12-29,0.5110470056533813
1999-12-30,0.5095486044883728
1999-12-31,0.5088498592376709
2000-01-01,0.5081775188446045
2000-01-02,0.5075196623802185
2000-01-03,0.5068758726119995
2000-01-04,0.5062458515167236
2000-01-05,0.5056292414665222
2000-01-06,0.5050258040428162
2000-01-07,0.5044350624084473
2000-01-08,0.5038568377494812
2000-01-09,0.5032908320426941
2000-01-10,0.5027366876602173
2000-01-11,0.5021941661834717
2000-01-12,0.5016630291938782
2000-01-13,0.5011429190635681
2000-01-14,0.5006336569786072
2000-01-15,0.5007414221763611
2000-01-16,0.5007004737854004
2000-01-17,0.4998282194137573
2000-01-18,0.49934083223342896
2000-01-19,0.4988689124584198
2000-01-20,0.49840667843818665
2000-01-21,0.49795395135879517
2000-01-22,0.49751052260398865
2000-01-23,0.4970761239528656
2000-01-24,0.4966506361961365
2000-01-25,0.4962337613105774
2000-01-26,0.4958253800868988
2000-01-27,0.495425283908844
2000-01-28,0.4950690269470215
2000-01-29,0.49471136927604675
2000-01-30,0.49431169033050537
2000-01-31,0.4939418435096741
2000-02-01,0.4935797452926636
2000-02-02,0.4932249188423157
2000-02-03,0.49287718534469604
2000-02-04,0.49253642559051514
2000-02-05,0.4922024607658386
2000-02-06,0.49187514185905457
2000-02-07,0.4915543496608734
2000-02-08,0.49123990535736084
2000-02-09,0.4909317195415497
2000-02-10,0.4906296133995056
2000-02-11,0.4903334975242615
2000-02-12,0.4900432229042053
2000-02-13,0.48975870013237
2000-02-14,0.48947975039482117
2000-02-15,0.4892062842845917
2000-02-16,0.48893818259239197
2000-02-17,0.4886753559112549
2000-02-18,0.4884176552295685
2000-02-19,0.488165020942688
2000-02-20,0.48791730403900146
2000-02-21,0.48767441511154175
2000-02-22,0.4874362647533417
2000-02-23,0.4872027635574341
2000-02-24,0.4869737923145294
2000-02-25,0.48674923181533813
2000-02-26,0.48652908205986023
2000-02-27,0.4863131642341614
2000-02-28,0.4861014187335968
2000-02-29,0.48589378595352173
2000-03-01,0.4856901466846466
2000-03-02,0.48549044132232666
2000-03-03,0.4852945804595947
2000-03-04,0.48510250449180603
2000-03-05,0.484914094209671
2000-03-06,0.4847293198108673
2000-03-07,0.48454809188842773
2000-03-08,0.4843703508377075
2000-03-09,0.4841960072517395
2000-03-10,0.4840249717235565
2000-03-11,0.48385724425315857
2000-03-12,0.4836927056312561
2000-03-13,0.48353132605552673
2000-03-14,0.4833729863166809
2000-03-15,0.48321768641471863
2000-03-16,0.4830653667449951
2000-03-17,0.4829159080982208
2000-03-18,0.48276931047439575
2000-03-19,0.48262548446655273
2000-03-20,0.4824844002723694
2000-03-21,0.4823459982872009
2000-03-22,0.4822102189064026
2000-03-23,0.4820770025253296
2000-03-24,0.48194631934165955
2000-03-25,0.4818181097507477
2000-03-26,0.4816923141479492
2000-03-27,0.4815689027309418
2000-03-28,0.48144781589508057
2000-03-29,0.4813289940357208
2000-03-30,0.48121243715286255
2000-03-31,0.48109808564186096
2000-04-01,0.4809858798980713
2000-04-02,0.48087579011917114
2000-04-03,0.48076775670051575
2000-04-04,0.4806617498397827
2000-04-05,0.48055773973464966
2000-04-06,0.4804556965827942
2000-04-07,0.48035556077957153
2000-04-08,0.4802573025226593
2000-04-09,0.4801608920097351
2000-04-10,0.48006629943847656
2000-04-11,0.4799734652042389
2000-04-12,0.4798823595046997
2000-04-13,0.479792982339859
2000-04-14,0.479705274105072
2000-04-15,0.47961917519569397
2000-04-16,0.47953471541404724
2000-04-17,0.47945183515548706
2000-04-18,0.47937047481536865
2000-04-19,0.4792906641960144
2000-04-20,0.47921234369277954
2000-04-21,0.4791354537010193
2000-04-22,0.47906002402305603
2000-04-23,0.478985995054245
2000-04-24,0.4789133369922638
2000-04-25,0.47884202003479004
2000-04-26,0.47877204418182373
2000-04-27,0.4787033796310425
2000-04-28,0.4786359667778015
2000-04-29,0.4785698354244232
2000-04-30,0.4785049259662628
2000-05-01,0.4784412086009979
2000-05-02,0.47837868332862854
2000-05-03,0.4783307611942291
2000-05-04,0.4782804846763611
2000-05-05,0.47821247577667236
2000-05-06,0.4781540632247925
2000-05-07,0.4780968725681305
2000-05-08,0.47804075479507446
2000-05-09,0.4779856503009796
2000-05-10,0.47793158888816833
2000-05-11,0.47787851095199585
2000-05-12,0.47782641649246216
2000-05-13,0.47922611236572266
2000-05-14,0.4802512526512146
2000-05-15,0.47924017906188965
2000-05-16,0.47914958000183105
2000-05-17,0.4790739417076111
2000-05-18,0.47899967432022095
2000-05-19,0.47892677783966064
2000-05-20,0.4789707064628601
2000-05-21,0.47898605465888977
2000-05-22,0.4788406491279602
2000-05-23,0.4787696599960327
2000-05-24,0.47870105504989624
2000-05-25,0.47863370180130005
2000-05-26,0.47856760025024414
2000-05-27,0.4788077175617218
2000-05-28,0.4789700210094452
2000-05-29,0.47870537638664246
2000-05-30,0.47863516211509705
2000-05-31,0.47856903076171875
2000-06-01,0.47850415110588074
2000-06-02,0.47844046354293823
2000-06-03,0.47837793827056885
2000-06-04,0.47831660509109497
2000-06-05,0.47825637459754944
2000-06-06,0.478197306394577
2000-06-07,0.47813931107521057
2000-06-08,0.4780823886394501
2000-06-09,0.4783613681793213
2000-06-10,0.47963619232177734
2000-06-11,0.4801618456840515
2000-06-12,0.4793826639652252
2000-06-13,0.4792928099632263
2000-06-14,0.47921451926231384
2000-06-15,0.4803089201450348
2000-06-16,0.4811014235019684
2000-06-17,0.4808725416660309
2000-06-18,0.4852346181869507
2000-06-19,0.4877014756202698
2000-06-20,0.4849453270435333
2000-06-21,0.48472416400909424
2000-06-22,0.48454350233078003
2000-06-23,0.4843662977218628
2000-06-24,0.484192430973053
2000-06-25,0.48402169346809387
2000-06-26,0.48385414481163025
2000-06-27,0.4836897850036621
2000-06-28,0.4835284948348999
2000-06-29,0.48337027430534363
2000-06-30,0.4832150638103485
2000-07-01,0.4830628037452698
2000-07-02,0.48291340470314026
2000-07-03,0.48276686668395996
2000-07-04,0.4826231002807617
2000-07-05,0.48248207569122314
2000-07-06,0.4823437035083771
2000-07-07,0.4822079837322235
2000-07-08,0.4820747971534729
2000-07-09,0.48194417357444763
2000-07-10,0.48181599378585815
2000-07-11,0.4816902279853821
2000-07-12,0.481566846370697
2000-07-13,0.4814458191394806
2000-07-14,0.4813270568847656
2000-07-15,0.48121052980422974
2000-07-16,0.48109620809555054
2000-07-17,0.48098403215408325
2000-07-18,0.4808739721775055
2000-07-19,0.4807659685611725
2000-07-20,0.48066002130508423
2000-07-21,0.48055604100227356
2000-07-22,0.4804540276527405
2000-07-23,0.4803539216518402
2000-07-24,0.48025569319725037
2000-07-25,0.48015931248664856
2000-07-26,0.4800647497177124
2000-07-27,0.4799719452857971
2000-07-28,0.4798808693885803
2000-07-29,0.479791522026062
2000-07-30,0.479703813791275
2000-07-31,0.47961777448654175
2000-08-01,0.479533314704895
2000-08-02,0.4794504642486572
2000-08-03,0.4793691337108612
2000-08-04,0.4810989797115326
2000-08-05,0.4823615849018097
2000-08-06,0.48108699917793274
2000-08-07,0.48095858097076416
2000-08-08,0.4808490574359894
2000-08-09,0.4809855818748474
2000-08-10,0.4813089072704315
2000-08-11,0.4814259707927704
2000-08-12,0.4813000559806824
2000-08-13,0.4812098741531372
2000-08-14,0.48120972514152527
2000-08-15,0.5261209607124329
2000-08-16,0.5596281290054321
2000-08-17,0.5303605794906616
2000-08-18,0.5288236141204834
2000-08-19,0.5277178883552551
2000-08-20,0.5266332626342773
2000-08-21,0.5255703330039978
2000-08-22,0.5245299339294434
2000-08-23,0.5235120058059692
2000-08-24,0.5225161910057068
2000-08-25,0.5215423107147217
2000-08-26,0.5205900073051453
2000-08-27,0.5196589827537537
2000-08-28,0.5187487006187439
2000-08-29,0.5178586840629578
2000-08-30,0.5169885754585266
2000-08-31,0.5161377787590027
2000-09-01,0.5153058767318726
2000-09-02,0.514492392539978
2000-09-03,0.5136969089508057
2000-09-04,0.5129189491271973
2000-09-05,0.5121580958366394
2000-09-06,0.5114138722419739
2000-09-07,0.5106858611106873
2000-09-08,0.5099737644195557
2000-09-09,0.5092770457267761
2000-09-10,0.5085954070091248
2000-09-11,0.5079284906387329
2000-09-12,0.5072758793830872
2000-09-13,0.5066372156143188
2000-09-14,0.5118715763092041
2000-09-15,0.6325514912605286
2000-09-16,0.7153734564781189
2000-09-17,0.6433707475662231
2000-09-18,0.6380863189697266
2000-09-19,0.6339185833930969
2000-09-20,0.629863440990448
2000-09-21,0.6259226202964783
2000-09-22,0.6220948696136475
2000-09-23,0.6183793544769287
2000-09-24,0.6147754788398743
2000-09-25,0.6112819314002991
2000-09-26,0.6078963279724121
2000-09-27,0.6046145558357239
2000-09-28,0.6014325618743896
2000-09-29,0.5983467102050781
2000-09-30,0.5953535437583923
2000-10-01,0.5924495458602905
2000-10-02,0.5896314978599548
2000-10-03,0.5868963599205017
2000-10-04,0.5842410922050476
2000-10-05,0.821989119052887
2000-10-06,3.343069553375244
2000-10-07,5.626751899719238
2000-10-08,4.644876956939697
2000-10-09,3.732693910598755
2000-10-10,3.201263904571533
2000-10-11,2.8207664489746094
2000-10-12,2.5318515300750732
2000-10-13,2.3039557933807373
2000-10-14,2.118989944458008
2000-10-15,1.9655917882919312
2000-10-16,1.8361918926239014
2000-10-17,1.725478172302246
2000-10-18,1.6296833753585815
2000-10-19,1.545997977256775
2000-10-20,1.4722706079483032
2000-10-21,1.4068245887756348
2000-10-22,1.3483220338821411
2000-10-23,1.295699119567871
2000-10-24,1.2481435537338257
2000-10-25,1.2049850225448608
2000-10-26,1.1656521558761597
2000-10-27,1.129671573638916
2000-10-28,1.0966418981552124
2000-10-29,1.0662240982055664
2000-10-30,1.0381345748901367
2000-10-31,1.0121283531188965
2000-11-01,0.9879868030548096
2000-11-02,0.9655215740203857
2000-11-03,0.9445694088935852
2000-11-04,0.9249897003173828
2000-11-05,0.9066572785377502
2000-11-06,0.8894599080085754
2000-11-07,0.8732987642288208
2000-11-08,0.8580886721611023
2000-11-09,0.8437545895576477
2000-11-10,0.8302239179611206
2000-11-11,0.81742924451828
2000-11-12,0.8053134679794312
2000-11-13,0.7938273549079895
2000-11-14,0.7829264402389526
2000-11-15,0.7725681066513062
2000-11-16,0.7627129554748535
2000-11-17,0.7533271908760071
2000-11-18,0.7443801760673523
2000-11-19,0.7358434200286865
2000-11-20,0.7276903390884399
2000-11-21,0.7198963165283203
2000-11-22,0.7124391794204712
2000-11-23,0.7052983045578003
2000-11-24,0.6984551548957825
2000-11-25,0.6918927431106567
2000-11-26,0.6855950951576233
2000-11-27,0.6968785524368286
2000-11-28,0.7337108850479126
2000-11-29,0.7398216724395752
2000-11-30,0.7167277932167053
2000-12-01,0.7092363238334656
2000-12-02,0.7022756934165955
2000-12-03,0.6955999732017517
2000-12-04,0.689193844795227
2000-12-05,0.6830409169197083
2000-12-06,0.6771260499954224
2000-12-07,0.6714367270469666
2000-12-08,0.6659615635871887
2000-12-09,0.6606887578964233
2000-12-10,0.6556084752082825
2000-12-11,0.6507110595703125
2000-12-12,0.6459882259368896
2000-12-13,0.6414322853088379
2000-12-14,0.6370351314544678
2000-12-15,0.6327887773513794
2000-12-16,0.6286860704421997
2000-12-17,0.6247210502624512
2000-12-18,0.6208875775337219
2000-12-19,0.6171798706054688
2000-12-20,0.6135925054550171
2000-12-21,0.6101202368736267
2000-12-22,0.6067581176757812
2000-12-23,0.603501558303833
2000-12-24,0.6003459692001343
2000-12-25,0.5972874164581299
2000-12-26,0.596765398979187
2000-12-27,0.604149341583252
2000-12-28,0.6127581000328064
2000-12-29,0.6097249388694763
2000-12-30,0.6026737689971924
2000-12-31,0.5995043516159058
2001-01-01,0.596484363079071
2001-01-02,0.5935553312301636
2001-01-03,0.5907140970230103
2001-01-04,0.5879564881324768
2001-01-05,0.5852786302566528
2001-01-06,0.5826776027679443
2001-01-07,0.5801507234573364
2001-01-08,0.5776954293251038
2001-01-09,0.575309693813324
2001-01-10,0.572990894317627
2001-01-11,0.570736289024353
2001-01-12,0.5685437917709351
2001-01-13,0.5664111971855164
2001-01-14,0.5643365383148193
2001-01-15,0.5623179078102112
2001-01-16,0.5603533387184143
2001-01-17,0.5584411025047302
2001-01-18,0.5570132732391357
2001-01-19,0.5555170774459839
2001-01-20,0.5534839630126953
2001-01-21,0.5517488121986389
2001-01-22,0.5500620603561401
2001-01-23,0.5484185218811035
2001-01-24,0.546816885471344
2001-01-25,0.5452557802200317
2001-01-26,0.5437338948249817
2001-01-27,0.5422500967979431
2001-01-28,0.5408031940460205
2001-01-29,0.5393921136856079
2001-01-30,0.5380157232284546
2001-01-31,0.5371890664100647
2001-02-01,0.5364894866943359
2001-02-02,0.5355356931686401
2001-02-03,0.5350563526153564
2001-02-04,0.533942461013794
2001-02-05,0.532352089881897
2001-02-06,0.5311415195465088
2001-02-07,0.5299646854400635
2001-02-08,0.5295464992523193
2001-02-09,0.5289605259895325
2001-02-10,0.5274022817611694
2001-02-11,0.5263072848320007
2001-02-12,0.5252439975738525
2001-02-13,0.5242054462432861
2001-02-14,0.5231908559799194
2001-02-15,0.5221995115280151
2001-02-16,0.5212308168411255
2001-02-17,0.5202841758728027
2001-02-18,0.5193590521812439
2001-02-19,0.5184548497200012
2001-02-20,0.517570972442627
2001-02-21,0.5167069435119629
2001-02-22,0.515862226486206
2001-02-23,0.5150363445281982
2001-02-24,0.5151045918464661
2001-02-25,0.5149590373039246
2001-02-26,0.5136249661445618
2001-02-27,0.5128408670425415
2001-02-28,0.5120817422866821
2001-03-01,0.5124260783195496
2001-03-02,0.5137925744056702
2001-03-03,0.5143814086914062
2001-03-04,0.5135908722877502
2001-03-05,0.5121723413467407
2001-03-06,0.5116575360298157
2001-03-07,0.5111054182052612
2001-03-08,0.5102405548095703
2001-03-09,0.5095364451408386
2001-03-10,0.5088495016098022
2001-03-11,0.5081773996353149
2001-03-12,0.5075196027755737
2001-03-13,0.5068759322166443
2001-03-14,0.5062459707260132
2001-03-15,0.5056294202804565
2001-03-16,0.5050259232521057
2001-03-17,0.5056379437446594
2001-03-18,0.5059462785720825
2001-03-19,0.504602313041687
2001-03-20,0.5040100812911987
2001-03-21,0.5034409165382385
2001-03-22,0.5028837323188782
2001-03-23,0.5023382306098938
2001-03-24,0.5018040537834167
2001-03-25,0.5012810826301575
2001-03-26,0.5007689595222473
2001-03-27,0.500267505645752
2001-03-28,0.4997764229774475
2001-03-29,0.4992954730987549
2001-03-30,0.49882447719573975
2001-03-31,0.4983631372451782
2001-04-01,0.497911274433136
2001-04-02,0.4974686801433563
2001-04-03,0.4970351457595825
2001-04-04,0.49661046266555786
2001-04-05,0.49619439244270325
2001-04-06,0.4957868158817291
2001-04-07,0.4953874945640564
2001-04-08,0.49499624967575073
2001-04-09,0.4946129024028778
2001-04-10,0.4942373037338257
2001-04-11,0.49386927485466003
2001-04-12,0.49350860714912415
2001-04-13,0.49315521121025085
2001-04-14,0.49280887842178345
2001-04-15,0.49246945977211
2001-04-16,0.49213680624961853
2001-04-17,0.49181079864501953
2001-04-18,0.49149128794670105
2001-04-19,0.49117809534072876
2001-04-20,0.4908711314201355
2001-04-21,0.49057021737098694
2001-04-22,0.4902752935886383
2001-04-23,0.4899861514568329
2001-04-24,0.4897027313709259
2001-04-25,0.4896058738231659
2001-04-26,0.490499883890152
2001-04-27,0.49087759852409363
2001-04-28,0.48993298411369324
2001-04-29,0.4914354085922241
2001-04-30,0.4956459403038025
2001-05-01,0.4965364933013916
2001-05-02,0.4941507875919342
2001-05-03,0.493757039308548
2001-05-04,0.49571743607521057
2001-05-05,0.497080534696579
2001-05-06,0.4952245056629181
2001-05-07,0.4948166012763977
2001-05-08,0.5097255706787109
2001-05-09,0.5206712484359741
2001-05-10,0.5167264342308044
2001-05-11,0.520552933216095
2001-05-12,0.5196535587310791
2001-05-13,0.5216080546379089
2001-05-14,0.5183699727058411
2001-05-15,0.517463207244873
2001-05-16,0.5166076421737671
2001-05-17,0.5157692432403564
2001-05-18,0.5149481892585754
2001-05-19,0.5141444802284241
2001-05-20,0.5133578777313232
2001-05-21,0.5125881433486938
2001-05-22,0.5118350982666016
2001-05-23,0.5245548486709595
2001-05-24,0.533755898475647
2001-05-25,0.5244536995887756
2001-05-26,0.523318886756897
2001-05-27,0.5223269462585449
2001-05-28,0.5213569402694702
2001-05-29,0.5204085111618042
2001-05-30,0.5194813013076782
2001-05-31,0.5185747742652893
2001-06-01,0.5176886916160583
2001-06-02,0.5168225169181824
2001-06-03,0.5159754157066345
2001-06-04,0.5151470899581909
2001-06-05,0.5143371224403381
2001-06-06,0.513545036315918
2001-06-07,0.5147746801376343
2001-06-08,0.5194149017333984
2001-06-09,0.5202745795249939
2001-06-10,0.5169727206230164
2001-06-11,0.5160882472991943
2001-06-12,0.515257716178894
2001-06-13,0.515137255191803
2001-06-14,0.5156241655349731
2001-06-15,0.5270771980285645
2001-06-16,0.5405693054199219
2001-06-17,0.5363702774047852
2001-06-18,0.5315133333206177
2001-06-19,0.5302826762199402
2001-06-20,0.5291299223899841
2001-06-21,0.5280030965805054
2001-06-22,0.5269017815589905
2001-06-23,0.5258262753486633
2001-06-24,0.5247756242752075
2001-06-25,0.5237488150596619
2001-06-26,0.5227456092834473
2001-06-27,0.521764874458313
2001-06-28,0.5208063721656799
2001-06-29,0.5198695063591003
2001-06-30,0.5189538598060608
2001-07-01,0.5180587768554688
2001-07-02,0.5189783573150635
2001-07-03,0.5228677988052368
2001-07-04,0.5234028100967407
2001-07-05,0.5241786241531372
2001-07-06,0.526044487953186
2001-07-07,0.5226967334747314
2001-07-08,0.5216842293739319
2001-07-09,0.5207279324531555
2001-07-10,0.5197932124137878
2001-07-11,0.5188794136047363
2001-07-12,0.5179861783981323
2001-07-13,0.5171129703521729
2001-07-14,0.5162592530250549
2001-07-15,0.5154244899749756
2001-07-16,0.5146083235740662
2001-07-17,0.5138102173805237
2001-07-18,0.5130296945571899
2001-07-19,0.5122663378715515
2001-07-20,0.511519730091095
2001-07-21,0.5107894539833069
2001-07-22,0.510075032711029
2001-07-23,0.5093761086463928
2001-07-24,0.5086923241615295
2001-07-25,0.514291524887085
2001-07-26,0.5182563662528992
2001-07-27,0.513584315776825
2001-07-28,0.5127543807029724
2001-07-29,0.5119977593421936
2001-07-30,0.5112576484680176
2001-07-31,0.5105334520339966
2001-08-01,0.5098248720169067
2001-08-02,0.5102692246437073
2001-08-03,0.5104286670684814
2001-08-04,0.5106884837150574
2001-08-05,0.5112221837043762
2001-08-06,0.5094943642616272
2001-08-07,0.5087937116622925
2001-08-08,0.5081227421760559
2001-08-09,0.5074661374092102
2001-08-10,0.5068235397338867
2001-08-11,0.5061946511268616
2001-08-12,0.5055791139602661
2001-08-13,0.5049766898155212
2001-08-14,0.5043870210647583
2001-08-15,0.5038098096847534
2001-08-16,0.5032447576522827
2001-08-17,0.5026915669441223
2001-08-18,0.5021499991416931
2001-08-19,0.5016196966171265
2001-08-20,0.5011005401611328
2001-08-21,0.5005921125411987
2001-08-22,0.5000942945480347
2001-08-23,0.49960675835609436
2001-08-24,0.4991293251514435
2001-08-25,0.49866169691085815
2001-08-26,0.49820372462272644
2001-08-27,0.49775514006614685
2001-08-28,0.49731573462486267
2001-08-29,0.4968852996826172
2001-08-30,0.5865313410758972
2001-08-31,0.6533201336860657
2001-09-01,0.6777855753898621
2001-09-02,0.7332499027252197
2001-09-03,0.6836544275283813
2001-09-04,0.6773537397384644
2001-09-05,0.6718604564666748
2001-09-06,0.6665478944778442
2001-09-07,0.7473421692848206
2001-09-08,0.8038874864578247
2001-09-09,0.7514610886573792
2001-09-10,1.6905089616775513
2001-09-11,2.345970392227173
2001-09-12,7.552732467651367
2001-09-13,8.811017036437988
2001-09-14,5.752330780029297
2001-09-15,4.454877853393555
2001-09-16,3.675549268722534
2001-09-17,3.149077892303467
2001-09-18,2.7679834365844727
2001-09-19,2.478581428527832
2001-09-20,4.0434088706970215
2001-09-21,6.270576477050781
2001-09-22,6.188730239868164
2001-09-23,5.63760232925415
2001-09-24,4.7333149909973145
2001-09-25,3.8310916423797607
2001-09-26,3.2743051052093506
2001-09-27,2.8753597736358643
2001-09-28,2.573542356491089
2001-09-29,2.336571455001831
2001-09-30,2.1451492309570312
2001-10-01,1.9870436191558838
2001-10-02,1.854098916053772
2001-10-03,1.740527868270874
2001-10-04,1.642332673072815
2001-10-05,1.556531548500061
2001-10-06,1.5592436790466309
2001-10-07,1.5367945432662964
2001-10-08,1.4437150955200195
2001-10-09,1.380538821220398
2001-10-10,1.3242424726486206
2001-10-11,1.4882491827011108
2001-10-12,1.5704371929168701
2001-10-13,1.4337209463119507
2001-10-14,1.3703290224075317
2001-10-15,1.3146463632583618
2001-10-16,1.2690800428390503
2001-10-17,1.2267589569091797
2001-10-18,1.1839786767959595
2001-10-19,1.1462488174438477
2001-10-20,1.1117169857025146
2001-10-21,1.079988718032837
2001-10-22,1.050742506980896
2001-10-23,1.0237056016921997
2001-10-24,0.998645544052124
2001-10-25,0.9753633141517639
2001-10-26,0.9655964970588684
2001-10-27,0.9923701286315918
2001-10-28,0.993423342704773
2001-10-29,0.9556359648704529
2001-10-30,0.9351583123207092
2001-10-31,0.9162311553955078
2001-11-01,0.8984848260879517
2001-11-02,0.881816029548645
2001-11-03,0.8661341071128845
2001-11-04,0.8513586521148682
2001-11-05,0.8374170660972595
2001-11-06,0.8242433071136475
2001-11-07,0.8117769956588745
2001-11-08,0.7999644875526428
2001-11-09,0.7887582182884216
2001-11-10,0.7781146168708801
2001-11-11,0.7679939270019531
2001-11-12,0.758359968662262
2001-11-13,0.7491798996925354
2001-11-14,0.7957816123962402
2001-11-15,0.8260523676872253
2001-11-16,0.7883865237236023
2001-11-17,0.9545186161994934
2001-11-18,1.0674142837524414
2001-11-19,0.967797577381134
2001-11-20,0.946000874042511
2001-11-21,0.9267306923866272
2001-11-22,0.9086441397666931
2001-11-23,0.8916218280792236
2001-11-24,0.8755815029144287
2001-11-25,0.8604530096054077
2001-11-26,0.846161961555481
2001-11-27,0.832642138004303
2001-11-28,0.8198428750038147
2001-11-29,0.8077216148376465
2001-11-30,0.7962245941162109
2001-12-01,0.7852977514266968
2001-12-02,0.7749024033546448
2001-12-03,0.7650032639503479
2001-12-04,0.7555668354034424
2001-12-05,0.7465635538101196
2001-12-06,0.7379666566848755
2001-12-07,0.7297511100769043
2001-12-08,0.7218945026397705
2001-12-09,0.7159501910209656
2001-12-10,0.7098574638366699
2001-12-11,0.7020946741104126
2001-12-12,0.6953985691070557
2001-12-13,0.6889805793762207
2001-12-14,0.6828169226646423
2001-12-15,0.6768956184387207
2001-12-16,0.6761981248855591
2001-12-17,0.6742637753486633
2001-12-18,0.6661571264266968
2001-12-19,0.6608346700668335
2001-12-20,0.6557453870773315
2001-12-21,0.6508404612541199
2001-12-22,0.6461105942726135
2001-12-23,0.6415472030639648
2001-12-24,0.6371429562568665
2001-12-25,0.6328907608985901
2001-12-26,0.6287834048271179
2001-12-27,0.6248140931129456
2001-12-28,0.620976448059082
2001-12-29,0.6172646880149841
2001-12-30,0.6136733293533325
2001-12-31,0.6101973652839661
2002-01-01,0.6097570061683655
2002-01-02,0.6086047291755676
2002-01-03,0.6037091016769409
2002-01-04,0.6005254983901978
2002-01-05,0.5974629521369934
2002-01-06,0.5944935083389282
2002-01-07,0.5916135311126709
2002-01-08,0.5888194441795349
2002-01-09,0.5861079692840576
2002-01-10,0.5834757685661316
2002-01-11,0.5809201598167419
2002-01-12,0.5784384608268738
2002-01-13,0.5760275721549988
2002-01-14,0.5736847519874573
2002-01-15,0.5714076161384583
2002-01-16,0.5691938400268555
2002-01-17,0.5670410990715027
2002-01-18,0.5649473071098328
2002-01-19,0.5629104375839233
2002-01-20,0.5609285831451416
2002-01-21,0.55899977684021
2002-01-22,0.5571222901344299
2002-01-23,0.5552943348884583
2002-01-24,0.5535143613815308
2002-01-25,0.5517807602882385
2002-01-26,0.5500920414924622
2002-01-27,0.5484467148780823
2002-01-28,0.5468434691429138
2002-01-29,0.5452808737754822
2002-01-30,0.5437577366828918
2002-01-31,0.5422728061676025
2002-02-01,0.5408248901367188
2002-02-02,0.5394128561019897
2002-02-03,0.5380356311798096
2002-02-04,0.5366921424865723
2002-02-05,0.5353814363479614
2002-02-06,0.5341024994850159
2002-02-07,0.5328543782234192
2002-02-08,0.5316361784934998
2002-02-09,0.5304470658302307
2002-02-10,0.5292862057685852
2002-02-11,0.5290793776512146
2002-02-12,0.528652012348175
2002-02-13,0.5269838571548462
2002-02-14,0.5258964896202087
2002-02-15,0.5248424410820007
2002-02-16,0.5238128304481506
2002-02-17,0.5228070020675659
2002-02-18,0.5218242406845093
2002-02-19,0.520863950252533
2002-02-20,0.5199255347251892
2002-02-21,0.5190083980560303
2002-02-22,0.5181120038032532
2002-02-23,0.5172357559204102
2002-02-24,0.516379177570343
2002-02-25,0.5155417323112488
2002-02-26,0.5147228837013245
2002-02-27,0.5139222145080566
2002-02-28,0.5131391882896423
2002-03-01,0.5123734474182129
2002-03-02,0.5116244554519653
2002-03-03,0.510891854763031
2002-03-04,0.5101752281188965
2002-03-05,0.5094741582870483
2002-03-06,0.5087882876396179
2002-03-07,0.5081171989440918
2002-03-08,0.5074605345726013
2002-03-09,0.5068179368972778
2002-03-10,0.5064747929573059
2002-03-11,0.5060697793960571
2002-03-12,0.5052827596664429
2002-03-13,0.5046840906143188
2002-03-14,0.5041005611419678
2002-03-15,0.5035293698310852
2002-03-16,0.5029702186584473
2002-03-17,0.5024227499961853
2002-03-18,0.501886785030365
2002-03-19,0.5013620257377625
2002-03-20,0.5008482336997986
2002-03-21,0.5003450512886047
2002-03-22,0.49985232949256897
2002-03-23,0.4993698298931122
2002-03-24,0.4988972544670105
2002-03-25,0.4984344244003296
2002-03-26,0.49798110127449036
2002-03-27,0.4975370764732361
2002-03-28,0.49710211157798767
2002-03-29,0.4966760575771332
2002-03-30,0.4962586760520935
2002-03-31,0.49584975838661194
2002-04-01,0.49544915556907654
2002-04-02,0.495056688785553
2002-04-03,0.49467211961746216
2002-04-04,0.4942953288555145
2002-04-05,0.49392834305763245
2002-04-06,0.4941313862800598
2002-04-07,0.49629199504852295
2002-04-08,0.4971283972263336
2002-04-09,0.4953992962837219
2002-04-10,0.49498915672302246
2002-04-11,0.4946061074733734
2002-04-12,0.4942307472229004
2002-04-13,0.49386289715766907
2002-04-14,0.4935024380683899
2002-04-15,0.49314919114112854
2002-04-16,0.4929021894931793
2002-04-17,0.49263617396354675
2002-04-18,0.4922387897968292
2002-04-19,0.4919098913669586
2002-04-20,0.49158838391304016
2002-04-21,0.49127328395843506
2002-04-22,0.49096444249153137
2002-04-23,0.49066171050071716
2002-04-24,0.4903649687767029
2002-04-25,0.4900740683078766
2002-04-26,0.4897889196872711
2002-04-27,0.48950937390327454
2002-04-28,0.4892353415489197
2002-04-29,0.4889666736125946
2002-04-30,0.48870328068733215
2002-05-01,0.4884450435638428
2002-05-02,0.4881918728351593
2002-05-03,0.4879436194896698
2002-05-04,0.4877002239227295
2002-05-05,0.48746156692504883
2002-05-06,0.48722755908966064
2002-05-07,0.4869981110095978
2002-05-08,0.4867731034755707
2002-05-09,0.4865524470806122
2002-05-10,0.4863360822200775
2002-05-11,0.4861239194869995
2002-05-12,0.4859158396720886
2002-05-13,0.4857117831707001
2002-05-14,0.4855116605758667
2002-05-15,0.48537805676460266
2002-05-16,0.4852319359779358
2002-05-17,0.4850018620491028
2002-05-18,0.48650678992271423
2002-05-19,0.4875762164592743
2002-05-20,0.48628273606300354
2002-05-21,0.4860563278198242
2002-05-22,0.48584961891174316
2002-05-23,0.4856468737125397
2002-05-24,0.4858893156051636
2002-05-25,0.4860208332538605
2002-05-26,0.4856768846511841
2002-05-27,0.48557817935943604
2002-05-28,0.48529449105262756
2002-05-29,0.48521319031715393
2002-05-30,0.48510774970054626
2002-05-31,0.484849214553833
2002-06-01,0.4921413064002991
2002-06-02,0.4975002706050873
2002-06-03,0.4924154579639435
2002-06-04,0.4920172095298767
2002-06-05,0.49169421195983887
2002-06-06,0.4988414943218231
2002-06-07,0.5040539503097534
2002-06-08,0.498881459236145
2002-06-09,0.49835360050201416
2002-06-10,0.49790307879447937
2002-06-11,0.4983161985874176
2002-06-12,0.49851474165916443
2002-06-13,0.49753469228744507
2002-06-14,0.497092604637146
2002-06-15,0.4966670572757721
2002-06-16,0.49625006318092346
2002-06-17,0.49584147334098816
2002-06-18,0.49544113874435425
2002-06-19,0.4950488805770874
2002-06-20,0.4946645200252533
2002-06-21,0.4942879378795624
2002-06-22,0.49391892552375793
2002-06-23,0.49355730414390564
2002-06-24,0.49320292472839355
2002-06-25,0.49285563826560974
2002-06-26,0.49251529574394226
2002-06-27,0.4929044544696808
2002-06-28,0.4931115210056305
2002-06-29,0.49399805068969727
2002-06-30,0.4982243776321411
2002-07-01,0.4998319447040558
2002-07-02,0.49796316027641296
2002-07-03,0.4973205029964447
2002-07-04,0.49673816561698914
2002-07-05,0.4963180422782898
2002-07-06,0.4959084093570709
2002-07-07,0.5218213200569153
2002-07-08,0.5409272313117981
2002-07-09,0.5236029028892517
2002-07-10,0.5223792195320129
2002-07-11,0.5214136838912964
2002-07-12,0.5204679369926453
2002-07-13,0.5195420980453491
2002-07-14,0.5186361074447632
2002-07-15,0.5204542875289917
2002-07-16,0.5215776562690735
2002-07-17,0.5190058350563049
2002-07-18,0.5180884599685669
2002-07-19,0.5172142386436462
2002-07-20,0.5163590908050537
2002-07-21,0.5155227780342102
2002-07-22,0.5147050023078918
2002-07-23,0.5139052867889404
2002-07-24,0.5131229758262634
2002-07-25,0.512357771396637
2002-07-26,0.5116093158721924
2002-07-27,0.5108771324157715
2002-07-28,0.5101608633995056
2002-07-29,0.5094601511955261
2002-07-30,0.5087745785713196
2002-07-31,0.5081037878990173
2002-08-01,0.5074474215507507
2002-08-02,0.5068051218986511
2002-08-03,0.5061765909194946
2002-08-04,0.5060256123542786
2002-08-05,0.5066311955451965
2002-08-06,0.5063796043395996
2002-08-07,0.5052283406257629
2002-08-08,0.504625678062439
2002-08-09,0.504043459892273
2002-08-10,0.5034734606742859
2002-08-11,0.5029155015945435
2002-08-12,0.5037026405334473
2002-08-13,0.5041509866714478
2002-08-14,0.5027632117271423
2002-08-15,0.5022083520889282
2002-08-16,0.5016769766807556
2002-08-17,0.5011566281318665
2002-08-18,0.5006470680236816
2002-08-19,0.5001481175422668
2002-08-20,0.4996595084667206
2002-08-21,0.49918097257614136
2002-08-22,0.49871233105659485
2002-08-23,0.4982532858848572
2002-08-24,0.4978036880493164
2002-08-25,0.49736329913139343
2002-08-26,0.49693191051483154
2002-08-27,0.496509313583374
2002-08-28,0.49609529972076416
2002-08-29,0.49568971991539
2002-08-30,0.4952923655509949
2002-08-31,0.4949030578136444
2002-09-01,0.4945215880870819
2002-09-02,0.494200736284256
2002-09-03,0.4939747750759125
2002-09-04,0.5015135407447815
2002-09-05,0.5086925029754639
2002-09-06,0.5045487284660339
2002-09-07,0.5028071999549866
2002-09-08,0.5022489428520203
2002-09-09,0.5179791450500488
2002-09-10,0.877380907535553
2002-09-11,2.7243812084198
2002-09-12,3.523491382598877
2002-09-13,2.76361083984375
2002-09-14,2.470231771469116
2002-09-15,6.130570411682129
2002-09-16,7.774385929107666
2002-09-17,5.680224418640137
2002-09-18,4.389843940734863
2002-09-19,4.0834455490112305
2002-09-20,11.529825210571289
2002-09-21,10.892500877380371
2002-09-22,6.675069332122803
2002-09-23,4.995616436004639
2002-09-24,4.0463337898254395
2002-09-25,3.4284164905548096
2002-09-26,2.99137544631958
2002-09-27,2.664273738861084
2002-09-28,2.409299850463867
2002-09-29,2.2044577598571777
2002-09-30,2.035977602005005
2002-10-01,1.894716501235962
2002-10-02,1.774471402168274
2002-10-03,1.6708691120147705
2002-10-04,1.5807191133499146
2002-10-05,1.5016337633132935
2002-10-06,1.431749939918518
2002-10-07,1.3695722818374634
2002-10-08,1.313922643661499
2002-10-09,1.2638553380966187
2002-10-10,1.6665159463882446
2002-10-11,1.8943700790405273
2002-10-12,1.6581398248672485
2002-10-13,2.483388662338257
2002-10-14,2.8796842098236084
2002-10-15,2.4080934524536133
2002-10-16,2.190678834915161
2002-10-17,2.017582654953003
2002-10-18,1.8742222785949707
2002-10-19,1.753366231918335
2002-10-20,1.6500862836837769
2002-10-21,1.8101801872253418
2002-10-22,1.86762535572052
2002-10-23,1.691676378250122
2002-10-24,1.5959553718566895
2002-10-25,4.205154895782471
2002-10-26,13.169878959655762
2002-10-27,11.001106262207031
2002-10-28,6.713903427124023
2002-10-29,5.007957935333252
2002-10-30,4.050239562988281
2002-10-31,3.430695056915283
2002-11-01,2.995565891265869
2002-11-02,3.493903398513794
2002-11-03,3.5353877544403076
2002-11-04,2.9780490398406982
2002-11-05,3.497319221496582
2002-11-06,3.5501105785369873
2002-11-07,2.9869272708892822
2002-11-08,2.6628851890563965
2002-11-09,2.4129886627197266
2002-11-10,2.2120580673217773
2002-11-11,2.0468010902404785
2002-11-12,1.908522129058838
2002-11-13,1.791141152381897
2002-11-14,1.6901748180389404
2002-11-15,1.6022088527679443
2002-11-16,1.5249133110046387
2002-11-17,1.456534504890442
2002-11-18,1.3955317735671997
2002-11-19,1.3406827449798584
2002-11-20,1.29108464717865
2002-11-21,1.246014952659607
2002-11-22,1.204892873764038
2002-11-23,1.1672327518463135
2002-11-24,1.1326085329055786
2002-11-25,1.1006641387939453
2002-11-26,1.0711208581924438
2002-11-27,1.1064655780792236
2002-11-28,1.1215434074401855
2002-11-29,1.0797500610351562
2002-11-30,1.0595088005065918
2002-12-01,1.0293337106704712
2002-12-02,1.0050055980682373
2002-12-03,0.9823184013366699
2002-12-04,0.9610777497291565
2002-12-05,0.9411959052085876
2002-12-06,0.9225654602050781
2002-12-07,0.9050559997558594
2002-12-08,0.8885982632637024
2002-12-09,0.8730904459953308
2002-12-10,0.8584136962890625
2002-12-11,0.8445247411727905
2002-12-12,0.8313549160957336
2002-12-13,0.8188555240631104
2002-12-14,0.8070138096809387
2002-12-15,0.7957667112350464
2002-12-16,0.7850335836410522
2002-12-17,0.7747978568077087
2002-12-18,0.7650288343429565
2002-12-19,0.7557007670402527
2002-12-20,0.7467929124832153
2002-12-21,0.7382785677909851
2002-12-22,0.7301287055015564
2002-12-23,0.7223259806632996
2002-12-24,0.7148505449295044
2002-12-25,0.7076873183250427
2002-12-26,0.7008252739906311
2002-12-27,0.6942467093467712
2002-12-28,0.6879289150238037
2002-12-29,0.6818495988845825
2002-12-30,0.6759987473487854
2002-12-31,0.6703670024871826
2003-01-01,0.6649446487426758
2003-01-02,0.6597208380699158
2003-01-03,0.6546867489814758
2003-01-04,0.649833619594574
2003-01-05,0.6451513767242432
2003-01-06,0.6406319737434387
2003-01-07,0.6362682580947876
2003-01-08,0.6320531964302063
2003-01-09,0.6279800534248352
2003-01-10,0.6240423917770386
2003-01-11,0.6224666833877563
2003-01-12,0.6310080885887146
2003-01-13,0.6337694525718689
2003-01-14,0.6239962577819824
2003-01-15,0.6201183795928955
2003-01-16,0.6164489984512329
2003-01-17,0.6128970384597778
2003-01-18,0.6094581484794617
2003-01-19,0.6061268448829651
2003-01-20,0.6028980016708374
2003-01-21,0.5997676849365234
2003-01-22,0.5967321395874023
2003-01-23,0.5937882661819458
2003-01-24,0.5909327268600464
2003-01-25,0.5881618857383728
2003-01-26,0.5854722857475281
2003-01-27,0.582861065864563
2003-01-28,0.580325186252594
2003-01-29,0.5778616070747375
2003-01-30,0.5754678845405579
2003-01-31,0.5731415748596191
2003-02-01,0.5708801746368408
2003-02-02,0.5686814785003662
2003-02-03,0.5665431618690491
2003-02-04,0.5644632577896118
2003-02-05,0.5624397397041321
2003-02-06,0.560470700263977
2003-02-07,0.5585542321205139
2003-02-08,0.5566887259483337
2003-02-09,0.5548723936080933
2003-02-10,0.5531035661697388
2003-02-11,0.5513807535171509
2003-02-12,0.5497024655342102
2003-02-13,0.5480672121047974
2003-02-14,0.5464736223220825
2003-02-15,0.5449204444885254
2003-02-16,0.5434063673019409
2003-02-17,0.5419302582740784
2003-02-18,0.5404908657073975
2003-02-19,0.5390871167182922
2003-02-20,0.537717878818512
2003-02-21,0.5363821983337402
2003-02-22,0.5350790023803711
2003-02-23,0.5338073372840881
2003-02-24,0.5325663089752197
2003-02-25,0.5324422121047974
2003-02-26,0.5320563316345215
2003-02-27,0.5302149653434753
2003-02-28,0.5297150611877441
2003-03-01,0.5290746092796326
2003-03-02,0.5275523662567139
2003-03-03,0.5264540314674377
2003-03-04,0.5253870487213135
2003-03-05,0.5243448615074158
2003-03-06,0.5233267545700073
2003-03-07,0.5223320722579956
2003-03-08,0.5213602185249329
2003-03-09,0.5204104781150818
2003-03-10,0.5194823741912842
2003-03-11,0.5185753107070923
2003-03-12,0.5176886320114136
2003-03-13,0.5168219208717346
2003-03-14,0.5159811973571777
2003-03-15,0.5163989067077637
2003-03-16,0.5164973139762878
2003-03-17,0.514909565448761
2003-03-18,0.5140939354896545
2003-03-19,0.5133072137832642
2003-03-20,0.5125378370285034
2003-03-21,0.5117852687835693
2003-03-22,0.511049211025238
2003-03-23,0.5103291869163513
2003-03-24,0.5096247792243958
2003-03-25,0.5089356303215027
2003-03-26,0.5082613825798035
2003-03-27,0.5076016187667847
2003-03-28,0.5069560408592224
2003-03-29,0.5063242316246033
2003-03-30,0.5057059526443481
2003-03-31,0.5051007866859436
2003-04-01,0.5045084357261658
2003-04-02,0.5039286613464355
2003-04-03,0.5033611059188843
2003-04-04,0.5028054714202881
2003-04-05,0.5022614598274231
2003-04-06,0.501728892326355
2003-04-07,0.5014792680740356
2003-04-08,0.5011690855026245
2003-04-09,0.5004925727844238
2003-04-10,0.4999943971633911
2003-04-11,0.49950894713401794
2003-04-12,0.49903351068496704
2003-04-13,0.4985678791999817
2003-04-14,0.4981118142604828
2003-04-15,0.4976651072502136
2003-04-16,0.4972275495529175
2003-04-17,0.49679893255233765
2003-04-18,0.4963790476322174
2003-04-19,0.49596768617630005
2003-04-20,0.49556469917297363
2003-04-21,0.49516987800598145
2003-04-22,0.49630114436149597
2003-04-23,0.49704334139823914
2003-04-24,0.4956813156604767
2003-04-25,0.49527058005332947
2003-04-26,0.4948817491531372
2003-04-27,0.4945007562637329
2003-04-28,0.49412745237350464
2003-04-29,0.4937616288661957
2003-04-30,0.4934031665325165
2003-05-01,0.4930518865585327
2003-05-02,0.49270763993263245
2003-05-03,0.49237024784088135
2003-05-04,0.49203959107398987
2003-05-05,0.49171552062034607
2003-05-06,0.491397887468338
2003-05-07,0.49108654260635376
2003-05-08,0.49078139662742615
2003-05-09,0.49048227071762085
2003-05-10,0.4901890754699707
2003-05-11,0.48990166187286377
2003-05-12,0.48966673016548157
2003-05-13,0.4894251525402069
2003-05-14,0.4891236126422882
2003-05-15,0.4888567328453064
2003-05-16,0.48859548568725586
2003-05-17,0.488339364528656
2003-05-18,0.4880882501602173
2003-05-19,0.48784202337265015
2003-05-20,0.4876005947589874
2003-05-21,0.48736390471458435
2003-05-22,0.4871317744255066
2003-05-23,0.48690417408943176
2003-05-24,0.4866810142993927
2003-05-25,0.48646214604377747
2003-05-26,0.48761454224586487
2003-05-27,0.49596476554870605
2003-05-28,0.5004491209983826
2003-05-29,0.49526384472846985
2003-05-30,0.4948083460330963
2003-05-31,0.49442964792251587
2003-06-01,0.4940583109855652
2003-06-02,0.4936942458152771
2003-06-03,0.49333736300468445
2003-06-04,0.4929875433444977
2003-06-05,0.49264466762542725
2003-06-06,0.4930281937122345
2003-06-07,0.49323058128356934
2003-06-08,0.49315717816352844
2003-06-09,0.4944418966770172
2003-06-10,0.4944520592689514
2003-06-11,0.4933984577655792
2003-06-12,0.5312970280647278
2003-06-13,0.5593582391738892
2003-06-14,1.1217877864837646
2003-06-15,1.5663410425186157
2003-06-16,1.3114701509475708
2003-06-17,1.2972310781478882
2003-06-18,1.2346668243408203
2003-06-19,1.1929593086242676
2003-06-20,1.1548559665679932
2003-06-21,1.1197706460952759
2003-06-22,1.0874242782592773
2003-06-23,1.057552695274353
2003-06-24,1.0299205780029297
2003-06-25,1.0043113231658936
2003-06-26,0.9805311560630798
2003-06-27,0.9584065079689026
2003-06-28,0.9377809166908264
2003-06-29,0.9876793622970581
2003-06-30,1.136821985244751
2003-07-01,1.2073363065719604
2003-07-02,1.6058293581008911
2003-07-03,2.294919490814209
2003-07-04,2.4516689777374268
2003-07-05,2.2386248111724854
2003-07-06,2.0300018787384033
2003-07-07,1.8840211629867554
2003-07-08,1.7612042427062988
2003-07-09,1.656132698059082
2003-07-10,1.565236210823059
2003-07-11,1.4858765602111816
2003-07-12,1.4160486459732056
2003-07-13,1.3541728258132935
2003-07-14,1.298989176750183
2003-07-15,1.2494889497756958
2003-07-16,1.2048553228378296
2003-07-17,1.1644233465194702
2003-07-18,1.1276379823684692
2003-07-19,1.0940330028533936
2003-07-20,1.0632193088531494
2003-07-21,1.0348668098449707
2003-07-22,1.0086960792541504
2003-07-23,0.9844677448272705
2003-07-24,0.9619764089584351
2003-07-25,0.9410443305969238
2003-07-26,0.9215169548988342
2003-07-27,0.90325927734375
2003-07-28,0.8861531019210815
2003-07-29,0.8700944185256958
2003-07-30,0.8549914360046387
2003-07-31,0.840762734413147
2003-08-01,0.8273359537124634
2003-08-02,0.8146465420722961
2003-08-03,0.8026367425918579
2003-08-04,0.7912545800209045
2003-08-05,0.7804535031318665
2003-08-06,0.7701911926269531
2003-08-07,0.7604295611381531
2003-08-08,0.7511340379714966
2003-08-09,0.7422730326652527
2003-08-10,0.7338179349899292
2003-08-11,0.7257424592971802
2003-08-12,0.7180227041244507
2003-08-13,0.8565270304679871
2003-08-14,0.9524795413017273
2003-08-15,0.8682289719581604
2003-08-16,1.6613361835479736
2003-08-17,2.3672068119049072
2003-08-18,2.064610242843628
2003-08-19,1.8773159980773926
2003-08-20,1.7557902336120605
2003-08-21,1.6521852016448975
2003-08-22,1.5624127388000488
2003-08-23,1.4839216470718384
2003-08-24,1.4640897512435913
2003-08-25,1.4311459064483643
2003-08-26,1.3548604249954224
2003-08-27,1.2998005151748657
2003-08-28,1.2505329847335815
2003-08-29,1.2060365676879883
2003-08-30,1.165669322013855
2003-08-31,1.128897786140442
2003-09-01,1.3613823652267456
2003-09-02,1.497409701347351
2003-09-03,1.5007928609848022
2003-09-04,1.7400709390640259
2003-09-05,2.6646761894226074
2003-09-06,2.9732749462127686
2003-09-07,2.4837794303894043
2003-09-08,2.2489688396453857
2003-09-09,2.0628230571746826
2003-09-10,1.9096238613128662
2003-09-11,1.7813080549240112
2003-09-12,1.672324299812317
2003-09-13,1.5786268711090088
2003-09-14,2.1705687046051025
2003-09-15,2.4612925052642822
2003-09-16,2.103475332260132
2003-09-17,1.940476655960083
2003-09-18,1.8071036338806152
2003-09-19,16.154752731323242
2003-09-20,15.804743766784668
2003-09-21,8.138856887817383
2003-09-22,5.7011494636535645
2003-09-23,4.463724136352539
2003-09-24,3.7035017013549805
2003-09-25,3.1855111122131348
2003-09-26,2.807905673980713
2003-09-27,2.5195653438568115
2003-09-28,27.935720443725586
2003-09-29,21.365299224853516
2003-09-30,9.432327270507812
2003-10-01,6.333878993988037
2003-10-02,4.877623558044434
2003-10-03,4.0158209800720215
2003-10-04,3.4397737979888916
2003-10-05,3.023970127105713
2003-10-06,2.7076539993286133
2003-10-07,2.4577090740203857
2003-10-08,2.2547855377197266
2003-10-09,2.0862929821014404
2003-10-10,1.9437967538833618
2003-10-11,2.8200862407684326
2003-10-12,10.98440170288086
2003-10-13,15.546119689941406
2003-10-14,9.97262954711914
2003-10-15,7.869420051574707
2003-10-16,6.3031463623046875
2003-10-17,4.790696620941162
2003-10-18,26.127302169799805
2003-10-19,19.24077033996582
2003-10-20,9.096671104431152
2003-10-21,6.243790149688721
2003-10-22,4.8650336265563965
2003-10-23,4.037335395812988
2003-10-24,3.479360580444336
2003-10-25,3.0734782218933105
2003-10-26,2.764019250869751
2003-10-27,2.521423101425171
2003-10-28,2.324841022491455
2003-10-29,2.160440444946289
2003-10-30,2.020077705383301
2003-10-31,1.8983275890350342
2003-11-01,2.0630900859832764
2003-11-02,2.110034704208374
2003-11-03,1.9153144359588623
2003-11-04,1.801091194152832
2003-11-05,1.7023181915283203
2003-11-06,1.6153357028961182
2003-11-07,1.538192868232727
2003-11-08,1.4693737030029297
2003-11-09,1.4079352617263794
2003-11-10,1.3526757955551147
2003-11-11,1.3024020195007324
2003-11-12,1.256519079208374
2003-11-13,1.2145392894744873
2003-11-14,1.1760191917419434
2003-11-15,1.1405565738677979
2003-11-16,1.1078135967254639
2003-11-17,1.0774996280670166
2003-11-18,1.04936945438385
2003-11-19,1.0232473611831665
2003-11-20,0.9989576935768127
2003-11-21,0.9763054251670837
2003-11-22,0.9551234841346741
2003-11-23,0.9352708458900452
2003-11-24,0.916647732257843
2003-11-25,0.8991675972938538
2003-11-26,0.8827164769172668
2003-11-27,0.867199182510376
2003-11-28,0.8525528311729431
2003-11-29,0.8387206196784973
2003-11-30,0.8256356716156006
2003-12-01,0.8132334351539612
2003-12-02,0.8014644980430603
2003-12-03,0.7902843952178955
2003-12-04,0.7796526551246643
2003-12-05,0.7695340514183044
2003-12-06,0.7598973512649536
2003-12-07,0.7507106065750122
2003-12-08,0.7419417500495911
2003-12-09,0.7335628867149353
2003-12-10,0.7255516648292542
2003-12-11,0.7178875207901001
2003-12-12,0.7105483412742615
2003-12-13,0.7176278829574585
2003-12-14,0.7208195328712463
2003-12-15,0.7065327763557434
2003-12-16,0.6995778679847717
2003-12-17,0.6930083632469177
2003-12-18,0.6867010593414307
2003-12-19,0.6806409358978271
2003-12-20,0.6748151779174805
2003-12-21,0.6692107319831848
2003-12-22,0.6638154983520508
2003-12-23,0.6586193442344666
2003-12-24,0.667763888835907
2003-12-25,0.6730272173881531
2003-12-26,0.660280168056488
2003-12-27,0.6551164984703064
2003-12-28,0.6502452492713928
2003-12-29,0.6455464959144592
2003-12-30,0.6410127282142639
2003-12-31,0.6366356015205383
2004-01-01,0.6324072480201721
2004-01-02,0.6283210515975952
2004-01-03,0.6243708729743958
2004-01-04,0.620550811290741
2004-01-05,0.6168553233146667
2004-01-06,0.6132795810699463
2004-01-07,0.6098186373710632
2004-01-08,0.6064672470092773
2004-01-09,0.6032205820083618
2004-01-10,0.6000744700431824
2004-01-11,0.5970250964164734
2004-01-12,0.5940683484077454
2004-01-13,0.5912004709243774
2004-01-14,0.5884182453155518
2004-01-15,0.5857182741165161
2004-01-16,0.583938479423523
2004-01-17,0.5820028781890869
2004-01-18,0.5790216326713562
2004-01-19,0.5765870213508606
2004-01-20,0.5742282867431641
2004-01-21,0.5719358921051025
2004-01-22,0.5697073936462402
2004-01-23,0.5675404667854309
2004-01-24,0.5654330253601074
2004-01-25,0.5633829832077026
2004-01-26,0.5613883137702942
2004-01-27,0.5594472289085388
2004-01-28,0.5575578808784485
2004-01-29,0.5557185411453247
2004-01-30,0.5541037917137146
2004-01-31,0.5524880290031433
2004-02-01,0.550679624080658
2004-02-02,0.5490178465843201
2004-02-03,0.5474000573158264
2004-02-04,0.5458235144615173
2004-02-05,0.5442867875099182
2004-02-06,0.5427886843681335
2004-02-07,0.541327953338623
2004-02-08,0.5400726795196533
2004-02-09,0.5388071537017822
2004-02-10,0.537345826625824
2004-02-11,0.5360925197601318
2004-02-12,0.534852921962738
2004-02-13,0.534030556678772
2004-02-14,0.5331524610519409
2004-02-15,0.5316397547721863
2004-02-16,0.530446469783783
2004-02-17,0.529285728931427
2004-02-18,0.5281524062156677
2004-02-19,0.5270456671714783
2004-02-20,0.5259648561477661
2004-02-21,0.5249091982841492
2004-02-22,0.5238779783248901
2004-02-23,0.5228706002235413
2004-02-24,0.5218863487243652
2004-02-25,0.5209246277809143
2004-02-26,0.5199848413467407
2004-02-27,0.519066333770752
2004-02-28,0.5181686282157898
2004-02-29,0.5172910690307617
2004-03-01,0.5164332389831543
2004-03-02,0.5155946016311646
2004-03-03,0.5147745609283447
2004-03-04,0.5141218304634094
2004-03-05,0.5134473443031311
2004-03-06,0.5125848054885864
2004-03-07,0.5118299126625061
2004-03-08,0.5110927820205688
2004-03-09,0.5103718042373657
2004-03-10,0.5096664428710938
2004-03-11,0.508976399898529
2004-03-12,0.5083012580871582
2004-03-13,0.5076406598091125
2004-03-14,0.5069941878318787
2004-03-15,0.5063616037368774
2004-03-16,0.5057424902915955
2004-03-17,0.5051365494728088
2004-03-18,0.5045434236526489
2004-03-19,0.5039629340171814
2004-03-20,0.503394603729248
2004-03-21,0.5029298663139343
2004-03-22,0.5024527311325073
2004-03-23,0.5018600821495056
2004-03-24,0.501335084438324
2004-03-25,0.5008217692375183
2004-03-26,0.5003191828727722
2004-03-27,0.4998270273208618
2004-03-28,0.5100073218345642
2004-03-29,0.5224357843399048
2004-03-30,0.5904187560081482
2004-03-31,0.6395527124404907
2004-04-01,0.5943983793258667
2004-04-02,0.5910066962242126
2004-04-03,0.6439339518547058
2004-04-04,0.6818145513534546
2004-04-05,0.646563708782196
2004-04-06,0.6416690945625305
2004-04-07,0.6373517513275146
2004-04-08,0.633178174495697
2004-04-09,0.6291391849517822
2004-04-10,0.6252050399780273
2004-04-11,0.6213887929916382
2004-04-12,0.6176920533180237
2004-04-13,0.6141102910041809
2004-04-14,0.6106380224227905
2004-04-15,0.607271671295166
2004-04-16,0.6040076017379761
2004-04-17,0.600842297077179
2004-04-18,0.597772479057312
2004-04-19,0.5947948694229126
2004-04-20,0.5919061303138733
2004-04-21,0.5891030430793762
2004-04-22,0.5863824486732483
2004-04-23,0.5837414264678955
2004-04-24,0.5811769962310791
2004-04-25,0.5844836235046387
2004-04-26,0.8391890525817871
2004-04-27,1.0199686288833618
2004-04-28,0.8779118657112122
2004-04-29,0.8611336946487427
2004-04-30,0.8470031023025513
2004-05-01,0.8335574865341187
2004-05-02,0.8207844495773315
2004-05-03,0.8086548447608948
2004-05-04,0.7971199154853821
2004-05-05,0.7861406803131104
2004-05-06,0.7972138524055481
2004-05-07,0.86533522605896
2004-05-08,0.8880733251571655
2004-05-09,0.8450551629066467
2004-05-10,0.8314076066017151
2004-05-11,0.8188326954841614
2004-05-12,0.8068089485168457
2004-05-13,0.8327873349189758
2004-05-14,1.6021833419799805
2004-05-15,2.0856385231018066
2004-05-16,1.7215648889541626
2004-05-17,1.620231032371521
2004-05-18,1.5362439155578613
2004-05-19,1.4622867107391357
2004-05-20,1.396443247795105
2004-05-21,1.337634801864624
2004-05-22,1.2848505973815918
2004-05-23,1.2373425960540771
2004-05-24,1.1944276094436646
2004-05-25,1.155371069908142
2004-05-26,1.1196506023406982
2004-05-27,1.0869063138961792
2004-05-28,1.0567991733551025
2004-05-29,1.0290366411209106
2004-05-30,1.0084744691848755
2004-05-31,0.9880145788192749
2004-06-01,0.9634628891944885
2004-06-02,0.9424494504928589
2004-06-03,0.9228646159172058
2004-06-04,0.9045467376708984
2004-06-05,0.8873794078826904
2004-06-06,0.8712598085403442
2004-06-07,0.8890560269355774
2004-06-08,0.8969891667366028
2004-06-09,0.8666490912437439
2004-06-10,0.8933315277099609
2004-06-11,0.9407256841659546
2004-06-12,0.9283686876296997
2004-06-13,0.8961977362632751
2004-06-14,0.8794093132019043
2004-06-15,0.8906412720680237
2004-06-16,0.8940179944038391
2004-06-17,0.8911739587783813
2004-06-18,0.8927910923957825
2004-06-19,0.8662586808204651
2004-06-20,0.8512899279594421
2004-06-21,0.8373180627822876
2004-06-22,0.824114203453064
2004-06-23,0.811621904373169
2004-06-24,0.7997881770133972
2004-06-25,0.7885639071464539
2004-06-26,0.9051814079284668
2004-06-27,0.983104407787323
2004-06-28,0.9076934456825256
2004-06-29,0.8896380662918091
2004-06-30,0.8734776377677917
2004-07-01,0.8582655787467957
2004-07-02,0.8439220786094666
2004-07-03,0.8303632140159607
2004-07-04,0.8175392746925354
2004-07-05,0.8053964376449585
2004-07-06,0.7938854098320007
2004-07-07,0.7829606533050537
2004-07-08,0.7725807428359985
2004-07-09,0.7627078890800476
2004-07-10,0.7533077001571655
2004-07-11,0.7443490624427795
2004-07-12,0.7358027100563049
2004-07-13,0.7276415824890137
2004-07-14,0.7198408246040344
2004-07-15,0.7123778462409973
2004-07-16,0.7052326202392578
2004-07-17,0.6983863115310669
2004-07-18,0.6918214559555054
2004-07-19,0.6855220198631287
2004-07-20,0.6794731020927429
2004-07-21,0.673660933971405
2004-07-22,0.6751623153686523
2004-07-23,0.6774910688400269
2004-07-24,0.6701745390892029
2004-07-25,0.6633139252662659
2004-07-26,0.6580971479415894
2004-07-27,0.6530928611755371
2004-07-28,0.6482702493667603
2004-07-29,0.6436201333999634
2004-07-30,0.6457028985023499
2004-07-31,0.651694118976593
2004-08-01,0.6477184295654297
2004-08-02,0.656952977180481
2004-08-03,0.6672064661979675
2004-08-04,0.6551451683044434
2004-08-05,0.6487940549850464
2004-08-06,0.6474981904029846
2004-08-07,0.6454233527183533
2004-08-08,0.6391347050666809
2004-08-09,0.6347876191139221
2004-08-10,0.6306154131889343
2004-08-11,0.6265856027603149
2004-08-12,0.6291078925132751
2004-08-13,0.6299458146095276
2004-08-14,0.6225342154502869
2004-08-15,0.6187206506729126
2004-08-16,0.615081250667572
2004-08-17,0.611558735370636
2004-08-18,0.6081483364105225
2004-08-19,0.6048453450202942
2004-08-20,0.6016454696655273
2004-08-21,0.5985445976257324
2004-08-22,0.5955387353897095
2004-08-23,0.5926240086555481
2004-08-24,0.5897969007492065
2004-08-25,0.5870539546012878
2004-08-26,0.5843919515609741
2004-08-27,0.5818076729774475
2004-08-28,0.5792982578277588
2004-08-29,0.5768609046936035
2004-08-30,0.595990777015686
2004-08-31,0.6093174815177917
2004-09-01,0.5940852165222168
2004-09-02,0.6530343294143677
2004-09-03,1.0096317529678345
2004-09-04,1.6419340372085571
2004-09-05,1.9768366813659668
2004-09-06,1.8690773248672485
2004-09-07,1.7016240358352661
2004-09-08,1.8716678619384766
2004-09-09,1.9319708347320557
2004-09-10,1.7468132972717285
2004-09-11,2.349118709564209
2004-09-12,2.6225571632385254
2004-09-13,2.240053653717041
2004-09-14,2.0551209449768066
2004-09-15,1.9046434164047241
2004-09-16,1.778183937072754
2004-09-17,2.3388655185699463
2004-09-18,2.585350513458252
2004-09-19,2.214095115661621
2004-09-20,2.032247304916382
2004-09-21,3.4036099910736084
2004-09-22,3.9378998279571533
2004-09-23,3.1426353454589844
2004-09-24,2.7517380714416504
2004-09-25,2.46073579788208
2004-09-26,2.233002185821533
2004-09-27,2.049790620803833
2004-09-28,1.8991488218307495
2004-09-29,1.7729911804199219
2004-09-30,1.6657060384750366
2004-10-01,1.5733184814453125
2004-10-02,1.4929304122924805
2004-10-03,1.4573500156402588
2004-10-04,1.450319766998291
2004-10-05,1.4417142868041992
2004-10-06,1.3967922925949097
2004-10-07,1.4438810348510742
2004-10-08,1.7634434700012207
2004-10-09,1.8360644578933716
2004-10-10,1.6490927934646606
2004-10-11,1.5590556859970093
2004-10-12,1.4815601110458374
2004-10-13,1.4132215976715088
2004-10-14,1.474668264389038
2004-10-15,1.491736650466919
2004-10-16,1.3893016576766968
2004-10-17,1.3308027982711792
2004-10-18,1.2788807153701782
2004-10-19,1.232060194015503
2004-10-20,1.1896415948867798
2004-10-21,1.1510432958602905
2004-10-22,1.115785002708435
2004-10-23,1.0834654569625854
2004-10-24,1.053740382194519
2004-10-25,1.026315450668335
2004-10-26,1.0009409189224243
2004-10-27,0.9773994088172913
2004-10-28,0.955503523349762
2004-10-29,0.9350904226303101
2004-10-30,0.9160184264183044
2004-10-31,0.8981627225875854
2004-11-01,0.8814127445220947
2004-11-02,0.8656721115112305
2004-11-03,0.8508564233779907
2004-11-04,0.8368883728981018
2004-11-05,0.8236978650093079
2004-11-06,0.8112232089042664
2004-11-07,0.799409031867981
2004-11-08,0.7882055640220642
2004-11-09,0.7775682210922241
2004-11-10,0.7674564123153687
2004-11-11,0.7578334212303162
2004-11-12,0.7486660480499268
2004-11-13,0.7399238348007202
2004-11-14,0.7315793037414551
2004-11-15,0.7279894948005676
2004-11-16,0.723427951335907
2004-11-17,0.7137172222137451
2004-11-18,0.7064875960350037
2004-11-19,0.7048606872558594
2004-11-20,0.7019547820091248
2004-11-21,0.6926692128181458
2004-11-22,0.686302125453949
2004-11-23,0.680226743221283
2004-11-24,0.6743889451026917
2004-11-25,0.6687759757041931
2004-11-26,0.663375973701477
2004-11-27,0.6581776738166809
2004-11-28,0.6531708836555481
2004-11-29,0.6483458280563354
2004-11-30,0.6436936259269714
2004-12-01,0.6392059326171875
2004-12-02,0.6348747611045837
2004-12-03,0.6306926608085632
2004-12-04,0.6266527771949768
2004-12-05,0.622748613357544
2004-12-06,0.6189740896224976
2004-12-07,0.6153233051300049
2004-12-08,0.6117908954620361
2004-12-09,0.6083716154098511
2004-12-10,0.6050606369972229
2004-12-11,0.6018535494804382
2004-12-12,0.5987458825111389
2004-12-13,0.595733642578125
2004-12-14,0.5928129553794861
2004-12-15,0.5899801850318909
2004-12-16,0.5872318148612976
2004-12-17,0.5845646262168884
2004-12-18,0.5819754004478455
2004-12-19,0.5794612169265747
2004-12-20,0.5770192742347717
2004-12-21,0.5746468305587769
2004-12-22,0.5723413825035095
2004-12-23,0.5701004862785339
2004-12-24,0.5687405467033386
2004-12-25,0.5672166347503662
2004-12-26,0.5646536946296692
2004-12-27,0.5626174807548523
2004-12-28,0.5606430768966675
2004-12-29,0.5587215423583984
2004-12-30,0.5568511486053467
2004-12-31,0.555030107498169
2005-01-01,0.5532568693161011
2005-01-02,0.5515297651290894
2005-01-03,0.5498473644256592
2005-01-04,0.5482082366943359
2005-01-05,0.546610951423645
2005-01-06,0.5450541973114014
2005-01-07,0.5435367226600647
2005-01-08,0.54205721616745
2005-01-09,0.5406146049499512
2005-01-10,0.5392077565193176
2005-01-11,0.5378355383872986
2005-01-12,0.5364969372749329
2005-01-13,0.5351909399032593
2005-01-14,0.5339165329933167
2005-01-15,0.5326728820800781
2005-01-16,0.5314590334892273
2005-01-17,0.5302741527557373
2005-01-18,0.5291173458099365
2005-01-19,0.5279878973960876
2005-01-20,0.526884913444519
2005-01-21,0.525807797908783
2005-01-22,0.5264914035797119
2005-01-23,0.5267373919487
2005-01-24,0.5246307253837585
2005-01-25,0.5235910415649414
2005-01-26,0.5225903987884521
2005-01-27,0.5216127038002014
2005-01-28,0.5206573009490967
2005-01-29,0.519723653793335
2005-01-30,0.5188111662864685
2005-01-31,0.5179192423820496
2005-02-01,0.5174258351325989
2005-02-02,0.5168517231941223
2005-02-03,0.5157778263092041
2005-02-04,0.514951765537262
2005-02-05,0.5144739151000977
2005-02-06,0.5148295760154724
2005-02-07,0.5145115852355957
2005-02-08,0.5140318274497986
2005-02-09,0.5138927102088928
2005-02-10,0.5125897526741028
2005-02-11,0.5118288993835449
2005-02-12,0.5110921859741211
2005-02-13,0.5103715062141418
2005-02-14,0.509666383266449
2005-02-15,0.5089765191078186
2005-02-16,0.5083015561103821
2005-02-17,0.5076410174369812
2005-02-18,0.5069946646690369
2005-02-19,0.5063621401786804
2005-02-20,0.5057430863380432
2005-02-21,0.5051371455192566
2005-02-22,0.5047460198402405
2005-02-23,0.5110688805580139
2005-02-24,0.5153530240058899
2005-02-25,0.5104334354400635
2005-02-26,0.5319133996963501
2005-02-27,0.5494565963745117
2005-02-28,0.5359501838684082
2005-03-01,0.5334284901618958
2005-03-02,0.5322020649909973
2005-03-03,0.5310185551643372
2005-03-04,0.5298577547073364
2005-03-05,0.5287235975265503
2005-03-06,0.5276150703430176
2005-03-07,0.5373296737670898
2005-03-08,0.5608057975769043
2005-03-09,0.5651484131813049
2005-03-10,0.5534437298774719
2005-03-11,0.5516027808189392
2005-03-12,0.549944281578064
2005-03-13,0.5483222603797913
2005-03-14,0.546737015247345
2005-03-15,0.5451912879943848
2005-03-16,0.5504493117332458
2005-03-17,0.5539308190345764
2005-03-18,0.5482857823371887
2005-03-19,0.5466424226760864
2005-03-20,0.545094907283783
2005-03-21,0.5435838103294373
2005-03-22,0.5421088337898254
2005-03-23,0.5406693816184998
2005-03-24,0.5392654538154602
2005-03-25,0.5378960967063904
2005-03-26,0.536558985710144
2005-03-27,0.5352534651756287
2005-03-28,0.5339791774749756
2005-03-29,0.5327352285385132
2005-03-30,0.5315207839012146
2005-03-31,0.5303350687026978
2005-04-01,0.5291772484779358
2005-04-02,0.5280467867851257
2005-04-03,0.526942789554596
2005-04-04,0.5258645415306091
2005-04-05,0.524811327457428
2005-04-06,0.52378249168396
2005-04-07,0.5227773189544678
2005-04-08,0.5217952728271484
2005-04-09,0.5208356976509094
2005-04-10,0.5198978781700134
2005-04-11,0.518981397151947
2005-04-12,0.5180855989456177
2005-04-13,0.5172099471092224
2005-04-14,0.5163539052009583
2005-04-15,0.5155170559883118
2005-04-16,0.5146987438201904
2005-04-17,0.5138986110687256
2005-04-18,0.5131161212921143
2005-04-19,0.512350857257843
2005-04-20,0.5116024017333984
2005-04-21,0.5108702778816223
2005-04-22,0.5101540684700012
2005-04-23,0.5096348524093628
2005-04-24,0.5140467286109924
2005-04-25,0.5169160962104797
2005-04-26,0.513062059879303
2005-04-27,0.5122547745704651
2005-04-28,0.5115088224411011
2005-04-29,0.5107790231704712
2005-04-30,0.5100650191307068
2005-05-01,0.509366512298584
2005-05-02,0.5086830258369446
2005-05-03,0.5080143213272095
2005-05-04,0.5073599219322205
2005-05-05,0.5067195296287537
2005-05-06,0.5060928463935852
2005-05-07,0.5054794549942017
2005-05-08,0.5048791170120239
2005-05-09,0.5042914748191833
2005-05-10,0.5037162899971008
2005-05-11,0.5031532049179077
2005-05-12,0.5048359036445618
2005-05-13,0.5059435963630676
2005-05-14,0.5039682984352112
2005-05-15,0.5098429918289185
2005-05-16,0.6231115460395813
2005-05-17,0.6996707916259766
2005-05-18,0.6321931481361389
2005-05-19,0.6273190379142761
2005-05-20,0.6234828233718872
2005-05-21,0.6197490096092224
2005-05-22,0.6161198019981384
2005-05-23,0.6125951409339905
2005-05-24,0.6091741323471069
2005-05-25,0.6058546900749207
2005-05-26,0.6026343703269958
2005-05-27,0.6067403554916382
2005-05-28,0.7136454582214355
2005-05-29,0.8065608739852905
2005-05-30,0.7605016827583313
2005-05-31,0.739408552646637
2005-06-01,0.7310885190963745
2005-06-02,0.7232566475868225
2005-06-03,0.7157604694366455
2005-06-04,0.708604097366333
2005-06-05,0.7017174363136292
2005-06-06,0.6950716972351074
2005-06-07,0.6886794567108154
2005-06-08,0.6825312972068787
2005-06-09,0.6766172647476196
2005-06-10,0.6709272861480713
2005-06-11,0.6654512286186218
2005-06-12,0.6601788401603699
2005-06-13,0.6551018953323364
2005-06-14,0.6502101421356201
2005-06-15,0.6454924941062927
2005-06-16,0.640941858291626
2005-06-17,0.6365504264831543
2005-06-18,0.632310688495636
2005-06-19,0.6282157301902771
2005-06-20,0.6242588758468628
2005-06-21,0.6204339265823364
2005-06-22,0.6167349815368652
2005-06-23,0.6131564378738403
2005-06-24,0.609693169593811
2005-06-25,0.6224200129508972
2005-06-26,0.6307628154754639
2005-06-27,0.6180986762046814
2005-06-28,0.6143513917922974
2005-06-29,0.6108522415161133
2005-06-30,0.6074641346931458
2005-07-01,0.6041825413703918
2005-07-02,0.6010032296180725
2005-07-03,0.5979220271110535
2005-07-04,0.5949349999427795
2005-07-05,0.5920384526252747
2005-07-06,0.5892288684844971
2005-07-07,0.586502730846405
2005-07-08,0.5838568806648254
2005-07-09,0.5812881588935852
2005-07-10,0.5787937045097351
2005-07-11,0.5763707756996155
2005-07-12,0.5740166306495667
2005-07-13,0.5717288255691528
2005-07-14,0.5695049166679382
2005-07-15,0.5673426389694214
2005-07-16,0.5652499198913574
2005-07-17,0.5632117986679077
2005-07-18,0.5612154603004456
2005-07-19,0.5592784285545349
2005-07-20,0.5590312480926514
2005-07-21,0.6738032698631287
2005-07-22,1.0302447080612183
2005-07-23,1.1567541360855103
2005-07-24,1.170812726020813
2005-07-25,6.374817848205566
2005-07-26,8.243548393249512
2005-07-27,5.453710079193115
2005-07-28,4.274474620819092
2005-07-29,3.550579786300659
2005-07-30,3.0545434951782227
2005-07-31,2.6923344135284424
2005-08-01,2.4157791137695312
2005-08-02,2.2900540828704834
2005-08-03,2.155362367630005
2005-08-04,1.9711549282073975
2005-08-05,1.8996163606643677
2005-08-06,1.817766785621643
2005-08-07,1.6919070482254028
2005-08-08,1.5970218181610107
2005-08-09,1.5143097639083862
2005-08-10,1.4415463209152222
2005-08-11,1.3771045207977295
2005-08-12,1.3196837902069092
2005-08-13,1.2682764530181885
2005-08-14,1.2219961881637573
2005-08-15,1.1800816059112549
2005-08-16,1.141975998878479
2005-08-17,1.1071983575820923
2005-08-18,1.075339913368225
2005-08-19,1.0460553169250488
2005-08-20,1.0190513134002686
2005-08-21,0.9940766096115112
2005-08-22,0.9709142446517944
2005-08-23,0.9493804574012756
2005-08-24,0.9293099641799927
2005-08-25,0.9105565547943115
2005-08-26,0.8929985761642456
2005-08-27,0.8765273094177246
2005-08-28,0.8610466718673706
2005-08-29,0.8464717268943787
2005-08-30,0.8440479636192322
2005-08-31,0.8387385606765747
2005-09-01,0.8259821534156799
2005-09-02,0.8246200680732727
2005-09-03,0.8151296973228455
2005-09-04,0.8953633308410645
2005-09-05,0.9496831893920898
2005-09-06,0.8897863030433655
2005-09-07,1.3300509452819824
2005-09-08,1.6227303743362427
2005-09-09,1.3926937580108643
2005-09-10,1.3321837186813354
2005-09-11,1.2832982540130615
2005-09-12,1.243112564086914
2005-09-13,1.202544927597046
2005-09-14,1.1617940664291382
2005-09-15,1.1258341073989868
2005-09-16,1.0928328037261963
2005-09-17,1.0624477863311768
2005-09-18,1.034400463104248
2005-09-19,1.0084476470947266
2005-09-20,0.9843756556510925
2005-09-21,0.9619957804679871
2005-09-22,0.941140353679657
2005-09-23,0.9216644763946533
2005-09-24,0.9034398794174194
2005-09-25,0.8863534927368164
2005-09-26,0.870305597782135
2005-09-27,0.8552072644233704
2005-09-28,0.8409788012504578
2005-09-29,0.8275492191314697
2005-09-30,0.8148550987243652
2005-10-01,0.8028393387794495
2005-10-02,0.791450560092926
2005-10-03,2.9187989234924316
2005-10-04,28.323701858520508
2005-10-05,20.017017364501953
2005-10-06,9.164566040039062
2005-10-07,6.207765579223633
2005-10-08,4.797894477844238
2005-10-09,3.958066701889038
2005-10-10,3.3936731815338135
2005-10-11,2.984630823135376
2005-10-12,2.67315936088562
2005-10-13,2.4274914264678955
2005-10-14,2.2283618450164795
2005-10-15,2.063446283340454
2005-10-16,1.9243519306182861
2005-10-17,1.8052308559417725
2005-10-18,1.7020329236984253
2005-10-19,1.6117793321609497
2005-10-20,1.5321640968322754
2005-10-21,1.4614315032958984
2005-10-22,1.3982383012771606
2005-10-23,1.341477870941162
2005-10-24,1.2903170585632324
2005-10-25,1.244059681892395
2005-10-26,1.2019922733306885
2005-10-27,1.163516879081726
2005-10-28,1.1282141208648682
2005-10-29,1.095741868019104
2005-10-30,1.0657700300216675
2005-10-31,1.0380202531814575
2005-11-01,1.0123714208602905
2005-11-02,0.9885959625244141
2005-11-03,0.9663962721824646
2005-11-04,0.9456495642662048
2005-11-05,0.9262221455574036
2005-11-06,0.9079959988594055
2005-11-07,0.8908660411834717
2005-11-08,0.8747410774230957
2005-11-09,0.8595420718193054
2005-11-10,0.8451968431472778
2005-11-11,0.8316397070884705
2005-11-12,0.818811297416687
2005-11-13,0.8066578507423401
2005-11-14,0.795130729675293
2005-11-15,0.7841848731040955
2005-11-16,0.7737807035446167
2005-11-17,0.7638826966285706
2005-11-18,0.7544562816619873
2005-11-19,0.745469868183136
2005-11-20,0.747430682182312
2005-11-21,0.7465862035751343
2005-11-22,0.733020007610321
2005-11-23,0.7249363660812378
2005-11-24,0.7172781825065613
2005-11-25,0.7099462151527405
2005-11-26,0.7029212713241577
2005-11-27,0.6961854100227356
2005-11-28,0.6897227168083191
2005-11-29,0.6835184693336487
2005-11-30,0.6775583028793335
2005-12-01,0.6718286871910095
2005-12-02,0.666317343711853
2005-12-03,0.6610128879547119
2005-12-04,0.6559047698974609
2005-12-05,0.6509831547737122
2005-12-06,0.6462391018867493
2005-12-07,0.6473763585090637
2005-12-08,0.6567425727844238
2005-12-09,0.6568517088890076
2005-12-10,0.6474118232727051
2005-12-11,0.6423485279083252
2005-12-12,0.6379172205924988
2005-12-13,0.6336450576782227
2005-12-14,0.6295183300971985
2005-12-15,0.6255286931991577
2005-12-16,0.6216714382171631
2005-12-17,0.6179409027099609
2005-12-18,0.6143314242362976
2005-12-19,0.6108379364013672
2005-12-20,0.6074551939964294
2005-12-21,0.6041786074638367
2005-12-22,0.6010037660598755
2005-12-23,0.5979265570640564
2005-12-24,0.5949428677558899
2005-12-25,0.5920491814613342
2005-12-26,0.5892419815063477
2005-12-27,0.5865176916122437
2005-12-28,0.5838733315467834
2005-12-29,0.5813058018684387
2005-12-30,0.5788122415542603
2005-12-31,0.5763900279998779
2006-01-01,0.5740363597869873
2006-01-02,0.5717488527297974
2006-01-03,0.5695251226425171
2006-01-04,0.567362904548645
2006-01-05,0.5652600526809692
2006-01-06,0.5632144212722778
2006-01-07,0.5612241625785828
2006-01-08,0.5592873096466064
2006-01-09,0.5574020743370056
2006-01-10,0.5555667281150818
2006-01-11,0.5537795424461365
2006-01-12,0.5520390272140503
2006-01-13,0.5503435730934143
2006-01-14,0.5486918091773987
2006-01-15,0.5470823049545288
2006-01-16,0.5455136895179749
2006-01-17,0.5439847111701965
2006-01-18,0.5424941182136536
2006-01-19,0.5410406589508057
2006-01-20,0.5396233201026917
2006-01-21,0.538240909576416
2006-01-22,0.5368924736976624
2006-01-23,0.5355768799781799
2006-01-24,0.5342931747436523
2006-01-25,0.533040463924408
2006-01-26,0.5318178534507751
2006-01-27,0.5306243896484375
2006-01-28,0.5294593572616577
2006-01-29,0.5283218026161194
2006-01-30,0.52721107006073
2006-01-31,0.5261263251304626
2006-02-01,0.5260928869247437
2006-02-02,0.5258107781410217
2006-02-03,0.5241478681564331
2006-02-04,0.523125410079956
2006-02-05,0.5221353769302368
2006-02-06,0.5211679935455322
2006-02-07,0.5202227234840393
2006-02-08,0.5192988514900208
2006-02-09,0.5183959007263184
2006-02-10,0.5175133347511292
2006-02-11,0.5166505575180054
2006-02-12,0.515807032585144
2006-02-13,0.5149823427200317
2006-02-14,0.5141758918762207
2006-02-15,0.5133873224258423
2006-02-16,0.5126160979270935
2006-02-17,0.5118618011474609
2006-02-18,0.5111240744590759
2006-02-19,0.5104023814201355
2006-02-20,0.509696364402771
2006-02-21,0.5090056657791138
2006-02-22,0.5083298683166504
2006-02-23,0.507668673992157
2006-02-24,0.5070216059684753
2006-02-25,0.5063884258270264
2006-02-26,0.5057687163352966
2006-02-27,0.505162239074707
2006-02-28,0.5045686364173889
2006-03-01,0.5039875507354736
2006-03-02,0.5034187436103821
2006-03-03,0.5028618574142456
2006-03-04,0.5023167133331299
2006-03-05,0.5017829537391663
2006-03-06,0.5012603998184204
2006-03-07,0.5007486343383789
2006-03-08,0.500247597694397
2006-03-09,0.4997568726539612
2006-03-10,0.4992763102054596
2006-03-11,0.4988056719303131
2006-03-12,0.4983447194099426
2006-03-13,0.49789324402809143
2006-03-14,0.4974510073661804
2006-03-15,0.49701783061027527
2006-03-16,0.4965934753417969
2006-03-17,0.4961777627468109
2006-03-18,0.49577051401138306
2006-03-19,0.4953715205192566
2006-03-20,0.4949806034564972
2006-03-21,0.49459758400917053
2006-03-22,0.4942222833633423
2006-03-23,0.4938545525074005
2006-03-24,0.4934941828250885
2006-03-25,0.4931410551071167
2006-03-26,0.49279502034187317
2006-03-27,0.4924558699131012
2006-03-28,0.4921235144138336
2006-03-29,0.4917977750301361
2006-03-30,0.49147850275039673
2006-03-31,0.4911655783653259
2006-04-01,0.49085885286331177
2006-04-02,0.4905582070350647
2006-04-03,0.4902634918689728
2006-04-04,0.48997458815574646
2006-04-05,0.4896914064884186
2006-04-06,0.4894137680530548
2006-04-07,0.4891416132450104
2006-04-08,0.48887479305267334
2006-04-09,0.48861318826675415
2006-04-10,0.48835673928260803
2006-04-11,0.48810526728630066
2006-04-12,0.48785871267318726
2006-04-13,0.48761698603630066
2006-04-14,0.48737993836402893
2006-04-15,0.4871475398540497
2006-04-16,0.4869196116924286
2006-04-17,0.48669615387916565
2006-04-18,0.48647698760032654
2006-04-19,0.48626208305358887
2006-04-20,0.4860513508319855
2006-04-21,0.4858446717262268
2006-04-22,0.4856419861316681
2006-04-23,0.48544320464134216
2006-04-24,0.4852491021156311
2006-04-25,0.4850585460662842
2006-04-26,0.48513972759246826
2006-04-27,0.48515504598617554
2006-04-28,0.4847971796989441
2006-04-29,0.48461222648620605
2006-04-30,0.48443323373794556
2006-05-01,0.48425769805908203
2006-05-02,0.4840855002403259
2006-05-03,0.48391661047935486
2006-05-04,0.48375093936920166
2006-05-05,0.48358842730522156
2006-05-06,0.4834290146827698
2006-05-07,0.4832726716995239
2006-05-08,0.48311927914619446
2006-05-09,0.482968807220459
2006-05-10,0.48282119631767273
2006-05-11,0.482858270406723
2006-05-12,0.48351746797561646
2006-05-13,0.4849143326282501
2006-05-14,0.48519325256347656
2006-05-15,0.4907350540161133
2006-05-16,0.4953429698944092
2006-05-17,0.4909266531467438
2006-05-18,0.49056750535964966
2006-05-19,0.49027353525161743
2006-05-20,0.4899851083755493
2006-05-21,0.4897021949291229
2006-05-22,0.4894246757030487
2006-05-23,0.4891525208950043
2006-05-24,0.4888856112957001
2006-05-25,0.4886239171028137
2006-05-26,0.48836731910705566
2006-05-27,0.4949388802051544
2006-05-28,0.4997430145740509
2006-05-29,0.5124222040176392
2006-05-30,0.5248517990112305
2006-05-31,0.5132337808609009
2006-06-01,0.6771438717842102
2006-06-02,0.7998025417327881
2006-06-03,0.7006867527961731
2006-06-04,0.6929670572280884
2006-06-05,0.6868146061897278
2006-06-06,0.6808510422706604
2006-06-07,0.6750819087028503
2006-06-08,0.6695078015327454
2006-06-09,0.6641265153884888
2006-06-10,0.658932626247406
2006-06-11,0.6539205312728882
2006-06-12,0.64908367395401
2006-06-13,0.6444153189659119
2006-06-14,0.6399088501930237
2006-06-15,0.6355576515197754
2006-06-16,0.6313549876213074
2006-06-17,0.6272944211959839
2006-06-18,0.6233697533607483
2006-06-19,0.6195750832557678
2006-06-20,0.6159047484397888
2006-06-21,0.612353503704071
2006-06-22,0.6089161038398743
2006-06-23,0.6055878400802612
2006-06-24,0.6023640632629395
2006-06-25,0.5994066596031189
2006-06-26,0.5964990258216858
2006-06-27,0.5934641361236572
2006-06-28,0.5906103253364563
2006-06-29,0.587843120098114
2006-06-30,0.595524251461029
2006-07-01,0.6004249453544617
2006-07-02,0.5916464328765869
2006-07-03,0.5887665748596191
2006-07-04,0.5860564708709717
2006-07-05,0.5834248065948486
2006-07-06,0.5808696746826172
2006-07-07,0.5822585225105286
2006-07-08,0.5993455648422241
2006-07-09,0.6182351112365723
2006-07-10,0.6140398383140564
2006-07-11,0.6042062044143677
2006-07-12,0.6009464859962463
2006-07-13,0.597875714302063
2006-07-14,0.594896137714386
2006-07-15,0.5920049548149109
2006-07-16,0.5891992449760437
2006-07-17,0.5864759683609009
2006-07-18,0.5838322043418884
2006-07-19,0.5812650918960571
2006-07-20,0.5787719488143921
2006-07-21,0.5763500332832336
2006-07-22,0.5739967823028564
2006-07-23,0.5717096924781799
2006-07-24,0.5694865584373474
2006-07-25,0.5673249363899231
2006-07-26,0.5652226805686951
2006-07-27,0.5632172226905823
2006-07-28,0.5612563490867615
2006-07-29,0.5592958927154541
2006-07-30,0.5574098229408264
2006-07-31,0.5555739998817444
2006-08-01,0.5537864565849304
2006-08-02,0.5520455837249756
2006-08-03,0.5510120391845703
2006-08-04,0.5512827634811401
2006-08-05,0.5526957511901855
2006-08-06,0.5519468784332275
2006-08-07,0.5488645434379578
2006-08-08,0.5472307205200195
2006-08-09,0.5456585884094238
2006-08-10,0.5441260933876038
2006-08-11,0.542631983757019
2006-08-12,0.5411751866340637
2006-08-13,0.5397545099258423
2006-08-14,0.5383688807487488
2006-08-15,0.537017285823822
2006-08-16,0.535698652267456
2006-08-17,0.5344119668006897
2006-08-18,0.5331563949584961
2006-08-19,0.5319309830665588
2006-08-20,0.5307348370552063
2006-08-21,0.5295671224594116
2006-08-22,0.5285346508026123
2006-08-23,0.5276564955711365
2006-08-24,0.5266156792640686
2006-08-25,0.5254510641098022
2006-08-26,0.5244059562683105
2006-08-27,0.5233863592147827
2006-08-28,0.5223902463912964
2006-08-29,0.521416962146759
2006-08-30,0.5204659104347229
2006-08-31,0.5195364952087402
2006-09-01,0.5186281800270081
2006-09-02,0.5177403092384338
2006-09-03,0.5168724060058594
2006-09-04,0.5160239338874817
2006-09-05,0.5151943564414978
2006-09-06,0.5143831968307495
2006-09-07,0.5135900378227234
2006-09-08,0.5128143429756165
2006-09-09,0.5120867490768433
2006-09-10,0.5168653130531311
2006-09-11,0.5553877353668213
2006-09-12,0.6744981408119202
2006-09-13,1.5016891956329346
2006-09-14,2.9361965656280518
2006-09-15,3.013911485671997
2006-09-16,2.519998788833618
2006-09-17,2.4401633739471436
2006-09-18,3.0872435569763184
2006-09-19,3.179220676422119
2006-09-20,2.6909632682800293
2006-09-21,2.417116165161133
2006-09-22,2.2016849517822266
2006-09-23,2.0262911319732666
2006-09-24,3.66389536857605
2006-09-25,4.295803546905518
2006-09-26,3.3723297119140625
2006-09-27,2.922118902206421
2006-09-28,2.593139410018921
2006-09-29,2.3391425609588623
2006-09-30,2.1368515491485596
2006-10-01,1.9717929363250732
2006-10-02,1.8344793319702148
2006-10-03,1.7184221744537354
2006-10-04,1.6190341711044312
2006-10-05,1.5329960584640503
2006-10-06,1.4577999114990234
2006-10-07,1.391505241394043
2006-10-08,1.3326135873794556
2006-10-09,1.2799526453018188
2006-10-10,1.232588529586792
2006-10-11,1.1897704601287842
2006-10-12,8.996426582336426
2006-10-13,11.035066604614258
2006-10-14,6.611214637756348
2006-10-15,4.925182819366455
2006-10-16,3.9777767658233643
2006-10-17,3.362409830093384
2006-10-18,2.9284937381744385
2006-10-19,2.6053409576416016
2006-10-20,2.3552308082580566
2006-10-21,2.1554181575775146
2006-10-22,1.9918421506881714
2006-10-23,1.8557209968566895
2006-10-24,1.7406126260757446
2006-10-25,1.6416172981262207
2006-10-26,1.555382251739502
2006-10-27,1.479620337486267
2006-10-28,1.4126601219177246
2006-10-29,1.3531010150909424
2006-10-30,1.2997384071350098
2006-10-31,1.251626968383789
2006-11-01,1.2080152034759521
2006-11-02,1.2213470935821533
2006-11-03,1.3329050540924072
2006-11-04,1.3460320234298706
2006-11-05,1.2585896253585815
2006-11-06,1.2139651775360107
2006-11-07,1.1739085912704468
2006-11-08,1.1372895240783691
2006-11-09,1.1036931276321411
2006-11-10,1.0727673768997192
2006-11-11,1.1287167072296143
2006-11-12,1.2094165086746216
2006-11-13,1.178462266921997
2006-11-14,1.1237058639526367
2006-11-15,1.0910634994506836
2006-11-16,1.0612825155258179
2006-11-17,1.0337823629379272
2006-11-18,1.008293867111206
2006-11-19,0.9846075177192688
2006-11-20,0.9625459909439087
2006-11-21,0.9419570565223694
2006-11-22,0.922702431678772
2006-11-23,0.9046546220779419
2006-11-24,0.88770592212677
2006-11-25,0.8717619180679321
2006-11-26,0.8567367196083069
2006-11-27,0.842555582523346
2006-11-28,0.8291524052619934
2006-11-29,0.8164669275283813
2006-11-30,0.8044470548629761
2006-12-01,0.7930485010147095
2006-12-02,0.7822264432907104
2006-12-03,0.7719377279281616
2006-12-04,0.7621469497680664
2006-12-05,0.7528200149536133
2006-12-06,0.7439241409301758
2006-12-07,0.7354309558868408
2006-12-08,0.7942856550216675
2006-12-09,0.8334953188896179
2006-12-10,0.7901080846786499
2006-12-11,0.7790745496749878
2006-12-12,0.7690326571464539
2006-12-13,0.7594588398933411
2006-12-14,0.7503217458724976
2006-12-15,0.7415938377380371
2006-12-16,0.733250617980957
2006-12-17,0.7252694964408875
2006-12-18,0.7176287770271301
2006-12-19,0.7103090286254883
2006-12-20,0.7072057723999023
2006-12-21,0.7032372951507568
2006-12-22,0.6994462013244629
2006-12-23,0.6964576840400696
2006-12-24,0.6876474022865295
2006-12-25,0.6815247535705566
2006-12-26,0.6756739020347595
2006-12-27,0.6700451970100403
2006-12-28,0.6646260619163513
2006-12-29,0.6594055891036987
2006-12-30,0.6543749570846558
2006-12-31,0.6495252251625061
2007-01-01,0.6448474526405334
2007-01-02,0.6403338313102722
2007-01-03,0.6359769701957703
2007-01-04,0.6317704916000366
2007-01-05,0.6277059316635132
2007-01-06,0.6237757205963135
2007-01-07,0.619975209236145
2007-01-08,0.6162989139556885
2007-01-09,0.6127414107322693
2007-01-10,0.6092974543571472
2007-01-11,0.6059621572494507
2007-01-12,0.602730929851532
2007-01-13,0.5995994806289673
2007-01-14,0.5965638756752014
2007-01-15,0.5936204195022583
2007-01-16,0.590765655040741
2007-01-17,0.587996244430542
2007-01-18,0.5853085517883301
2007-01-19,0.5826994180679321
2007-01-20,0.5801658630371094
2007-01-21,0.5777050852775574
2007-01-22,0.575314462184906
2007-01-23,0.5735610127449036
2007-01-24,0.5748732686042786
2007-01-25,0.5753179788589478
2007-01-26,0.5717387795448303
2007-01-27,0.5692912936210632
2007-01-28,0.5672759413719177
2007-01-29,0.5650709867477417
2007-01-30,0.5630316138267517
2007-01-31,0.5610483884811401
2007-02-01,0.5591180920600891
2007-02-02,0.5572388768196106
2007-02-03,0.5662913918495178
2007-02-04,0.6409441232681274
2007-02-05,0.6826746463775635
2007-02-06,0.6398274302482605
2007-02-07,0.6350485682487488
2007-02-08,0.6309640407562256
2007-02-09,0.6270002722740173
2007-02-10,0.6408315896987915
2007-02-11,0.6498358249664307
2007-02-12,0.6359561085700989
2007-02-13,0.6316816210746765
2007-02-14,0.627678394317627
2007-02-15,0.6238043308258057
2007-02-16,0.6200542449951172
2007-02-17,0.6164190173149109
2007-02-18,0.6128941178321838
2007-02-19,0.6094760298728943
2007-02-20,0.6061595678329468
2007-02-21,0.6029413938522339
2007-02-22,0.599819004535675
2007-02-23,0.5967893004417419
2007-02-24,0.593848466873169
2007-02-25,0.5909938216209412
2007-02-26,0.5882228016853333
2007-02-27,0.5855323672294617
2007-02-28,0.5829195976257324
2007-03-01,0.5803816318511963
2007-03-02,0.5779162049293518
2007-03-03,0.5755207538604736
2007-03-04,0.5731927156448364
2007-03-05,0.5709297060966492
2007-03-06,0.5687295198440552
2007-03-07,0.5665898323059082
2007-03-08,0.5645085573196411
2007-03-09,0.5624836683273315
2007-03-10,0.5605132579803467
2007-03-11,0.5585955381393433
2007-03-12,0.5567286610603333
2007-03-13,0.5549110770225525
2007-03-14,0.5531410574913025
2007-03-15,0.5514170527458191
2007-03-16,0.5497376322746277
2007-03-17,0.5481013059616089
2007-03-18,0.5465067625045776
2007-03-19,0.5449526906013489
2007-03-20,0.5434377789497375
2007-03-21,0.5419607758522034
2007-03-22,0.5405205488204956
2007-03-23,0.5391160249710083
2007-03-24,0.5377460718154907
2007-03-25,0.5364096760749817
2007-03-26,0.5352356433868408
2007-03-27,0.5340583920478821
2007-03-28,0.5327348709106445
2007-03-29,0.5315183997154236
2007-03-30,0.530332088470459
2007-03-31,0.5291739106178284
2007-04-01,0.5297954082489014
2007-04-02,0.5350229144096375
2007-04-03,0.5459266901016235
2007-04-04,0.5564464926719666
2007-04-05,0.5584591031074524
2007-04-06,0.5544652938842773
2007-04-07,0.5507339239120483
2007-04-08,0.5490592122077942
2007-04-09,0.5474536418914795
2007-04-10,0.5458851456642151
2007-04-11,0.5443533062934875
2007-04-12,0.5428581237792969
2007-04-13,0.5413990616798401
2007-04-14,0.5399751663208008
2007-04-15,0.5385859608650208
2007-04-16,0.5372306108474731
2007-04-17,0.535908043384552
2007-04-18,0.5346173048019409
2007-04-19,0.5333574414253235
2007-04-20,0.5321276783943176
2007-04-21,0.5309271812438965
2007-04-22,0.529755175113678
2007-04-23,0.5286108255386353
2007-04-24,0.5274934768676758
2007-04-25,0.5264022350311279
2007-04-26,0.5253364443778992
2007-04-27,0.5242953896522522
2007-04-28,0.5232783555984497
2007-04-29,0.522284746170044
2007-04-30,0.5213139653205872
2007-05-01,0.520365297794342
2007-05-02,0.5194381475448608
2007-05-03,0.5185320377349854
2007-05-04,0.5176463723182678
2007-05-05,0.5171929597854614
2007-05-06,0.516649603843689
2007-05-07,0.5155580043792725
2007-05-08,0.518363356590271
2007-05-09,0.5202316641807556
2007-05-10,0.5171259641647339
2007-05-11,0.5162404179573059
2007-05-12,0.5154063701629639
2007-05-13,0.5145907402038574
2007-05-14,0.5137931704521179
2007-05-15,0.5130131244659424
2007-05-16,0.5122502446174622
2007-05-17,0.5115041136741638
2007-05-18,0.5107742547988892
2007-05-19,0.5100602507591248
2007-05-20,0.5110704898834229
2007-05-21,0.5238645076751709
2007-05-22,0.5311042666435242
2007-05-23,0.5225790143013
2007-05-24,0.5214971899986267
2007-05-25,0.5427190661430359
2007-05-26,0.6295483708381653
2007-05-27,0.6672748327255249
2007-05-28,0.6529087424278259
2007-05-29,0.6706266403198242
2007-05-30,0.6494759917259216
2007-05-31,0.6446537971496582
2007-06-01,0.640235424041748
2007-06-02,0.6359618902206421
2007-06-03,0.631794810295105
2007-06-04,0.649908185005188
2007-06-05,0.732133686542511
2007-06-06,0.765865683555603
2007-06-07,0.7218067646026611
2007-06-08,0.7138692736625671
2007-06-09,0.8857606053352356
2007-06-10,1.0058753490447998
2007-06-11,0.9052029848098755
2007-06-12,0.8872103691101074
2007-06-13,0.8713979125022888
2007-06-14,0.8564350008964539
2007-06-15,0.8542391657829285
2007-06-16,0.8489772081375122
2007-06-17,0.8301556706428528
2007-06-18,0.8173214793205261
2007-06-19,0.8052292466163635
2007-06-20,0.7937546372413635
2007-06-21,0.7828572392463684
2007-06-22,0.772497832775116
2007-06-23,0.7626397013664246
2007-06-24,0.9930763840675354
2007-06-25,1.1518231630325317
2007-06-26,1.0212756395339966
2007-06-27,1.0458258390426636
2007-06-28,1.0559513568878174
2007-06-29,1.2355091571807861
2007-06-30,1.753372073173523
2007-07-01,2.023181915283203
2007-07-02,2.077298641204834
2007-07-03,2.0129077434539795
2007-07-04,3.3568928241729736
2007-07-05,4.3844523429870605
2007-07-06,3.7111730575561523
2007-07-07,3.1232736110687256
2007-07-08,2.7431540489196777
2007-07-09,2.455007314682007
2007-07-10,2.2282800674438477
2007-07-11,2.045149564743042
2007-07-12,1.8943148851394653
2007-07-13,1.7678967714309692
2007-07-14,1.660318374633789
2007-07-15,1.5677417516708374
2007-07-16,1.4872686862945557
2007-07-17,2.0964601039886475
2007-07-18,2.4092917442321777
2007-07-19,2.054513692855835
2007-07-20,2.0726490020751953
2007-07-21,2.029787063598633
2007-07-22,1.8483684062957764
2007-07-23,1.7292300462722778
2007-07-24,1.627742052078247
2007-07-25,1.5402425527572632
2007-07-26,1.5096995830535889
2007-07-27,1.515470027923584
2007-07-28,2.02398681640625
2007-07-29,2.254375457763672
2007-07-30,1.9510071277618408
2007-07-31,1.8142130374908447
2007-08-01,1.700379729270935
2007-08-02,1.6027013063430786
2007-08-03,1.5180124044418335
2007-08-04,1.4439233541488647
2007-08-05,1.3785878419876099
2007-08-06,1.3205593824386597
2007-08-07,1.2686971426010132
2007-08-08,1.2220820188522339
2007-08-09,1.1799649000167847
2007-08-10,1.1417332887649536
2007-08-11,1.1068795919418335
2007-08-12,1.0749802589416504
2007-08-13,1.0456780195236206
2007-08-14,1.0186704397201538
2007-08-15,0.9937006235122681
2007-08-16,0.9705482721328735
2007-08-17,0.9490238428115845
2007-08-18,0.9289634227752686
2007-08-19,0.9102242588996887
2007-08-20,0.8926814794540405
2007-08-21,0.9242491722106934
2007-08-22,1.5190796852111816
2007-08-23,1.8620655536651611
2007-08-24,1.5766521692276
2007-08-25,1.4936094284057617
2007-08-26,1.977616548538208
2007-08-27,3.341869354248047
2007-08-28,3.5144715309143066
2007-08-29,4.599479675292969
2007-08-30,5.666103839874268
2007-08-31,4.75760555267334
2007-09-01,3.8048768043518066
2007-09-02,30.82917594909668
2007-09-03,21.74607276916504
2007-09-04,9.49616813659668
2007-09-05,6.3457159996032715
2007-09-06,4.865234851837158
2007-09-07,3.9880218505859375
2007-09-08,3.401777982711792
2007-09-09,2.9796111583709717
2007-09-10,2.659921646118164
2007-09-11,2.4086387157440186
2007-09-12,2.2054309844970703
2007-09-13,2.0375008583068848
2007-09-14,1.8962876796722412
2007-09-15,1.7759169340133667
2007-09-16,1.6721992492675781
2007-09-17,2.8397037982940674
2007-09-18,3.3904988765716553
2007-09-19,2.7589120864868164
2007-09-20,2.4654810428619385
2007-09-21,2.238834857940674
2007-09-22,2.0558860301971436
2007-09-23,1.905016303062439
2007-09-24,1.7784250974655151
2007-09-25,1.6706715822219849
2007-09-26,1.5778350830078125
2007-09-27,1.497017741203308
2007-09-28,1.426045536994934
2007-09-29,1.3632553815841675
2007-09-30,1.3073163032531738
2007-10-01,1.2571648359298706
2007-10-02,1.2119636535644531
2007-10-03,1.1710238456726074
2007-10-04,1.1337765455245972
2007-10-05,1.0997518301010132
2007-10-06,1.0685558319091797
2007-10-07,1.0740138292312622
2007-10-08,1.0693767070770264
2007-10-09,1.0285669565200806
2007-10-10,1.0939838886260986
2007-10-11,1.1292811632156372
2007-10-12,1.0636650323867798
2007-10-13,1.0350277423858643
2007-10-14,1.0090560913085938
2007-10-15,0.9849696755409241
2007-10-16,0.9625762701034546
2007-10-17,0.9417080283164978
2007-10-18,0.9222180247306824
2007-10-19,0.9039788246154785
2007-10-20,0.9045040011405945
2007-10-21,0.9002307653427124
2007-10-22,0.8799877762794495
2007-10-23,0.8670170307159424
2007-10-24,0.8506020307540894
2007-10-25,0.836656391620636
2007-10-26,0.8235044479370117
2007-10-27,0.8110609650611877
2007-10-28,0.7992725968360901
2007-10-29,0.7880910038948059
2007-10-30,0.7774717807769775
2007-10-31,0.7673748731613159
2007-11-01,0.7577641606330872
2007-11-02,0.74860680103302
2007-11-03,0.7398726344108582
2007-11-04,0.7315343022346497
2007-11-05,0.7235668301582336
2007-11-06,0.7159472703933716
2007-11-07,0.7086544036865234
2007-11-08,0.7016686797142029
2007-11-09,0.6949720978736877
2007-11-10,0.6885480880737305
2007-11-11,0.6823811531066895
2007-11-12,0.6764571666717529
2007-11-13,0.6707628965377808
2007-11-14,0.6652860641479492
2007-11-15,0.6600152254104614
2007-11-16,0.6549397706985474
2007-11-17,0.6500497460365295
2007-11-18,0.6462821960449219
2007-11-19,0.657031774520874
2007-11-20,0.6625418663024902
2007-11-21,0.6498192548751831
2007-11-22,0.6450088024139404
2007-11-23,0.6404813528060913
2007-11-24,0.6361119151115417
2007-11-25,0.6318928003311157
2007-11-26,0.6278170943260193
2007-11-27,0.6238781213760376
2007-11-28,0.620069682598114
2007-11-29,0.6163859367370605
2007-11-30,0.6128215193748474
2007-12-01,0.6093712449073792
2007-12-02,0.606030285358429
2007-12-03,0.6027941703796387
2007-12-04,0.5996585488319397
2007-12-05,0.5966193675994873
2007-12-06,0.5936726927757263
2007-12-07,0.5908147692680359
2007-12-08,0.588042140007019
2007-12-09,0.5853515267372131
2007-12-10,0.5827397108078003
2007-12-11,0.5802037715911865
2007-12-12,0.5777407884597778
2007-12-13,0.5753480195999146
2007-12-14,0.5730230212211609
2007-12-15,0.5707632303237915
2007-12-16,0.5685663223266602
2007-12-17,0.5664300918579102
2007-12-18,0.5643523335456848
2007-12-19,0.5623310208320618
2007-12-20,0.5603642463684082
2007-12-21,0.5584501028060913
2007-12-22,0.5565868616104126
2007-12-23,0.5547727942466736
2007-12-24,0.5530062317848206
2007-12-25,0.5512856245040894
2007-12-26,0.5496095418930054
2007-12-27,0.5479764938354492
2007-12-28,0.5463851094245911
2007-12-29,0.5448340773582458
2007-12-30,0.5433221459388733
2007-12-31,0.5418480634689331
2008-01-01,0.5404106378555298
2008-01-02,0.5390087962150574
2008-01-03,0.5376415252685547
2008-01-04,0.5363076329231262
2008-01-05,0.5350062251091003
2008-01-06,0.5337363481521606
2008-01-07,0.532496988773346
2008-01-08,0.5312873721122742
2008-01-09,0.5301065444946289
2008-01-10,0.5294772982597351
2008-01-11,0.5287354588508606
2008-01-12,0.5273045897483826
2008-01-13,0.5262131094932556
2008-01-14,0.5251516699790955
2008-01-15,0.5241148471832275
2008-01-16,0.5231020450592041
2008-01-17,0.5221124887466431
2008-01-18,0.5211455821990967
2008-01-19,0.5202007293701172
2008-01-20,0.5192773938179016
2008-01-21,0.5183748602867126
2008-01-22,0.5174927115440369
2008-01-23,0.5166304111480713
2008-01-24,0.5157873034477234
2008-01-25,0.5149630308151245
2008-01-26,0.5141570568084717
2008-01-27,0.5133688449859619
2008-01-28,0.5125980377197266
2008-01-29,0.5118441581726074
2008-01-30,0.5111067891120911
2008-01-31,0.5103854537010193
2008-02-01,0.5096797943115234
2008-02-02,0.5089894533157349
2008-02-03,0.5083140134811401
2008-02-04,0.5076531767845154
2008-02-05,0.5070064663887024
2008-02-06,0.5063735842704773
2008-02-07,0.5057541728019714
2008-02-08,0.5051479935646057
2008-02-09,0.5045546889305115
2008-02-10,0.5039739012718201
2008-02-11,0.5036736130714417
2008-02-12,0.503314733505249
2008-02-13,0.5025960803031921
2008-02-14,0.5020540952682495
2008-02-15,0.5015258193016052
2008-02-16,0.5010086297988892
2008-02-17,0.5005021095275879
2008-02-18,0.5000061392784119
2008-02-19,0.4995204508304596
2008-02-20,0.4990447759628296
2008-02-21,0.49857890605926514
2008-02-22,0.4981226325035095
2008-02-23,0.49767568707466125
2008-02-24,0.4972379207611084
2008-02-25,0.49680909514427185
2008-02-26,0.4963890016078949
2008-02-27,0.4959774315357208
2008-02-28,0.4955742657184601
2008-02-29,0.4951792359352112
2008-03-01,0.4947921931743622
2008-03-02,0.49441298842430115
2008-03-03,0.49446985125541687
2008-03-04,0.49442219734191895
2008-03-05,0.49378544092178345
2008-03-06,0.49342265725135803
2008-03-07,0.49307096004486084
2008-03-08,0.49272632598876953
2008-03-09,0.4923885762691498
2008-03-10,0.49205756187438965
2008-03-11,0.4917331337928772
2008-03-12,0.4914151430130005
2008-03-13,0.49110347032546997
2008-03-14,0.4907979965209961
2008-03-15,0.49049854278564453
2008-03-16,0.4902050197124481
2008-03-17,0.4899172782897949
2008-03-18,0.4896351993083954
2008-03-19,0.48935869336128235
2008-03-20,0.48908761143684387
2008-03-21,0.4888218343257904
2008-03-22,0.4885613024234772
2008-03-23,0.48830583691596985
2008-03-24,0.48805537819862366
2008-03-25,0.48780980706214905
2008-03-26,0.48756900429725647
2008-03-27,0.48733291029930115
2008-03-28,0.48710140585899353
2008-03-29,0.48687440156936646
2008-03-30,0.48665177822113037
2008-03-31,0.4864335060119629
2008-04-01,0.4862194359302521
2008-04-02,0.48600950837135315
2008-04-03,0.48580363392829895
2008-04-04,0.4856017529964447
2008-04-05,0.48540374636650085
2008-04-06,0.48520955443382263
2008-04-07,0.48501911759376526
2008-04-08,0.4848323166370392
2008-04-09,0.484649121761322
2008-04-10,0.4844694137573242
2008-04-11,0.4842931628227234
2008-04-12,0.48412030935287476
2008-04-13,0.48395073413848877
2008-04-14,0.48378440737724304
2008-04-15,0.4836212694644928
2008-04-16,0.4834612309932709
2008-04-17,0.4833042621612549
2008-04-18,0.48315027356147766
2008-04-19,0.48299920558929443
2008-04-20,0.4828510284423828
2008-04-21,0.48270565271377563
2008-04-22,0.4825630486011505
2008-04-23,0.48242560029029846
2008-04-24,0.4822901785373688
2008-04-25,0.48215392231941223
2008-04-26,0.48258158564567566
2008-04-27,0.5524225234985352
2008-04-28,0.7930236458778381
2008-04-29,0.888756513595581
2008-04-30,0.7786327600479126
2008-05-01,0.7676196694374084
2008-05-02,0.7584059238433838
2008-05-03,0.7495139837265015
2008-05-04,0.7409553527832031
2008-05-05,0.7327262759208679
2008-05-06,0.7248496413230896
2008-05-07,0.7173007130622864
2008-05-08,0.7100253701210022
2008-05-09,0.7030337452888489
2008-05-10,0.696316123008728
2008-05-11,0.6898718476295471
2008-05-12,0.6836889386177063
2008-05-13,0.6777420043945312
2008-05-14,0.6720252633094788
2008-05-15,0.6665260791778564
2008-05-16,0.7628982663154602
2008-05-17,1.0954145193099976
2008-05-18,1.2186923027038574
2008-05-19,1.076336145401001
2008-05-20,1.046309232711792
2008-05-21,1.0199637413024902
2008-05-22,0.995392918586731
2008-05-23,0.9724544286727905
2008-05-24,0.9510259628295898
2008-05-25,0.9309905171394348
2008-05-26,0.9122300148010254
2008-05-27,0.8946375250816345
2008-05-28,0.8781158924102783
2008-05-29,0.8625762462615967
2008-05-30,0.8479375839233398
2008-05-31,0.8341268301010132
2008-06-01,0.821078896522522
2008-06-02,0.8087348341941833
2008-06-03,0.7970414161682129
2008-06-04,0.7859503030776978
2008-06-05,0.7754178047180176
2008-06-06,0.7901051640510559
2008-06-07,0.7976499795913696
2008-06-08,0.8294000029563904
2008-06-09,0.8565702438354492
2008-06-10,0.81855309009552
2008-06-11,0.8292214870452881
2008-06-12,0.8335893154144287
2008-06-13,0.8105243444442749
2008-06-14,0.7986264824867249
2008-06-15,0.7874851226806641
2008-06-16,0.7768968343734741
2008-06-17,0.7668253183364868
2008-06-18,0.7572363615036011
2008-06-19,0.7480983734130859
2008-06-20,0.7393823266029358
2008-06-21,0.7319592833518982
2008-06-22,0.7257351875305176
2008-06-23,0.7184085845947266
2008-06-24,0.7104761004447937
2008-06-25,0.7034043669700623
2008-06-26,0.6966346502304077
2008-06-27,0.6901417374610901
2008-06-28,0.6839099526405334
2008-06-29,0.6779248118400574
2008-06-30,0.6721728444099426
2008-07-01,0.6666414737701416
2008-07-02,0.6613190770149231
2008-07-03,1.0707215070724487
2008-07-04,1.3660882711410522
2008-07-05,1.149388074874878
2008-07-06,1.6487512588500977
2008-07-07,1.9503717422485352
2008-07-08,1.6811226606369019
2008-07-09,1.58583664894104
2008-07-10,2.2753119468688965
2008-07-11,2.615485668182373
2008-07-12,2.2146897315979004
2008-07-13,2.0321438312530518
2008-07-14,1.883921504020691
2008-07-15,1.759360432624817
2008-07-16,1.653253436088562
2008-07-17,1.5618220567703247
2008-07-18,1.4822553396224976
2008-07-19,1.4125890731811523
2008-07-20,1.35103178024292
2008-07-21,1.2960824966430664
2008-07-22,1.2468045949935913
2008-07-23,1.2024418115615845
2008-07-24,1.1622812747955322
2008-07-25,1.1256977319717407
2008-07-26,1.0922638177871704
2008-07-27,1.0615969896316528
2008-07-28,1.0333729982376099
2008-07-29,1.007315993309021
2008-07-30,0.983188807964325
2008-07-31,0.960787832736969
2008-08-01,0.9399383068084717
2008-08-02,0.9204859733581543
2008-08-03,0.9022949934005737
2008-08-04,0.885249137878418
2008-08-05,0.8692452311515808
2008-08-06,0.8541921973228455
2008-08-07,0.8400092124938965
2008-08-08,0.8266243934631348
2008-08-09,0.813973605632782
2008-08-10,0.8019993901252747
2008-08-11,0.7906501889228821
2008-08-12,0.7798795104026794
2008-08-13,0.7696455121040344
2008-08-14,0.7599102854728699
2008-08-15,0.7597010135650635
2008-08-16,0.7571452260017395
2008-08-17,0.7437947392463684
2008-08-18,0.7370136380195618
2008-08-19,0.7490517497062683
2008-08-20,0.7534962296485901
2008-08-21,0.7356189489364624
2008-08-22,0.7422426342964172
2008-08-23,0.7448819279670715
2008-08-24,0.7695313692092896
2008-08-25,0.8585295677185059
2008-08-26,0.8769307136535645
2008-08-27,0.8313024044036865
2008-08-28,0.871291995048523
2008-08-29,0.8956161141395569
2008-08-30,0.9250601530075073
2008-08-31,1.0434608459472656
2008-09-01,1.0533190965652466
2008-09-02,0.9935138821601868
2008-09-03,0.9703827500343323
2008-09-04,0.949242889881134
2008-09-05,1.2962405681610107
2008-09-06,3.312523603439331
2008-09-07,4.0428314208984375
2008-09-08,3.160940408706665
2008-09-09,2.766185998916626
2008-09-10,2.4732019901275635
2008-09-11,2.243642568588257
2008-09-12,2.058685064315796
2008-09-13,4.337752342224121
2008-09-14,22.812698364257812
2008-09-15,16.79293441772461
2008-09-16,8.4496431350708
2008-09-17,5.875877857208252
2008-09-18,4.588666915893555
2008-09-19,3.8039369583129883
2008-09-20,3.270947217941284
2008-09-21,2.8825957775115967
2008-09-22,2.5855917930603027
2008-09-23,2.3504364490509033
2008-09-24,2.1593308448791504
2008-09-25,2.0008556842803955
2008-09-26,1.867230772972107
2008-09-27,1.7529487609863281
2008-09-28,1.6540489196777344
2008-09-29,1.5676416158676147
2008-09-30,1.4915034770965576
2008-10-01,1.423903465270996
2008-10-02,1.3635004758834839
2008-10-03,1.3092145919799805
2008-10-04,1.2601991891860962
2008-10-05,1.2157505750656128
2008-10-06,1.1752737760543823
2008-10-07,1.2002569437026978
2008-10-08,1.2050671577453613
2008-10-09,1.1454750299453735
2008-10-10,1.1107276678085327
2008-10-11,1.079099178314209
2008-10-12,1.0500688552856445
2008-10-13,1.133075475692749
2008-10-14,1.178910732269287
2008-10-15,1.1039100885391235
2008-10-16,1.1237503290176392
2008-10-17,1.2583167552947998
2008-10-18,1.289859652519226
2008-10-19,1.2008671760559082
2008-10-20,1.1612590551376343
2008-10-21,1.1256873607635498
2008-10-22,1.0930125713348389
2008-10-23,1.062909722328186
2008-10-24,1.0351064205169678
2008-10-25,1.0093492269515991
2008-10-26,0.9854181408882141
2008-10-27,1.0213148593902588
2008-10-28,1.0387145280838013
2008-10-29,0.9911064505577087
2008-10-30,0.968192994594574
2008-10-31,0.9471576809883118
2008-11-01,0.9274910688400269
2008-11-02,0.9090683460235596
2008-11-03,0.8917791247367859
2008-11-04,0.8755267262458801
2008-11-05,0.8602246642112732
2008-11-06,0.8457951545715332
2008-11-07,0.8321688175201416
2008-11-08,0.8192840814590454
2008-11-09,0.8070918917655945
2008-11-10,0.7955365777015686
2008-11-11,0.7845619320869446
2008-11-12,0.7741314768791199
2008-11-13,0.7735523581504822
2008-11-14,0.7705696821212769
2008-11-15,0.7565489411354065
2008-11-16,0.7474036812782288
2008-11-17,0.738743782043457
2008-11-18,0.7304732799530029
2008-11-19,0.7225675582885742
2008-11-20,0.7150039076805115
2008-11-21,0.7183270454406738
2008-11-22,0.7188112735748291
2008-11-23,0.7063071727752686
2008-11-24,0.6993613839149475
2008-11-25,0.6927756667137146
2008-11-26,0.6864540576934814
2008-11-27,0.6803818941116333
2008-11-28,0.6745457649230957
2008-11-29,0.6689331531524658
2008-11-30,0.6635326147079468
2008-12-01,0.6583334803581238
2008-12-02,0.6533253788948059
2008-12-03,0.64849853515625
2008-12-04,0.6438441872596741
2008-12-05,0.6393541097640991
2008-12-06,0.63502037525177
2008-12-07,0.6308355927467346
2008-12-08,0.6267927885055542
2008-12-09,0.6228854060173035
2008-12-10,0.6191074848175049
2008-12-11,0.6154534220695496
2008-12-12,0.6119177937507629
2008-12-13,0.6084953546524048
2008-12-14,0.6051812767982483
2008-12-15,0.6019709706306458
2008-12-16,0.5988602638244629
2008-12-17,0.5958449840545654
2008-12-18,0.5929213762283325
2008-12-19,0.5900856256484985
2008-12-20,0.587334394454956
2008-12-21,0.5846643447875977
2008-12-22,0.5820724368095398
2008-12-23,0.5795556902885437
2008-12-24,0.5771111845970154
2008-12-25,0.5747362971305847
2008-12-26,0.5724284052848816
2008-12-27,0.5701851844787598
2008-12-28,0.5680041909217834
2008-12-29,0.5658833384513855
2008-12-30,0.563820481300354
2008-12-31,0.5618135333061218
2009-01-01,0.5598605871200562
2009-01-02,0.5579598546028137
2009-01-03,0.5561095476150513
2009-01-04,0.5543079376220703
2009-01-05,0.5525534749031067
2009-01-06,0.5508446097373962
2009-01-07,0.5491798520088196
2009-01-08,0.5475577712059021
2009-01-09,0.545976996421814
2009-01-10,0.5444362163543701
2009-01-11,0.542934238910675
2009-01-12,0.5414698123931885
2009-01-13,0.5400417447090149
2009-01-14,0.5386490225791931
2009-01-15,0.5372905135154724
2009-01-16,0.5369168519973755
2009-01-17,0.5363202095031738
2009-01-18,0.5344592332839966
2009-01-19,0.533194363117218
2009-01-20,0.5319681167602539
2009-01-21,0.5307711362838745
2009-01-22,0.5296026468276978
2009-01-23,0.528461754322052
2009-01-24,0.5273477435112
2009-01-25,0.5262598395347595
2009-01-26,0.5251972675323486
2009-01-27,0.5241593718528748
2009-01-28,0.5231454968452454
2009-01-29,0.5221549272537231
2009-01-30,0.521550714969635
2009-01-31,0.5208719372749329
2009-02-01,0.5197157263755798
2009-02-02,0.5188001394271851
2009-02-03,0.5179084539413452
2009-02-04,0.5170367956161499
2009-02-05,0.5161846876144409
2009-02-06,0.5153515338897705
2009-02-07,0.5145369172096252
2009-02-08,0.5137403607368469
2009-02-09,0.5129613876342773
2009-02-10,0.5121995210647583
2009-02-11,0.5114544034004211
2009-02-12,0.5107254981994629
2009-02-13,0.5100125074386597
2009-02-14,0.5093149542808533
2009-02-15,0.508632481098175
2009-02-16,0.5079647302627563
2009-02-17,0.5073113441467285
2009-02-18,0.5066719651222229
2009-02-19,0.5060462355613708
2009-02-20,0.5054337978363037
2009-02-21,0.506072461605072
2009-02-22,0.5063982009887695
2009-02-23,0.5050232410430908
2009-02-24,0.5044216513633728
2009-02-25,0.5038437843322754
2009-02-26,0.5032780170440674
2009-02-27,0.5027241706848145
2009-02-28,0.5021819472312927
2009-03-01,0.5016510486602783
2009-03-02,0.5011312365531921
2009-03-03,0.5006222128868103
2009-03-04,0.5001237392425537
2009-03-05,0.49963563680648804
2009-03-06,0.4991576075553894
2009-03-07,0.4986894130706787
2009-03-08,0.49823087453842163
2009-03-09,0.4977817237377167
2009-03-10,0.4973417818546295
2009-03-11,0.49691081047058105
2009-03-12,0.49648866057395935
2009-03-13,0.4960750937461853
2009-03-14,0.4956699013710022
2009-03-15,0.4952729642391205
2009-03-16,0.49488404393196106
2009-03-17,0.4945029616355896
2009-03-18,0.49412956833839417
2009-03-19,0.49376368522644043
2009-03-20,0.49342072010040283
2009-03-21,0.49308085441589355
2009-03-22,0.4927263855934143
2009-03-23,0.4923884868621826
2009-03-24,0.4920574426651001
2009-03-25,0.49173301458358765
2009-03-26,0.49141502380371094
2009-03-27,0.4911033809185028
2009-03-28,0.49079787731170654
2009-03-29,0.490498423576355
2009-03-30,0.49020490050315857
2009-03-31,0.48991715908050537
2009-04-01,0.4896351099014282
2009-04-02,0.4893586039543152
2009-04-03,0.4890875220298767
2009-04-04,0.48882174491882324
2009-04-05,0.4885611832141876
2009-04-06,0.4883057475090027
2009-04-07,0.4880552887916565
2009-04-08,0.4878097176551819
2009-04-09,0.4875689148902893
2009-04-10,0.487332820892334
2009-04-11,0.48710131645202637
2009-04-12,0.4868743121623993
2009-04-13,0.4866517186164856
2009-04-14,0.4864334166049957
2009-04-15,0.4862193465232849
2009-04-16,0.4860094487667084
2009-04-17,0.4858035743236542
2009-04-18,0.48560166358947754
2009-04-19,0.48585519194602966
2009-04-20,0.4888705611228943
2009-04-21,0.49051111936569214
2009-04-22,0.48842042684555054
2009-04-23,0.4881419837474823
2009-04-24,0.4878949224948883
2009-04-25,0.48765262961387634
2009-04-26,0.48741501569747925
2009-04-27,0.48718196153640747
2009-04-28,0.4869534373283386
2009-04-29,0.48672935366630554
2009-04-30,0.4865095913410187
2009-05-01,0.48629409074783325
2009-05-02,0.4860827326774597
2009-05-03,0.4858754575252533
2009-05-04,0.4856721758842468
2009-05-05,0.48560991883277893
2009-05-06,0.485515832901001
2009-05-07,0.48523378372192383
2009-05-08,0.48504161834716797
2009-05-09,0.48485440015792847
2009-05-10,0.4846707582473755
2009-05-11,0.48449066281318665
2009-05-12,0.4843140244483948
2009-05-13,0.4841407537460327
2009-05-14,0.4839707911014557
2009-05-15,0.48410505056381226
2009-05-16,0.484164297580719
2009-05-17,0.5469205975532532
2009-05-18,0.5938490033149719
2009-05-19,0.5533535480499268
2009-05-20,0.5511149168014526
2009-05-21,0.549476683139801
2009-05-22,0.5478711724281311
2009-05-23,0.5462996363639832
2009-05-24,0.5447628498077393
2009-05-25,0.5432610511779785
2009-05-26,0.5417941212654114
2009-05-27,0.5403619408607483
2009-05-28,0.5389640927314758
2009-05-29,0.6874698400497437
2009-05-30,0.8792908191680908
2009-05-31,0.957136869430542
2009-06-01,1.0216479301452637
2009-06-02,1.0262762308120728
2009-06-03,1.0184361934661865
2009-06-04,0.9785968065261841
2009-06-05,0.9573628902435303
2009-06-06,0.9375169277191162
2009-06-07,0.918768048286438
2009-06-08,0.9010705351829529
2009-06-09,0.8843695521354675
2009-06-10,0.8686037063598633
2009-06-11,0.8537580370903015
2009-06-12,0.8397476077079773
2009-06-13,0.8264592885971069
2009-06-14,0.8138728141784668
2009-06-15,0.8019416928291321
2009-06-16,0.7906212210655212
2009-06-17,0.779869556427002
2009-06-18,0.7696481347084045
2009-06-19,0.7599210143089294
2009-06-20,0.7506551742553711
2009-06-21,0.7418201565742493
2009-06-22,0.7333881855010986
2009-06-23,0.7253336906433105
2009-06-24,0.7633139491081238
2009-06-25,1.0253915786743164
2009-06-26,1.158935308456421
2009-06-27,1.029490351676941
2009-06-28,1.0027711391448975
2009-06-29,0.9793512225151062
2009-06-30,0.957486093044281
2009-07-01,0.9504887461662292
2009-07-02,0.9402646422386169
2009-07-03,0.9157198071479797
2009-07-04,0.8978582620620728
2009-07-05,0.8811596632003784
2009-07-06,0.8654505014419556
2009-07-07,0.8506520390510559
2009-07-08,0.8366925120353699
2009-07-09,0.8235063552856445
2009-07-10,0.811034083366394
2009-07-11,0.7992218136787415
2009-07-12,0.7880204319953918
2009-07-13,0.7773852348327637
2009-07-14,0.7672760486602783
2009-07-15,0.7576561570167542
2009-07-16,0.7484921813011169
2009-07-17,0.7397537231445312
2009-07-18,0.731412947177887
2009-07-19,0.7234444618225098
2009-07-20,0.7158248424530029
2009-07-21,0.7085327506065369
2009-07-22,0.7015485167503357
2009-07-23,0.6948538422584534
2009-07-24,0.6884321570396423
2009-07-25,0.6822678446769714
2009-07-26,0.6763466000556946
2009-07-27,0.6706552505493164
2009-07-28,0.6651813387870789
2009-07-29,0.6599134802818298
2009-07-30,0.6548409461975098
2009-07-31,0.6499539017677307
2009-08-01,0.6452429294586182
2009-08-02,0.6406993865966797
2009-08-03,0.6363152861595154
2009-08-04,0.6320828795433044
2009-08-05,0.6279951333999634
2009-08-06,0.6240453720092773
2009-08-07,0.6202272176742554
2009-08-08,0.6165348887443542
2009-08-09,0.6129627227783203
2009-08-10,0.6095055341720581
2009-08-11,0.6061583757400513
2009-08-12,0.6029166579246521
2009-08-13,0.5997758507728577
2009-08-14,0.5967318415641785
2009-08-15,0.5937806963920593
2009-08-16,0.5909186601638794
2009-08-17,0.5881422758102417
2009-08-18,0.5854480862617493
2009-08-19,0.5828329920768738
2009-08-20,0.5802938938140869
2009-08-21,0.5778279900550842
2009-08-22,0.575432538986206
2009-08-23,0.5731049180030823
2009-08-24,0.5708426237106323
2009-08-25,0.56864333152771
2009-08-26,0.5665047764778137
2009-08-27,0.5644248723983765
2009-08-28,0.5624014735221863
2009-08-29,0.5604326725006104
2009-08-30,0.5633347630500793
2009-08-31,0.5649791359901428
2009-09-01,0.5601910352706909
2009-09-02,0.5582415461540222
2009-09-03,0.6137368083000183
2009-09-04,0.8771978616714478
2009-09-05,1.1822149753570557
2009-09-06,1.1772608757019043
2009-09-07,1.0745995044708252
2009-09-08,1.4524662494659424
2009-09-09,2.4427690505981445
2009-09-10,12.729229927062988
2009-09-11,12.589810371398926
2009-09-12,24.178661346435547
2009-09-13,16.319377899169922
2009-09-14,8.383517265319824
2009-09-15,5.862120151519775
2009-09-16,4.584295749664307
2009-09-17,5.82556676864624
2009-09-18,5.644412517547607
2009-09-19,4.324639797210693
2009-09-20,3.6154701709747314
2009-09-21,3.126441240310669
2009-09-22,2.765191078186035
2009-09-23,2.4872896671295166
2009-09-24,2.2671732902526855
2009-09-25,2.0881476402282715
2009-09-26,1.9391337633132935
2009-09-27,1.8128039836883545
2009-09-28,1.7042393684387207
2009-09-29,1.6099848747253418
2009-09-30,1.5274362564086914
2009-10-01,1.4545695781707764
2009-10-02,1.389819622039795
2009-10-03,2.5139000415802
2009-10-04,3.1137218475341797
2009-10-05,2.537156820297241
2009-10-06,2.2902307510375977
2009-10-07,2.096536159515381
2009-10-08,1.9378662109375
2009-10-09,1.8054819107055664
2009-10-10,1.693440556526184
2009-10-11,1.5973806381225586
2009-10-12,1.514028549194336
2009-10-13,1.4409986734390259
2009-10-14,1.3764865398406982
2009-10-15,1.3190950155258179
2009-10-16,1.2677243947982788
2009-10-17,1.2215090990066528
2009-10-18,1.1797257661819458
2009-10-19,1.1417568922042847
2009-10-20,1.1071057319641113
2009-10-21,1.0753586292266846
2009-10-22,1.0461655855178833
2009-10-23,1.0192350149154663
2009-10-24,0.9943200945854187
2009-10-25,0.9712042808532715
2009-10-26,0.9496997594833374
2009-10-27,1.1997406482696533
2009-10-28,1.3596975803375244
2009-10-29,1.2136718034744263
2009-10-30,1.1716604232788086
2009-10-31,1.1348657608032227
2009-11-01,1.1011996269226074
2009-11-02,1.070275902748108
2009-11-03,1.0417734384536743
2009-11-04,1.0154231786727905
2009-11-05,0.9909944534301758
2009-11-06,0.9682868123054504
2009-11-07,0.9471273422241211
2009-11-08,0.9273647665977478
2009-11-09,0.9088687896728516
2009-11-10,0.8915266990661621
2009-11-11,0.8752375245094299
2009-11-12,0.8599116206169128
2009-11-13,0.8454680442810059
2009-11-14,0.8318341970443726
2009-11-15,0.818945586681366
2009-11-16,0.8067448139190674
2009-11-17,0.7951815724372864
2009-11-18,0.7842094898223877
2009-11-19,0.7737848162651062
2009-11-20,0.7638686895370483
2009-11-21,0.7544265985488892
2009-11-22,0.7454268336296082
2009-11-23,0.7368399500846863
2009-11-24,0.7296319603919983
2009-11-25,0.72248774766922
2009-11-26,0.7144463062286377
2009-11-27,0.7072140574455261
2009-11-28,0.7002919912338257
2009-11-29,0.6936548948287964
2009-11-30,0.6892834901809692
2009-12-01,0.739874541759491
2009-12-02,0.7720776796340942
2009-12-03,0.7357308268547058
2009-12-04,0.7272652387619019
2009-12-05,0.7195705771446228
2009-12-06,0.7122035026550293
2009-12-07,0.7051399350166321
2009-12-08,0.6997606754302979
2009-12-09,0.694246768951416
2009-12-10,0.6872251629829407
2009-12-11,0.6811515688896179
2009-12-12,0.6753215193748474
2009-12-13,0.6697105765342712
2009-12-14,0.6643071174621582
2009-12-15,0.6668892502784729
2009-12-16,0.6674202084541321
2009-12-17,0.6581445932388306
2009-12-18,0.6531142592430115
2009-12-19,0.6483214497566223
2009-12-20,0.6436970829963684
2009-12-21,0.6392331123352051
2009-12-22,0.6349214911460876
2009-12-23,0.630756676197052
2009-12-24,0.6267329454421997
2009-12-25,0.6228426694869995
2009-12-26,0.6414904594421387
2009-12-27,0.6539807319641113
2009-12-28,0.6373803615570068
2009-12-29,0.6329798698425293
2009-12-30,0.6289020776748657
2009-12-31,0.6249566078186035
2010-01-01,0.6211382746696472
2010-01-02,0.6174435019493103
2010-01-03,0.6138693690299988
2010-01-04,0.610409140586853
2010-01-05,0.6070554256439209
2010-01-06,0.6038053631782532
2010-01-07,0.6006550192832947
2010-01-08,0.5985313653945923
2010-01-09,0.5962426662445068
2010-01-10,0.5928153395652771
2010-01-11,0.5899903178215027
2010-01-12,0.6075360178947449
2010-01-13,0.6195926070213318
2010-01-14,0.604892909526825
2010-01-15,0.6089981198310852
2010-01-16,0.6113058924674988
2010-01-17,0.603917121887207
2010-01-18,0.6007226705551147
2010-01-19,0.5976808071136475
2010-01-20,0.5947266221046448
2010-01-21,0.5918572545051575
2010-01-22,0.5890706777572632
2010-01-23,0.586363673210144
2010-01-24,0.5837337970733643
2010-01-25,0.5811790823936462
2010-01-26,0.5786969661712646
2010-01-27,0.5762845873832703
2010-01-28,0.573939323425293
2010-01-29,0.5716591477394104
2010-01-30,0.5694419741630554
2010-01-31,0.5672857761383057
2010-02-01,0.5651888251304626
2010-02-02,0.5631491541862488
2010-02-03,0.5762501358985901
2010-02-04,0.6025984883308411
2010-02-05,0.604056715965271
2010-02-06,0.5912330150604248
2010-02-07,0.588340163230896
2010-02-08,0.5856687426567078
2010-02-09,0.5830708742141724
2010-02-10,0.5805462002754211
2010-02-11,0.5780923366546631
2010-02-12,0.5757076740264893
2010-02-13,0.5733895897865295
2010-02-14,0.571133017539978
2010-02-15,0.5689372420310974
2010-02-16,0.5668008923530579
2010-02-17,0.5647220015525818
2010-02-18,0.5763745903968811
2010-02-19,0.584376335144043
2010-02-20,0.5741008520126343
2010-02-21,0.5717134475708008
2010-02-22,0.5695030689239502
2010-02-23,0.5673519372940063
2010-02-24,0.565258800983429
2010-02-25,0.5632214546203613
2010-02-26,0.5612376928329468
2010-02-27,0.5593059659004211
2010-02-28,0.5574249029159546
2010-03-01,0.5555926561355591
2010-03-02,0.55380779504776
2010-03-03,0.5520690679550171
2010-03-04,0.5503749847412109
2010-03-05,0.548724353313446
2010-03-06,0.5471157431602478
2010-03-07,0.5455475449562073
2010-03-08,0.544502854347229
2010-03-09,0.5433661341667175
2010-03-10,0.5416101217269897
2010-03-11,0.5401751399040222
2010-03-12,0.5387797355651855
2010-03-13,0.5374184846878052
2010-03-14,0.5360903739929199
2010-03-15,0.5347945690155029
2010-03-16,0.533530056476593
2010-03-17,0.5322958827018738
2010-03-18,0.5310912132263184
2010-03-19,0.5299152135848999
2010-03-20,0.5287669897079468
2010-03-21,0.5276458859443665
2010-03-22,0.5265510082244873
2010-03-23,0.5254817008972168
2010-03-24,0.5244372487068176
2010-03-25,0.5234169960021973
2010-03-26,0.5224201679229736
2010-03-27,0.5214462876319885
2010-03-28,0.5204945802688599
2010-03-29,0.5195645093917847
2010-03-30,0.51865553855896
2010-03-31,0.517767071723938
2010-04-01,0.5168985724449158
2010-04-02,0.5160495042800903
2010-04-03,0.5152193903923035
2010-04-04,0.5144076943397522
2010-04-05,0.5136139988899231
2010-04-06,0.5128377676010132
2010-04-07,0.5120786428451538
2010-04-08,0.511336088180542
2010-04-09,0.5106098055839539
2010-04-10,0.5098992586135864
2010-04-11,0.5092042088508606
2010-04-12,0.5085241198539734
2010-04-13,0.5172566175460815
2010-04-14,0.5742011666297913
2010-04-15,0.6050012707710266
2010-04-16,1.1202548742294312
2010-04-17,2.2919411659240723
2010-04-18,3.9935388565063477
2010-04-19,4.198758602142334
2010-04-20,3.3489933013916016
2010-04-21,2.9124484062194824
2010-04-22,2.6504528522491455
2010-04-23,2.4283671379089355
2010-04-24,2.207994222640991
2010-04-25,2.035468101501465
2010-04-26,1.891585350036621
2010-04-27,1.7696855068206787
2010-04-28,1.6651668548583984
2010-04-29,1.5744928121566772
2010-04-30,1.4949930906295776
2010-05-01,1.4247747659683228
2010-05-02,1.3624173402786255
2010-05-03,1.3067325353622437
2010-05-04,1.2567352056503296
2010-05-05,1.2116107940673828
2010-05-06,1.1707022190093994
2010-05-07,1.133461833000183
2010-05-08,1.0994296073913574
2010-05-09,1.068220615386963
2010-05-10,1.055005669593811
2010-05-11,1.0482666492462158
2010-05-12,1.0226422548294067
2010-05-13,1.0029985904693604
2010-05-14,0.9967747926712036
2010-05-15,0.9899265766143799
2010-05-16,0.9716176986694336
2010-05-17,0.9455556869506836
2010-05-18,1.4651843309402466
2010-05-19,1.8025691509246826
2010-05-20,1.53462553024292
2010-05-21,1.4670151472091675
2010-05-22,1.4069815874099731
2010-05-23,1.3440048694610596
2010-05-24,1.2902058362960815
2010-05-25,1.2418394088745117
2010-05-26,1.1981217861175537
2010-05-27,1.1584378480911255
2010-05-28,1.1222716569900513
2010-05-29,1.089184284210205
2010-05-30,1.058807373046875
2010-05-31,1.0308308601379395
2010-06-01,1.0049864053726196
2010-06-02,0.9810428023338318
2010-06-03,1.0353633165359497
2010-06-04,1.064764142036438
2010-06-05,1.008095145225525
2010-06-06,0.9835261106491089
2010-06-07,0.9611440896987915
2010-06-08,0.9630167484283447
2010-06-09,0.9585109949111938
2010-06-10,0.9290531873703003
2010-06-11,0.9102022647857666
2010-06-12,0.8926820158958435
2010-06-13,0.8762401342391968
2010-06-14,0.8607832193374634
2010-06-15,0.8462278842926025
2010-06-16,0.8340404033660889
2010-06-17,0.8221178650856018
2010-06-18,0.8090482950210571
2010-06-19,0.7973251938819885
2010-06-20,0.7862175107002258
2010-06-21,0.7756703495979309
2010-06-22,0.7656434774398804
2010-06-23,0.7561007142066956
2010-06-24,0.7470089793205261
2010-06-25,0.7383381724357605
2010-06-26,0.730060875415802
2010-06-27,0.7221518158912659
2010-06-28,0.7145881056785583
2010-06-29,0.7151596546173096
2010-06-30,0.7385338544845581
2010-07-01,3.1241469383239746
2010-07-02,5.6271071434021
2010-07-03,4.6116838455200195
2010-07-04,3.6931302547454834
2010-07-05,3.153514862060547
2010-07-06,6.795538425445557
2010-07-07,8.855352401733398
2010-07-08,8.185333251953125
2010-07-09,16.524824142456055
2010-07-10,12.662386894226074
2010-07-11,7.333622932434082
2010-07-12,5.343498706817627
2010-07-13,4.260594367980957
2010-07-14,3.5696303844451904
2010-07-15,3.0871899127960205
2010-07-16,2.7297916412353516
2010-07-17,2.4537601470947266
2010-07-18,2.233833074569702
2010-07-19,2.054389238357544
2010-07-20,1.9052273035049438
2010-07-21,1.7793521881103516
2010-07-22,2.496555805206299
2010-07-23,15.671433448791504
2010-07-24,14.43881607055664
2010-07-25,7.773155212402344
2010-07-26,5.520382881164551
2010-07-27,4.816613674163818
2010-07-28,4.6943182945251465
2010-07-29,4.101844787597656
2010-07-30,3.4228134155273438
2010-07-31,2.9818637371063232
2010-08-01,2.651614189147949
2010-08-02,2.39375901222229
2010-08-03,2.1865358352661133
2010-08-04,2.0162861347198486
2010-08-05,1.8739513158798218
2010-08-06,1.753248691558838
2010-08-07,1.649672508239746
2010-08-08,1.559893012046814
2010-08-09,1.481386661529541
2010-08-10,1.8657563924789429
2010-08-11,2.0590226650238037
2010-08-12,1.8056702613830566
2010-08-13,1.691329836845398
2010-08-14,1.5949392318725586
2010-08-15,1.5112881660461426
2010-08-16,1.4380384683609009
2010-08-17,1.3733985424041748
2010-08-18,1.3159555196762085
2010-08-19,1.2645847797393799
2010-08-20,1.2183862924575806
2010-08-21,1.1766273975372314
2010-08-22,1.1387062072753906
2010-08-23,1.1041210889816284
2010-08-24,1.0724540948867798
2010-08-25,1.0433547496795654
2010-08-26,1.0165269374847412
2010-08-27,0.9917172193527222
2010-08-28,0.968707799911499
2010-08-29,0.9473114609718323
2010-08-30,0.9273661375045776
2010-08-31,0.9087308049201965
2010-09-01,0.8912821412086487
2010-09-02,0.874911904335022
2010-09-03,0.8970383405685425
2010-09-04,1.3395901918411255
2010-09-05,1.5956162214279175
2010-09-06,1.376187801361084
2010-09-07,1.5120903253555298
2010-09-08,1.5759074687957764
2010-09-09,1.443961262702942
2010-09-10,1.3787072896957397
2010-09-11,1.3213789463043213
2010-09-12,1.269964575767517
2010-09-13,1.2236220836639404
2010-09-14,1.181652545928955
2010-09-15,1.1434825658798218
2010-09-16,1.1086342334747314
2010-09-17,1.0767039060592651
2010-09-18,1.1872777938842773
2010-09-19,1.5099645853042603
2010-09-20,2.031132221221924
2010-09-21,4.994283199310303
2010-09-22,7.1319899559021
2010-09-23,5.690035343170166
2010-09-24,4.354211807250977
2010-09-25,4.649864196777344
2010-09-26,8.978718757629395
2010-09-27,8.310962677001953
2010-09-28,5.635127067565918
2010-09-29,4.413897514343262
2010-09-30,3.667325735092163
2010-10-01,3.1580686569213867
2010-10-02,2.786635398864746
2010-10-03,2.502748966217041
2010-10-04,2.2798168659210205
2010-10-05,2.1008386611938477
2010-10-06,1.9523165225982666
2010-10-07,1.8261643648147583
2010-10-08,1.7178930044174194
2010-10-09,1.6238884925842285
2010-10-10,1.5414177179336548
2010-10-11,1.468470573425293
2010-10-12,1.4035147428512573
2010-10-13,1.345333456993103
2010-10-14,1.292971134185791
2010-10-15,1.2456517219543457
2010-10-16,1.202697992324829
2010-10-17,1.1635404825210571
2010-10-18,1.1277059316635132
2010-10-19,1.0947964191436768
2010-10-20,1.0644811391830444
2010-10-21,1.0364806652069092
2010-10-22,1.0105499029159546
2010-10-23,0.9864766597747803
2010-10-24,0.9640764594078064
2010-10-25,0.9431866407394409
2010-10-26,0.9236635565757751
2010-10-27,0.9053835272789001
2010-10-28,0.9761527180671692
2010-10-29,1.052137017250061
2010-10-30,1.015015959739685
2010-10-31,0.9779308438301086
2010-11-01,0.9560723304748535
2010-11-02,0.9358372092247009
2010-11-03,0.9168987274169922
2010-11-04,0.8991422057151794
2010-11-05,0.8824664950370789
2010-11-06,0.8667833805084229
2010-11-07,0.8520064353942871
2010-11-08,0.8380591869354248
2010-11-09,0.8248757719993591
2010-11-10,0.8123973608016968
2010-11-11,0.8005706667900085
2010-11-12,0.7893480658531189
2010-11-13,0.7890966534614563
2010-11-14,0.7861394882202148
2010-11-15,0.7709546089172363
2010-11-16,0.7611299157142639
2010-11-17,0.7518391013145447
2010-11-18,0.7429774403572083
2010-11-19,0.7345178127288818
2010-11-20,0.7264357209205627
2010-11-21,0.7187066078186035
2010-11-22,0.7113076448440552
2010-11-23,0.7042202353477478
2010-11-24,0.6974263787269592
2010-11-25,0.6909093260765076
2010-11-26,0.6846538186073303
2010-11-27,0.6786457896232605
2010-11-28,0.6728715896606445
2010-11-29,0.6673183441162109
2010-11-30,0.6619744896888733
2010-12-01,0.6568294763565063
2010-12-02,0.6518732905387878
2010-12-03,0.6470962166786194
2010-12-04,0.6424894332885742
2010-12-05,0.6380447149276733
2010-12-06,0.6337544322013855
2010-12-07,0.6296113133430481
2010-12-08,0.6256084442138672
2010-12-09,0.6217395663261414
2010-12-10,0.6179986000061035
2010-12-11,0.6143797636032104
2010-12-12,0.6108778715133667
2010-12-13,0.6074877977371216
2010-12-14,0.6042048931121826
2010-12-15,0.6010245680809021
2010-12-16,0.5979426503181458
2010-12-17,0.5949550271034241
2010-12-18,0.5920579433441162
2010-12-19,0.5892478227615356
2010-12-20,0.5865212082862854
2010-12-21,0.5838748812675476
2010-12-22,0.5813058018684387
2010-12-23,0.5788109302520752
2010-12-24,0.5763875842094421
2010-12-25,0.5740330219268799
2010-12-26,0.5717448592185974
2010-12-27,0.5695205926895142
2010-12-28,0.5673579573631287
2010-12-29,0.5652547478675842
2010-12-30,0.5632088780403137
2010-12-31,0.5612184405326843
